type,lots,original_position_size,symbol,opening_price,closing_price,stop_loss,take_profit,commission_usd,swap_usd,profit_usd,close_reason,opening_time_bd,closing_time_bd
sell,0.01,0.01,XAUUSD,4328.29,4330.277,4332.349,4302.701,-0.11,0,-1.99,user,2025-12-31 15:51:50.188,2025-12-31 16:02:50.048
buy,0.02,0.02,XAUUSD,4330.075,4328.599,4328.599,4335.461,-0.22,0,-2.95,sl,2025-12-31 16:05:00.413,2025-12-31 16:08:06.693
sell,0.01,0.01,XAUUSD,4328.34,4330.138,4329.943,,-0.11,0,-1.8,sl,2025-12-31 16:10:25.095,2025-12-31 16:16:56.896
sell,0.01,0.01,XAUUSD,4326.082,4318.48,4325.704,4318.48,-0.11,0,7.6,tp,2025-12-31 16:23:09.343,2025-12-31 16:30:01.244
sell,0.01,0.01,XAUUSD,4310.353,4308.76,4312.888,,-0.11,0,1.59,user,2025-12-31 16:39:57.796,2025-12-31 16:41:30.574
sell,0.01,0.01,XAUUSD,4307.755,4308.818,4311.436,4289.786,-0.11,0,-1.06,user,2025-12-31 16:37:04.495,2025-12-31 17:01:13.013
sell,0.01,0.01,XAUUSD,4307.242,4305.684,4309.611,4291.948,-0.11,0,1.56,user,2025-12-31 17:02:12.041,2025-12-31 17:04:13.260
buy,0.01,0.01,XAUUSD,4314.92,4312.1,4312.1,4324.526,-0.11,0,-2.82,sl,2025-12-31 17:14:02.534,2025-12-31 17:18:47.783
sell,0.01,0.01,XAUUSD,4312.392,4311.281,4313.279,4309.076,-0.11,0,1.11,user,2025-12-31 17:32:47.167,2025-12-31 17:34:37.945
sell,0.01,0.01,XAUUSD,4311.823,4313.654,4315.759,4278.185,-0.11,0,-1.83,user,2025-12-31 17:25:55.673,2025-12-31 17:38:23.472
sell,0.01,0.01,XAUUSD,4312.57,4314.848,4314.848,,-0.11,0,-2.28,sl,2025-12-31 17:48:56.884,2025-12-31 17:49:56.168
buy,0.02,0.02,XAUUSD,4315.673,4313.466,4313.466,,-0.22,0,-4.42,sl,2025-12-31 17:50:46.349,2025-12-31 17:51:03.792
sell,0.01,0.01,XAUUSD,4312.486,4310.763,4315.948,,-0.11,0,1.73,user,2025-12-31 17:54:19.810,2025-12-31 18:00:30.707
sell,0.01,0.01,XAUUSD,4310.691,4308.776,4312.825,4308.23,-0.11,0,1.91,user,2025-12-31 18:03:23.428,2025-12-31 18:05:10.123
sell,0.01,0.01,XAUUSD,4307.922,4310.649,4310.649,,-0.11,0,-2.73,sl,2025-12-31 18:07:31.688,2025-12-31 18:08:44.664
buy,0.01,0.01,XAUUSD,4311.149,4308.924,4309.402,4317.085,-0.11,0,-2.23,sl,2025-12-31 18:09:16.497,2025-12-31 18:09:39.983
sell,0.02,0.02,XAUUSD,4309.262,4311.467,4311.467,4296.184,-0.22,0,-4.41,sl,2025-12-31 18:09:49.451,2025-12-31 18:11:56.570
buy,0.02,0.02,XAUUSD,4310.404,4308.393,4308.393,,-0.22,0,-4.02,sl,2025-12-31 18:12:13.483,2025-12-31 18:12:42.666
sell,0.03,0.03,XAUUSD,4309.12,4310.2,4311.134,4305.184,-0.33,0,-3.24,user,2025-12-31 18:13:27.129,2025-12-31 18:16:01.815
sell,0.01,0.02,XAUUSD,4307.996,4306.633,4315.084,4288.501,,0,1.37,user,2025-12-31 18:17:42.272,2025-12-31 18:23:35.341
sell,0.01,0.01,XAUUSD,4306.919,4306.598,4307.644,,-0.11,0,0.32,user,2025-12-31 18:28:40.510,2025-12-31 18:29:31.453
sell,0.01,0.01,XAUUSD,4303.613,4307.53,4307.53,,-0.11,0,-3.92,sl,2025-12-31 18:25:05.658,2025-12-31 18:29:52.268
sell,0.01,0.02,XAUUSD,4307.996,4309.571,4315.084,4288.501,-0.22,0,-1.57,user,2025-12-31 18:17:42.272,2025-12-31 18:30:56.026
buy,0.01,0.03,XAUUSD,4310.385,4310.859,4307.527,,,0,0.47,user,2025-12-31 18:31:21.847,2025-12-31 18:31:44.717
buy,0.02,0.03,XAUUSD,4310.385,4309.871,4307.527,,-0.33,0,-1.03,user,2025-12-31 18:31:21.847,2025-12-31 18:32:21.184
sell,0.01,0.03,XAUUSD,4308.455,4309.608,4311.473,4303.626,,0,-1.15,user,2025-12-31 18:33:09.132,2025-12-31 18:34:05.316
sell,0.02,0.03,XAUUSD,4308.455,4310.741,4311.473,4303.626,-0.33,0,-4.57,user,2025-12-31 18:33:09.132,2025-12-31 18:34:17.598
sell,0.02,0.02,XAUUSD,4312.988,4315.849,4315.359,,-0.22,0,-5.72,sl,2025-12-31 18:59:34.682,2025-12-31 19:00:15.725
sell,0.01,0.01,XAUUSD,4314.823,4315.425,4318.221,,-0.11,0,-0.61,user,2025-12-31 18:54:06.207,2025-12-31 19:02:05.365
sell,0.01,0.02,XAUUSD,4313.282,4309.363,4313.078,,,0,3.92,user,2025-12-31 19:04:37.763,2025-12-31 19:06:15.642
sell,0.01,0.02,XAUUSD,4313.282,4311.463,4313.078,,-0.22,0,1.82,user,2025-12-31 19:04:37.763,2025-12-31 19:07:26.169
sell,0.01,0.01,XAUUSD,4311.43,4310.031,4317.587,,-0.11,0,1.4,user,2025-12-31 19:10:29.516,2025-12-31 19:11:12.305
sell,0.01,0.01,XAUUSD,4311.455,4311.07,4313.221,4306.802,-0.11,0,0.39,user,2025-12-31 19:09:30.547,2025-12-31 19:11:52.269
sell,0.01,0.01,XAUUSD,4314.449,4316.842,4316.53,4308.774,-0.11,0,-2.39,sl,2025-12-31 19:17:41.133,2025-12-31 19:20:39.252
buy,0.01,0.03,XAUUSD,4316.743,4319.885,4319.668,4330.774,,0,3.15,user,2025-12-31 19:20:48.078,2025-12-31 19:21:49.557
buy,0.01,0.03,XAUUSD,4316.743,4320.4220000000005,4319.668,4330.774,,0,3.68,user,2025-12-31 19:20:48.078,2025-12-31 19:22:27.307
buy,0.01,0.03,XAUUSD,4316.743,4322.898,4319.668,4330.774,-0.33,0,6.16,user,2025-12-31 19:20:48.078,2025-12-31 19:23:39.140
buy,0.01,0.01,XAUUSD,4325.368,4325.6,4319.504,,-0.11,0,0.23,user,2025-12-31 19:26:06.650,2025-12-31 19:26:22.210
buy,0.01,0.01,XAUUSD,4325.128,4329.871,4325.967,4333.121,-0.11,0,4.74,user,2025-12-31 19:26:29.921,2025-12-31 19:32:04.483
buy,0.01,0.01,XAUUSD,4342.007,4339.845,4338.254,4349.676,-0.11,0,-2.16,user,2025-12-31 19:51:49.907,2025-12-31 19:52:09.474
buy,0.01,0.01,XAUUSD,4343.135,4343.918,4338.996,4349.273,-0.11,0,0.78,user,2025-12-31 19:53:46.468,2025-12-31 19:55:12.220
buy,0.01,0.01,XAUUSD,4345.154,4346.031,,,-0.11,0,0.88,user,2025-12-31 19:56:17.201,2025-12-31 19:56:51.825
buy,0.01,0.01,XAUUSD,4338.721,4344.133,4339.868,4348.176,-0.11,0,5.41,user,2025-12-31 20:08:10.650,2025-12-31 20:17:05.711
buy,0.01,0.01,XAUUSD,4339.525,4336.655,4336.655,,-0.11,0,-2.87,sl,2025-12-31 20:24:31.962,2025-12-31 20:25:15.748
sell,0.01,0.01,XAUUSD,4334.664,4340.486,4340.23,4314.27,-0.11,0,-5.83,sl,2025-12-31 20:26:42.210,2025-12-31 20:30:38.839
buy,0.01,0.02,XAUUSD,4342.719,4346.481,4342.38,4352.744,,0,3.76,user,2025-12-31 20:32:23.188,2025-12-31 20:33:02.259
buy,0.01,0.02,XAUUSD,4342.719,4342.38,4342.38,4352.744,-0.22,0,-0.34,sl,2025-12-31 20:32:23.188,2025-12-31 20:35:38.779
buy,0.01,0.01,XAUUSD,4337.702,4333.44,4333.44,4346.931,-0.11,0,-4.26,sl,2025-12-31 20:40:37.226,2025-12-31 20:41:24.559
buy,0.01,0.01,XAUUSD,4332.991,4334.11,,,-0.11,0,1.12,user,2025-12-31 20:41:25.567,2025-12-31 20:41:33.190
buy,0.02,0.02,XAUUSD,4334.412,4337.383,,,-0.22,0,5.95,user,2025-12-31 20:41:44.387,2025-12-31 20:41:59.996
buy,0.01,0.01,XAUUSD,4338.232,4344.189,4338.57,4346.807,-0.11,0,5.96,user,2025-12-31 20:42:53.233,2025-12-31 20:45:20.103
buy,0.01,0.01,XAUUSD,4348.846,4348.183,4343.047,4355.126,-0.11,0,-0.67,user,2025-12-31 20:47:28.852,2025-12-31 20:47:58.927
buy,0.01,0.01,XAUUSD,4345.481,4345.984,4342.882,,-0.11,0,0.5,user,2025-12-31 20:49:14.983,2025-12-31 20:50:20.170
buy,0.01,0.01,XAUUSD,4347.028,4343.934,4344.389,4355.291,-0.11,0,-3.1,sl,2026-01-02 06:07:06.625,2026-01-02 06:20:04.087
buy,0.01,0.01,XAUUSD,4346.522,4348.763,4343.465,4354.909,-0.11,0,2.24,user,2026-01-02 06:28:20.894,2026-01-02 06:39:59.871
buy,0.01,0.02,XAUUSD,4349.8,4349.701,4348.701,,,0,-0.1,user,2026-01-02 06:43:08.171,2026-01-02 06:43:24.796
buy,0.01,0.02,XAUUSD,4349.8,4351.217,4348.701,,-0.22,0,1.42,user,2026-01-02 06:43:08.171,2026-01-02 06:50:51.338
buy,0.01,0.01,XAUUSD,4352.002,4353.476,4348.571,,-0.11,0,1.48,user,2026-01-02 06:51:53.713,2026-01-02 07:01:29.393
buy,0.01,0.01,XAUUSD,4349.828,4348.45,4346.387,4354.782,-0.11,0,-1.38,user,2026-01-02 07:11:50.359,2026-01-02 07:14:10.629
buy,0.01,0.01,XAUUSD,4349.202,4347.928,4346.387,,-0.11,0,-1.27,user,2026-01-02 07:20:11.322,2026-01-02 07:20:53.874
sell,0.01,0.01,XAUUSD,4347.575,4345.228,4349.986,4337.449,-0.11,0,2.35,user,2026-01-02 07:22:18.804,2026-01-02 07:26:13.000
buy,0.01,0.01,XAUUSD,4349.268,4349.481,4346.477,4354.897,-0.11,0,0.21,user,2026-01-02 07:29:32.506,2026-01-02 07:32:03.077
buy,0.01,0.01,XAUUSD,4350.473,4349.312,4348.715,4354.673,-0.11,0,-1.16,user,2026-01-02 07:33:01.827,2026-01-02 07:36:40.547
buy,0.01,0.01,XAUUSD,4349.456,4348.166,4348.166,,-0.11,0,-1.29,sl,2026-01-02 07:40:11.564,2026-01-02 07:40:52.399
sell,0.01,0.01,XAUUSD,4348.964,4346.518,4350.062,4346.518,-0.11,0,2.44,tp,2026-01-02 07:41:06.379,2026-01-02 07:41:59.188
buy,0.01,0.01,XAUUSD,4352.623,4349.57,4349.57,4359.619,-0.11,0,-3.05,sl,2026-01-02 07:50:05.099,2026-01-02 07:55:43.974
buy,0.01,0.01,XAUUSD,4349.0,4349.139,4349.139,4354.724,-0.11,0,0.14,sl,2026-01-02 08:01:02.249,2026-01-02 08:05:18.420
sell,0.01,0.01,XAUUSD,4347.121,4346.907,4349.771,4340.537,-0.11,0,0.21,user,2026-01-02 08:09:12.901,2026-01-02 08:13:04.498
buy,0.01,0.01,XAUUSD,4347.333,4345.358,4345.645,4351.253,-0.11,0,-1.97,sl,2026-01-02 08:15:25.986,2026-01-02 08:17:02.626
buy,0.01,0.02,XAUUSD,4346.537,4347.678,4345.599,4350.681,,0,1.14,user,2026-01-02 08:18:16.138,2026-01-02 08:18:59.721
buy,0.01,0.02,XAUUSD,4346.537,4345.599,4345.599,4350.681,-0.22,0,-0.94,sl,2026-01-02 08:18:16.138,2026-01-02 08:20:52.786
buy,0.01,0.01,XAUUSD,4347.261,4350.71,4344.879,4353.491,-0.11,0,3.45,user,2026-01-02 08:26:21.265,2026-01-02 08:35:37.289
buy,0.01,0.01,XAUUSD,4358.881,4358.717,4354.029,4371.02,-0.11,0,-0.16,user,2026-01-02 08:52:33.409,2026-01-02 08:55:40.962
buy,0.01,0.01,XAUUSD,4362.611,4361.18,4357.711,4369.391,-0.11,0,-1.43,user,2026-01-02 08:57:20.562,2026-01-02 08:57:33.183
buy,0.01,0.01,XAUUSD,4363.923,4364.352,4359.413,4409.82,-0.11,0,0.43,user,2026-01-02 09:00:27.585,2026-01-02 09:05:21.168
buy,0.01,0.01,XAUUSD,4381.494,4379.246,4379.246,4385.118,-0.11,0,-2.24,sl,2026-01-02 11:55:49.133,2026-01-02 12:00:30.996
sell,0.01,0.01,XAUUSD,4376.668,4375.694,4381.282,4369.602,-0.11,0,0.98,user,2026-01-02 12:38:22.926,2026-01-02 12:40:26.017
sell,0.01,0.01,XAUUSD,4377.979,4374.821,4378.614,4370.704,-0.11,0,3.16,user,2026-01-02 12:25:13.295,2026-01-02 12:45:42.155
sell,0.01,0.01,XAUUSD,4374.57,4376.351,4377.31,4367.521,-0.11,0,-1.78,user,2026-01-02 12:47:27.080,2026-01-02 12:52:49.125
buy,0.01,0.01,XAUUSD,4375.74,4373.9980000000005,4373.412,4382.574,-0.11,0,-1.74,user,2026-01-02 12:53:14.889,2026-01-02 12:55:37.211
sell,0.01,0.01,XAUUSD,4373.933,4378.043,4378.369,4354.656,-0.11,0,-4.11,user,2026-01-02 12:55:48.879,2026-01-02 13:14:59.651
buy,0.01,0.02,XAUUSD,4376.707,4375.594,4374.565,4381.138,,0,-1.12,user,2026-01-02 13:15:22.533,2026-01-02 13:16:26.601
buy,0.01,0.02,XAUUSD,4376.707,4374.565,4374.565,4381.138,-0.22,0,-2.14,sl,2026-01-02 13:15:22.533,2026-01-02 13:18:13.133
buy,0.02,0.02,XAUUSD,4383.82,4381.582,4381.582,4390.782,-0.22,0,-4.48,sl,2026-01-02 14:04:03.595,2026-01-02 14:05:31.203
buy,0.01,0.02,XAUUSD,4383.87,4385.417,4382.69,4406.493,,0,1.55,user,2026-01-02 14:06:26.728,2026-01-02 14:08:13.728
buy,0.01,0.01,XAUUSD,4385.731,4385.732,4384.561,4392.767,-0.11,0,0.0,user,2026-01-02 14:10:07.257,2026-01-02 14:11:03.263
buy,0.01,0.02,XAUUSD,4383.87,4383.326,4382.69,4406.493,-0.22,0,-0.54,user,2026-01-02 14:06:26.728,2026-01-02 14:18:29.054
buy,0.01,0.02,XAUUSD,4382.361,4383.767,4383.669,4404.514,,0,1.41,user,2026-01-02 14:21:27.322,2026-01-02 14:23:47.836
buy,0.01,0.02,XAUUSD,4382.361,4385.666,4383.669,4404.514,-0.22,0,3.31,user,2026-01-02 14:21:27.322,2026-01-02 14:31:42.860
buy,0.01,0.01,XAUUSD,4387.922,4391.219,4385.858,4404.214,-0.11,0,3.3,user,2026-01-02 14:34:23.187,2026-01-02 14:46:06.470
sell,0.01,0.01,XAUUSD,4321.819,4317.3060000000005,4324.354,4314.035,-0.11,0,4.51,user,2026-01-02 22:28:26.819,2026-01-02 22:31:11.530
sell,0.01,0.01,XAUUSD,4320.399,4324.284,4324.284,,-0.11,0,-3.88,sl,2026-01-02 22:37:01.498,2026-01-02 22:37:33.564
sell,0.01,0.01,XAUUSD,4324.066,4325.441,4325.441,4314.556,-0.11,0,-1.37,sl,2026-01-02 22:37:44.441,2026-01-02 22:41:22.611
sell,0.01,0.01,XAUUSD,4323.743,4327.219,4328.26,4313.637,-0.11,0,-3.48,user,2026-01-02 22:45:45.294,2026-01-02 22:47:19.880
sell,0.01,0.01,XAUUSD,4324.302,4327.589,4327.589,4313.18,-0.11,0,-3.29,sl,2026-01-02 22:49:06.555,2026-01-02 23:00:23.914
buy,0.01,0.01,XAUUSD,4358.038,4369.0830000000005,4359.055,4371.678,-0.11,0,11.04,user,2026-01-05 05:09:28.578,2026-01-05 05:13:44.728
buy,0.01,0.01,XAUUSD,4367.543,4365.304,4361.321,4374.413,-0.11,0,-2.24,user,2026-01-05 05:20:29.329,2026-01-05 05:21:44.203
sell,0.01,0.01,XAUUSD,4364.917,4368.268,4366.992,4358.377,-0.11,0,-3.35,sl,2026-01-05 05:22:44.360,2026-01-05 05:22:49.484
buy,0.01,0.02,XAUUSD,4368.538,4366.4130000000005,4365.787,4374.397,,0,-2.13,user,2026-01-05 05:23:03.437,2026-01-05 05:23:44.487
buy,0.01,0.02,XAUUSD,4368.538,4365.787,4365.787,4374.397,-0.22,0,-2.75,sl,2026-01-05 05:23:03.437,2026-01-05 05:24:46.777
sell,0.02,0.02,XAUUSD,4365.586,4367.041,4367.041,4360.666,-0.22,0,-2.91,sl,2026-01-05 05:25:02.059,2026-01-05 05:27:23.944
buy,0.02,0.02,XAUUSD,4365.067,4362.193,4362.193,4367.538,-0.22,0,-5.74,sl,2026-01-05 05:30:45.279,2026-01-05 05:31:16.778
buy,0.02,0.02,XAUUSD,4355.723,4357.733,4352.388,4357.733,-0.22,0,4.02,tp,2026-01-05 05:34:18.214,2026-01-05 05:34:38.944
buy,0.02,0.02,XAUUSD,4356.798,4357.072,4354.085,4360.339,-0.22,0,0.54,user,2026-01-05 05:35:39.906,2026-01-05 05:36:03.492
buy,0.01,0.01,XAUUSD,4359.006,4362.8240000000005,4361.897,4365.67,-0.11,0,3.81,user,2026-01-05 05:37:45.538,2026-01-05 05:42:03.990
buy,0.01,0.01,XAUUSD,4362.451,4365.385,4363.07,4369.545,-0.11,0,2.94,user,2026-01-05 05:44:34.015,2026-01-05 05:48:13.987
buy,0.02,0.02,XAUUSD,4369.207,4368.668,4365.769,4372.665,-0.22,0,-1.07,user,2026-01-05 05:49:24.005,2026-01-05 05:49:26.527
sell,0.01,0.01,XAUUSD,4373.659,4375.693,4374.92,4366.303,-0.11,0,-2.03,sl,2026-01-05 05:52:02.886,2026-01-05 05:52:52.521
buy,0.02,0.02,XAUUSD,4374.53,4372.546,4372.546,4382.558,-0.22,0,-3.97,sl,2026-01-05 05:53:29.551,2026-01-05 05:54:15.829
buy,0.01,0.02,XAUUSD,4373.655,4375.541,4371.636,4388.562,,0,1.88,user,2026-01-05 05:54:41.746,2026-01-05 05:57:54.173
buy,0.01,0.02,XAUUSD,4373.655,4373.929,4371.636,4388.562,-0.22,0,0.27,user,2026-01-05 05:54:41.746,2026-01-05 05:58:58.941
buy,0.01,0.01,XAUUSD,4373.707,4374.68,4371.522,4379.953,-0.11,0,0.97,user,2026-01-05 06:00:22.718,2026-01-05 06:01:15.707
buy,0.01,0.01,XAUUSD,4374.399,4373.604,4372.119,4405.079,-0.11,0,-0.8,user,2026-01-05 06:01:25.626,2026-01-05 06:02:16.539
buy,0.02,0.02,XAUUSD,4372.185,4371.618,4371.01,4378.868,-0.22,0,-1.13,user,2026-01-05 06:04:43.906,2026-01-05 06:04:55.564
sell,0.02,0.02,XAUUSD,4370.46,4371.784,4371.784,4368.327,-0.22,0,-2.65,sl,2026-01-05 06:05:05.614,2026-01-05 06:05:26.427
buy,0.02,0.02,XAUUSD,4373.55,4371.636,4371.636,4380.665,-0.22,0,-3.83,sl,2026-01-05 06:06:47.313,2026-01-05 06:07:50.926
sell,0.03,0.03,XAUUSD,4372.343,4374.603,4374.332,4365.728,-0.33,0,-6.78,sl,2026-01-05 06:09:02.224,2026-01-05 06:09:53.442
buy,0.01,0.03,XAUUSD,4375.502,4379.71,4371.984,4404.522,,0,4.21,user,2026-01-05 06:09:58.107,2026-01-05 06:14:24.201
buy,0.01,0.01,XAUUSD,4378.696,4384.609,4372.156,4389.447,-0.11,0,5.91,user,2026-01-05 06:15:22.311,2026-01-05 06:22:57.247
buy,0.01,0.03,XAUUSD,4375.502,4384.476,4371.984,4404.522,,0,8.98,user,2026-01-05 06:09:58.107,2026-01-05 06:23:06.896
buy,0.01,0.03,XAUUSD,4375.502,4384.265,4371.984,4404.522,-0.33,0,8.77,user,2026-01-05 06:09:58.107,2026-01-05 06:24:20.095
buy,0.01,0.01,XAUUSD,4388.757,4390.9890000000005,4386.403,4393.818,-0.11,0,2.23,user,2026-01-05 06:34:35.696,2026-01-05 06:36:34.892
buy,0.01,0.01,XAUUSD,4388.363,4386.566,4386.77,4392.537,-0.11,0,-1.79,sl,2026-01-05 06:40:47.441,2026-01-05 06:40:57.855
buy,0.01,0.02,XAUUSD,4388.489,4389.082,4386.904,4406.005,,0,0.59,user,2026-01-05 06:41:36.833,2026-01-05 06:42:01.925
buy,0.01,0.02,XAUUSD,4388.489,4388.1720000000005,4386.904,4406.005,-0.22,0,-0.32,user,2026-01-05 06:41:36.833,2026-01-05 06:43:56.380
buy,0.01,0.01,XAUUSD,4387.145,4386.349,4385.295,4393.818,-0.11,0,-0.8,user,2026-01-05 06:46:53.607,2026-01-05 06:47:34.491
buy,0.01,0.01,XAUUSD,4387.704,4391.602,4385.039,4391.602,-0.11,0,3.9,tp,2026-01-05 06:48:46.728,2026-01-05 06:49:43.498
buy,0.01,0.01,XAUUSD,4390.957,4392.21,4389.46,4398.858,-0.11,0,1.25,user,2026-01-05 06:52:32.069,2026-01-05 06:56:39.707
buy,0.01,0.01,XAUUSD,4399.481,4396.928,4396.928,4404.476,-0.11,0,-2.55,sl,2026-01-05 07:00:59.558,2026-01-05 07:01:52.992
buy,0.01,0.01,XAUUSD,4408.23,4411.15,4396.928,4411.15,-0.11,0,2.92,tp,2026-01-05 07:03:31.472,2026-01-05 07:04:02.524
buy,0.01,0.01,XAUUSD,4407.615,4411.346,4394.967,4411.346,-0.11,0,3.73,tp,2026-01-05 07:06:36.615,2026-01-05 07:07:35.063
buy,0.01,0.01,XAUUSD,4409.703,4404.198,4401.778,4416.008,-0.11,0,-5.5,user,2026-01-05 07:10:09.367,2026-01-05 07:10:39.537
buy,0.01,0.02,XAUUSD,4404.102,4406.567,4396.941,4409.496,,0,2.47,user,2026-01-05 07:11:22.923,2026-01-05 07:12:08.178
buy,0.02,0.02,XAUUSD,4398.355,4400.445,4394.557,4402.488,-0.22,0,4.18,user,2026-01-05 07:13:11.669,2026-01-05 07:13:35.504
buy,0.01,0.02,XAUUSD,4404.102,4401.545,4396.941,4409.496,-0.22,0,-2.55,user,2026-01-05 07:11:22.923,2026-01-05 07:15:26.992
buy,0.02,0.02,XAUUSD,4401.98,4403.259,4396.847,4406.742,-0.22,0,2.56,user,2026-01-05 07:15:55.577,2026-01-05 07:16:16.520
buy,0.02,0.02,XAUUSD,4402.907,4398.5070000000005,4396.659,4409.161,-0.22,0,-8.8,user,2026-01-05 07:16:29.325,2026-01-05 07:18:01.619
buy,0.02,0.02,XAUUSD,4400.281,4402.569,4396.753,4403.933,-0.22,0,4.58,user,2026-01-05 07:18:13.578,2026-01-05 07:18:52.892
buy,0.02,0.02,XAUUSD,4403.942,4397.387,4397.975,4410.101,-0.22,0,-13.11,sl,2026-01-05 07:25:54.865,2026-01-05 07:27:07.449
buy,0.02,0.02,XAUUSD,4400.175,4395.482,4395.813,4414.519,-0.22,0,-9.39,sl,2026-01-05 07:26:54.105,2026-01-05 07:29:04.285
buy,0.05,0.05,XAUUSD,4398.793,4395.957,,,-0.55,0,-14.18,user,2026-01-05 07:30:14.833,2026-01-05 07:30:42.994
buy,0.03,0.05,XAUUSD,4394.308,4400.3,4387.452,4408.532,,0,17.98,user,2026-01-05 07:32:01.888,2026-01-05 07:33:58.393
buy,0.02,0.05,XAUUSD,4394.308,4398.158,4387.452,4408.532,-0.55,0,7.7,user,2026-01-05 07:32:01.888,2026-01-05 07:34:17.387
buy,0.05,0.05,XAUUSD,4396.389,4397.769,4392.192,,-0.55,0,6.9,user,2026-01-05 07:35:18.554,2026-01-05 07:35:32.989
buy,0.01,0.01,XAUUSD,4398.798,4401.811,4393.295,4409.891,-0.11,0,3.01,user,2026-01-05 07:37:22.098,2026-01-05 07:38:52.580
buy,0.05,0.05,XAUUSD,4404.731,4401.609,,,-0.55,0,-15.61,user,2026-01-05 07:40:02.424,2026-01-05 07:41:58.651
buy,0.05,0.05,XAUUSD,4399.235,4401.904,4389.273,,-0.55,0,13.34,user,2026-01-05 07:43:15.837,2026-01-05 07:44:29.173
buy,0.03,0.05,XAUUSD,4401.575,4406.612,4401.89,,,0,15.11,user,2026-01-05 07:42:07.983,2026-01-05 07:46:01.734
buy,0.02,0.05,XAUUSD,4401.575,4401.89,4401.89,,-0.55,0,0.63,sl,2026-01-05 07:42:07.983,2026-01-05 07:47:09.211
buy,0.05,0.05,XAUUSD,4401.993,4403.284,4397.839,,-0.55,0,6.45,user,2026-01-05 07:47:36.654,2026-01-05 07:48:03.939
buy,0.01,0.01,XAUUSD,4400.813,4401.438,4397.839,,-0.11,0,0.63,user,2026-01-05 07:49:37.410,2026-01-05 07:49:50.636
buy,0.01,0.01,XAUUSD,4394.061,4395.3640000000005,4393.064,4398.432,-0.11,0,1.3,user,2026-01-05 07:51:03.853,2026-01-05 07:51:39.235
buy,0.01,0.01,XAUUSD,4393.159,4395.348,4391.517,,-0.11,0,2.19,user,2026-01-05 07:52:38.565,2026-01-05 07:53:08.702
buy,0.01,0.01,XAUUSD,4399.213,4398.2080000000005,4395.469,4411.274,-0.11,0,-1.0,user,2026-01-05 07:54:31.341,2026-01-05 07:55:12.691
buy,0.01,0.01,XAUUSD,4399.419,4397.589,4393.098,4411.373,-0.11,0,-1.83,user,2026-01-05 07:55:32.906,2026-01-05 07:56:08.196
buy,0.01,0.02,XAUUSD,4399.838,4401.31,4398.531,4423.885,,0,1.47,user,2026-01-05 07:57:02.044,2026-01-05 07:58:45.545
buy,0.01,0.02,XAUUSD,4399.838,4398.531,4398.531,4423.885,-0.22,0,-1.31,sl,2026-01-05 07:57:02.044,2026-01-05 08:01:58.869
buy,0.01,0.02,XAUUSD,4397.338,4397.106,4391.221,,,0,-0.23,user,2026-01-05 08:02:52.062,2026-01-05 08:03:07.534
buy,0.01,0.02,XAUUSD,4397.338,4398.459,4391.221,,-0.22,0,1.12,user,2026-01-05 08:02:52.062,2026-01-05 08:04:54.667
buy,0.01,0.01,XAUUSD,4399.263,4396.719,4395.765,,-0.11,0,-2.54,user,2026-01-05 08:05:11.855,2026-01-05 08:05:53.830
buy,0.01,0.01,XAUUSD,4393.37,4393.956,4392.505,,-0.11,0,0.59,user,2026-01-05 08:07:03.690,2026-01-05 08:07:29.608
buy,0.01,0.01,XAUUSD,4390.315,4392.512,4388.638,,-0.11,0,2.19,user,2026-01-05 08:10:12.323,2026-01-05 08:10:26.218
buy,0.01,0.01,XAUUSD,4393.879,4394.528,4392.03,,-0.11,0,0.65,user,2026-01-05 08:14:09.928,2026-01-05 08:14:21.475
buy,0.01,0.01,XAUUSD,4393.557,4394.435,4392.605,,-0.11,0,0.88,user,2026-01-05 08:15:05.599,2026-01-05 08:15:12.951
buy,0.01,0.01,XAUUSD,4396.147,4394.968,4394.968,,-0.11,0,-1.18,sl,2026-01-05 08:19:01.464,2026-01-05 08:19:39.409
buy,0.01,0.01,XAUUSD,4395.854,4395.196,4395.196,,-0.11,0,-0.65,sl,2026-01-05 08:20:39.643,2026-01-05 08:20:51.655
buy,0.01,0.01,XAUUSD,4395.628,4394.548,4394.548,,-0.11,0,-1.08,sl,2026-01-05 08:21:01.424,2026-01-05 08:21:31.230
buy,0.01,0.01,XAUUSD,4395.49,4395.85,4394.247,,-0.11,0,0.36,user,2026-01-05 08:22:53.779,2026-01-05 08:23:07.528
buy,0.01,0.01,XAUUSD,4395.207,4396.282,4394.544,4396.282,-0.11,0,1.07,tp,2026-01-05 08:24:01.975,2026-01-05 08:24:36.475
buy,0.01,0.01,XAUUSD,4403.714,4404.843,4400.766,4409.546,-0.11,0,1.13,user,2026-01-05 08:30:06.662,2026-01-05 08:31:13.228
buy,0.01,0.01,XAUUSD,4405.971,4404.84,4400.621,4419.478,-0.11,0,-1.13,user,2026-01-05 08:32:02.826,2026-01-05 08:33:06.081
buy,0.01,0.01,XAUUSD,4402.446,4402.781,4400.481,,-0.11,0,0.33,user,2026-01-05 08:34:33.327,2026-01-05 08:34:58.206
buy,0.01,0.01,XAUUSD,4403.92,4404.034,4400.041,,-0.11,0,0.11,user,2026-01-05 08:35:23.872,2026-01-05 08:35:26.608
buy,0.01,0.01,XAUUSD,4403.148,4403.8060000000005,4401.714,,-0.11,0,0.66,user,2026-01-05 08:35:40.938,2026-01-05 08:35:45.509
buy,0.01,0.01,XAUUSD,4403.818,4404.116,4401.714,,-0.11,0,0.3,user,2026-01-05 08:36:35.216,2026-01-05 08:36:42.710
buy,0.01,0.01,XAUUSD,4403.94,4403.979,4401.925,,-0.11,0,0.04,user,2026-01-05 08:36:55.851,2026-01-05 08:37:01.585
buy,0.01,0.01,XAUUSD,4404.678,4404.124,4403.333,,-0.11,0,-0.56,user,2026-01-05 08:37:13.760,2026-01-05 08:37:35.604
buy,0.01,0.01,XAUUSD,4403.718,4403.505,4400.851,,-0.11,0,-0.21,user,2026-01-05 08:37:45.943,2026-01-05 08:38:02.139
buy,0.01,0.01,XAUUSD,4404.068,4403.24,,,-0.11,0,-0.83,user,2026-01-05 08:39:09.446,2026-01-05 08:39:20.448
buy,0.01,0.01,XAUUSD,4402.547,4404.467,4400.943,,-0.11,0,1.92,user,2026-01-05 08:39:50.476,2026-01-05 08:41:01.612
buy,0.01,0.01,XAUUSD,4403.99,4402.611,,,-0.11,0,-1.38,user,2026-01-05 08:41:55.899,2026-01-05 08:42:26.487
buy,0.01,0.01,XAUUSD,4403.781,4404.944,,,-0.11,0,1.16,user,2026-01-05 08:42:44.660,2026-01-05 08:43:03.618
buy,0.01,0.01,XAUUSD,4401.126,4401.863,4400.481,,-0.11,0,0.73,user,2026-01-05 08:44:07.919,2026-01-05 08:44:13.535
buy,0.01,0.01,XAUUSD,4400.319,4400.593,4399.704,,-0.11,0,0.27,user,2026-01-05 08:45:45.027,2026-01-05 08:45:52.254
buy,0.01,0.01,XAUUSD,4403.722,4404.149,,,-0.11,0,0.43,user,2026-01-05 08:50:17.800,2026-01-05 08:50:25.144
buy,0.01,0.01,XAUUSD,4403.165,4403.95,4402.54,,-0.11,0,0.78,user,2026-01-05 08:50:46.072,2026-01-05 08:51:03.937
buy,0.01,0.01,XAUUSD,4407.013,4407.872,4405.764,,-0.11,0,0.86,user,2026-01-05 08:52:35.993,2026-01-05 08:52:52.088
buy,0.01,0.01,XAUUSD,4406.843,4405.82,4405.82,,-0.11,0,-1.02,sl,2026-01-05 08:57:11.442,2026-01-05 08:58:23.905
buy,0.01,0.01,XAUUSD,4407.796,4406.328,4405.598,4422.288,-0.11,0,-1.47,user,2026-01-05 08:53:20.904,2026-01-05 08:58:33.287
buy,0.01,0.01,XAUUSD,4405.7,4409.209,4402.764,4409.209,-0.11,0,3.51,tp,2026-01-05 09:00:05.224,2026-01-05 09:02:16.350
buy,0.01,0.01,XAUUSD,4411.153,4411.5960000000005,4410.154,,-0.11,0,0.45,user,2026-01-05 09:04:36.409,2026-01-05 09:04:54.710
buy,0.01,0.01,XAUUSD,4410.917,4410.179,4410.179,,-0.11,0,-0.74,sl,2026-01-05 09:08:57.416,2026-01-05 09:09:01.521
buy,0.01,0.01,XAUUSD,4409.401,4406.582,4406.582,4416.9,-0.11,0,-2.82,sl,2026-01-05 09:23:23.706,2026-01-05 09:27:33.384
buy,0.01,0.01,XAUUSD,4407.54,4406.174,4406.469,,-0.11,0,-1.37,sl,2026-01-05 09:27:16.165,2026-01-05 09:27:37.958
buy,0.01,0.01,XAUUSD,4406.681,4407.417,4406.145,,-0.11,0,0.74,user,2026-01-05 09:29:04.803,2026-01-05 09:29:26.300
buy,0.01,0.01,XAUUSD,4405.56,4403.981,4404.4,,-0.11,0,-1.58,sl,2026-01-05 09:31:31.516,2026-01-05 09:31:58.608
buy,0.01,0.01,XAUUSD,4404.407,4405.682,4402.806,4405.839,-0.11,0,1.27,user,2026-01-05 09:33:03.697,2026-01-05 09:34:12.603
buy,0.01,0.01,XAUUSD,4404.076,4405.787,4403.679,4405.787,-0.11,0,1.71,tp,2026-01-05 09:35:38.082,2026-01-05 09:36:41.668
buy,0.01,0.01,XAUUSD,4408.884,4407.882,4407.882,4422.307,-0.11,0,-1.0,sl,2026-01-05 09:41:06.240,2026-01-05 09:48:19.554
buy,0.01,0.01,XAUUSD,4405.02,4403.854,4403.854,,-0.11,0,-1.17,sl,2026-01-05 09:57:07.140,2026-01-05 09:57:17.587
buy,0.01,0.01,XAUUSD,4404.222,4403.661,4403.661,,-0.11,0,-0.56,sl,2026-01-05 09:58:16.690,2026-01-05 09:58:28.837
buy,0.01,0.01,XAUUSD,4402.64,4402.233,4402.233,,-0.11,0,-0.41,sl,2026-01-05 09:59:19.371,2026-01-05 09:59:29.062
sell,0.01,0.01,XAUUSD,4399.223,4400.7660000000005,4400.516,,-0.11,0,-1.55,sl,2026-01-05 10:00:54.823,2026-01-05 10:01:01.056
sell,0.01,0.01,XAUUSD,4400.867,4402.366,4402.21,4396.404,-0.11,0,-1.5,sl,2026-01-05 10:02:08.277,2026-01-05 10:04:48.845
sell,0.01,0.02,XAUUSD,4403.263,4402.673,4404.712,,,0,0.59,user,2026-01-05 10:07:30.586,2026-01-05 10:08:04.773
sell,0.01,0.02,XAUUSD,4403.263,4403.113,4404.712,,-0.22,0,0.15,user,2026-01-05 10:07:30.586,2026-01-05 10:08:46.944
sell,0.01,0.02,XAUUSD,4402.416,4401.948,4403.581,4398.291,,0,0.47,user,2026-01-05 10:09:08.284,2026-01-05 10:09:31.214
sell,0.01,0.02,XAUUSD,4402.416,4400.926,4403.581,4398.291,-0.22,0,1.49,user,2026-01-05 10:09:08.284,2026-01-05 10:12:06.729
sell,0.01,0.01,XAUUSD,4400.0,4399.294,4400.941,,-0.11,0,0.71,user,2026-01-05 10:13:21.978,2026-01-05 10:14:02.676
sell,0.01,0.01,XAUUSD,4404.787,4405.1410000000005,4406.105,4403.168,-0.11,0,-0.35,user,2026-01-05 10:25:19.713,2026-01-05 10:28:13.583
sell,0.01,0.01,XAUUSD,4404.71,4406.621,4406.621,4402.295,-0.11,0,-1.91,sl,2026-01-05 10:30:08.042,2026-01-05 10:36:39.645
buy,0.01,0.01,XAUUSD,4405.415,4405.763,4404.557,4406.502,-0.11,0,0.34,user,2026-01-05 10:37:21.488,2026-01-05 10:38:16.381
buy,0.01,0.01,XAUUSD,4405.23,4404.237,4404.438,,-0.11,0,-0.99,sl,2026-01-05 10:39:03.561,2026-01-05 10:39:31.508
buy,0.01,0.02,XAUUSD,4406.31,4406.637,4405.589,4407.415,,0,0.33,user,2026-01-05 10:47:42.877,2026-01-05 10:48:28.573
buy,0.01,0.02,XAUUSD,4406.31,4407.415,4405.589,4407.415,-0.22,0,1.11,tp,2026-01-05 10:47:42.877,2026-01-05 10:50:07.234
buy,0.01,0.01,XAUUSD,4403.756,4404.177,4402.873,,-0.11,0,0.42,user,2026-01-05 10:55:18.275,2026-01-05 10:55:33.488
buy,0.01,0.01,XAUUSD,4403.843,4404.227,4403.168,,-0.11,0,0.39,user,2026-01-05 10:56:27.521,2026-01-05 10:56:37.214
buy,0.01,0.02,XAUUSD,4404.361,4404.535,4403.415,4405.589,,0,0.18,user,2026-01-05 10:52:49.545,2026-01-05 10:57:28.272
buy,0.01,0.02,XAUUSD,4404.361,4405.589,4403.415,4405.589,-0.22,0,1.23,tp,2026-01-05 10:52:49.545,2026-01-05 10:58:56.176
buy,0.01,0.01,XAUUSD,4404.515,4405.708,4403.525,4405.708,-0.11,0,1.19,tp,2026-01-05 10:59:29.468,2026-01-05 11:02:14.293
buy,0.01,0.01,XAUUSD,4421.79,4421.77,4420.621,4423.581,-0.11,0,-0.02,user,2026-01-05 13:57:18.875,2026-01-05 13:59:02.233
buy,0.01,0.01,XAUUSD,4428.498,4429.503,4425.91,4431.587,-0.11,0,1.0,user,2026-01-05 14:25:02.928,2026-01-05 14:28:18.386
buy,0.01,0.01,XAUUSD,4427.403,4429.958,4426.357,4429.958,-0.11,0,2.56,tp,2026-01-05 14:40:57.143,2026-01-05 14:43:40.933
buy,0.01,0.01,XAUUSD,4431.56,4431.819,4430.325,4432.898,-0.11,0,0.26,user,2026-01-05 14:56:06.965,2026-01-05 14:58:01.025
buy,0.01,0.01,XAUUSD,4429.922,4430.276,4429.478,4433.519,-0.11,0,0.36,user,2026-01-05 15:03:12.574,2026-01-05 15:03:21.245
buy,0.01,0.01,XAUUSD,4427.367,4426.943,4426.399,4430.842,-0.11,0,-0.43,user,2026-01-05 15:09:55.103,2026-01-05 15:10:31.778
buy,0.01,0.01,XAUUSD,4426.916,4426.092,4426.427,4428.34,-0.11,0,-0.83,sl,2026-01-05 15:11:29.059,2026-01-05 15:12:16.818
buy,0.01,0.01,XAUUSD,4427.182,4429.512,4426.071,4430.69,-0.11,0,2.33,user,2026-01-05 15:12:49.239,2026-01-05 15:13:09.505
buy,0.01,0.01,XAUUSD,4429.462,4429.825,4428.577,4433.124,-0.11,0,0.37,user,2026-01-05 15:14:01.206,2026-01-05 15:14:07.003
buy,0.01,0.01,XAUUSD,4430.049,4433.349,4431.057,4435.555,-0.11,0,3.3,user,2026-01-05 15:15:13.238,2026-01-05 15:22:54.534
buy,0.01,0.01,XAUUSD,4432.711,4432.377,4432.377,4435.886,-0.11,0,-0.33,sl,2026-01-05 15:26:05.712,2026-01-05 15:30:06.555
sell,0.01,0.01,XAUUSD,4433.52,4434.7,4434.7,4429.237,-0.11,0,-1.18,sl,2026-01-05 15:40:57.100,2026-01-05 15:42:57.199
buy,0.01,0.01,XAUUSD,4435.385,4434.77,4434.77,4436.546,-0.11,0,-0.62,sl,2026-01-05 15:47:09.405,2026-01-05 15:47:38.109
buy,0.01,0.01,BTCUSD,92534.52,92792.68,92191.4,93139.66,-0.16,0,2.58,user,2026-01-05 15:36:42.898,2026-01-05 15:48:22.278
buy,0.01,0.01,XAUUSD,4435.833,4435.025000000001,4435.294,4440.15,-0.11,0,-0.8,sl,2026-01-05 15:54:16.001,2026-01-05 15:54:28.576
buy,0.01,0.01,XAUUSD,4434.2,4433.644,4433.644,4438.494,-0.11,0,-0.56,sl,2026-01-05 16:02:29.394,2026-01-05 16:02:33.975
buy,0.01,0.01,XAUUSD,4432.5,4432.752,4431.069,4434.283,-0.11,0,0.25,user,2026-01-05 16:08:00.270,2026-01-05 16:09:23.483
buy,0.01,0.01,XAUUSD,4432.296,4433.4580000000005,4431.394,4433.886,-0.11,0,1.16,user,2026-01-05 16:11:33.718,2026-01-05 16:13:44.660
buy,0.01,0.01,XAUUSD,4431.773,4432.168,4430.889,4433.741,-0.11,0,0.4,user,2026-01-05 16:19:05.212,2026-01-05 16:19:39.038
buy,0.01,0.01,XAUUSD,4432.672,4436.006,4431.467,4439.193,-0.11,0,3.34,user,2026-01-05 16:16:05.949,2026-01-05 16:32:16.433
buy,0.01,0.01,XAUUSD,4437.83,4438.024,4435.966,4442.949,-0.11,0,0.19,user,2026-01-05 16:55:16.538,2026-01-05 16:56:29.511
buy,0.01,0.01,XAUUSD,4436.901,4435.888,4435.888,4442.128,-0.11,0,-1.01,sl,2026-01-05 16:57:38.107,2026-01-05 16:58:03.058
buy,0.01,0.01,XAUUSD,4435.891,4434.56,4434.56,4439.521,-0.11,0,-1.33,sl,2026-01-05 16:58:31.301,2026-01-05 17:01:40.469
buy,0.01,0.01,XAUUSD,4433.367,4432.564,4433.115,4438.945,-0.11,0,-0.81,sl,2026-01-05 17:02:47.597,2026-01-05 17:02:51.020
buy,0.01,0.01,XAUUSD,4433.532,4432.59,4432.59,4438.981,-0.11,0,-0.94,sl,2026-01-05 17:03:40.597,2026-01-05 17:04:17.679
buy,0.01,0.01,XAUUSD,4433.062,4432.542,4432.542,4438.655,-0.11,0,-0.52,sl,2026-01-05 17:15:16.525,2026-01-05 17:15:26.655
buy,0.01,0.01,XAUUSD,4428.752,4429.028,4426.376,4433.566,-0.11,0,0.28,user,2026-01-05 17:18:27.782,2026-01-05 17:18:31.618
buy,0.01,0.01,XAUUSD,4429.567,4427.821,4427.821,4435.007,-0.11,0,-1.75,sl,2026-01-05 17:17:44.899,2026-01-05 17:18:41.106
buy,0.01,0.01,XAUUSD,4426.818,4428.072,4426.466,4432.425,-0.11,0,1.25,user,2026-01-05 17:24:41.024,2026-01-05 17:25:01.582
buy,0.01,0.01,XAUUSD,4428.517,4426.348,4426.348,4438.928,-0.11,0,-2.17,sl,2026-01-05 17:18:43.938,2026-01-05 17:25:43.392
buy,0.01,0.01,XAUUSD,4426.729,4426.466,4426.466,4432.28,-0.11,0,-0.26,sl,2026-01-05 17:25:33.819,2026-01-05 17:25:43.512
sell,0.01,0.01,XAUUSD,4416.035,4417.461,4417.461,4412.311,-0.11,0,-1.42,sl,2026-01-05 17:31:16.210,2026-01-05 17:32:00.609
sell,0.01,0.01,XAUUSD,4415.851,4418.029,4418.029,4412.885,-0.11,0,-2.18,sl,2026-01-05 17:30:55.500,2026-01-05 17:32:05.482
sell,0.01,0.01,XAUUSD,4420.059,4422.003,4422.003,4413.976,-0.11,0,-1.94,sl,2026-01-05 17:35:01.263,2026-01-05 17:37:06.156
sell,0.02,0.02,XAUUSD,4421.834,4422.843,4422.843,4418.236,-0.22,0,-2.02,sl,2026-01-05 17:38:21.718,2026-01-05 17:39:28.703
sell,0.02,0.02,XAUUSD,4422.197,4423.013,4423.013,4414.073,-0.22,0,-1.64,sl,2026-01-05 17:40:27.466,2026-01-05 17:40:34.724
sell,0.02,0.02,XAUUSD,4422.607,4424.167,4424.167,4414.444,-0.22,0,-3.12,sl,2026-01-05 17:39:23.197,2026-01-05 17:43:21.520
sell,0.01,0.03,XAUUSD,4423.851,4423.737,4428.206,4414.833,,0,0.11,user,2026-01-05 17:43:58.797,2026-01-05 17:45:46.609
sell,0.01,0.03,XAUUSD,4423.851,4423.068,4428.206,4414.833,,0,0.78,user,2026-01-05 17:43:58.797,2026-01-05 17:47:26.685
sell,0.01,0.03,XAUUSD,4423.851,4420.482,4428.206,4414.833,-0.33,0,3.37,user,2026-01-05 17:43:58.797,2026-01-05 17:59:04.592
sell,0.01,0.01,XAUUSD,4419.353,4421.361,4426.172,4405.056,-0.11,0,-2.01,user,2026-01-05 17:59:55.355,2026-01-05 18:01:04.812
sell,0.01,0.01,XAUUSD,4417.139,4408.29,4419.773,4405.811,-0.11,0,8.85,user,2026-01-05 18:06:40.094,2026-01-05 18:43:22.365
sell,0.01,0.01,XAUUSD,4410.86,4412.391,4412.391,4404.485,-0.11,0,-1.53,sl,2026-01-05 18:46:21.481,2026-01-05 19:01:23.710
buy,0.01,0.01,XAUUSD,4415.316,4415.612,4412.78,4428.845,-0.11,0,0.29,user,2026-01-05 19:04:18.084,2026-01-05 19:05:10.809
buy,0.01,0.01,XAUUSD,4417.331,4416.925,4416.925,4429.806,-0.11,0,-0.4,sl,2026-01-05 19:07:42.669,2026-01-05 19:07:49.419
buy,0.01,0.01,XAUUSD,4418.827,4413.996,4415.164,4431.234,-0.11,0,-4.83,sl,2026-01-05 19:06:57.661,2026-01-05 19:08:07.708
sell,0.01,0.01,XAUUSD,4411.568,4409.985,4412.901,4398.07,-0.11,0,1.58,user,2026-01-05 19:13:13.399,2026-01-05 19:13:41.228
sell,0.01,0.01,XAUUSD,4411.516,4412.552,4412.552,4396.523,-0.11,0,-1.03,sl,2026-01-05 19:18:52.635,2026-01-05 19:19:21.306
sell,0.01,0.01,XAUUSD,4408.889,4413.113,4413.113,4400.585,-0.11,0,-4.22,sl,2026-01-05 19:09:57.344,2026-01-05 19:20:05.354
buy,0.01,0.01,XAUUSD,4408.722,4406.981,4406.981,4424.169,-0.11,0,-1.74,sl,2026-01-05 19:21:24.410,2026-01-05 19:22:02.694
buy,0.02,0.02,XAUUSD,4407.306,4404.5560000000005,4405.858,4422.507,-0.22,0,-5.5,sl,2026-01-05 19:22:48.932,2026-01-05 19:22:56.931
sell,0.01,0.01,XAUUSD,4407.292,4405.251,4409.2,4396.051,-0.11,0,2.04,user,2026-01-05 19:23:57.738,2026-01-05 19:25:42.369
sell,0.01,0.01,XAUUSD,4405.688,4400.394,4409.356,4400.394,-0.11,0,5.3,tp,2026-01-05 19:26:59.746,2026-01-05 19:29:10.836
sell,0.01,0.01,XAUUSD,4400.595,4404.3730000000005,4405.219,4391.011,-0.11,0,-3.77,user,2026-01-05 19:29:48.985,2026-01-05 19:31:56.719
sell,0.02,0.02,XAUUSD,4404.374,4408.536,4408.536,4398.193,-0.22,0,-8.32,sl,2026-01-05 19:32:47.755,2026-01-05 19:34:49.147
buy,0.01,0.03,XAUUSD,4410.957,4410.102,4406.78,4432.361,,0,-0.86,user,2026-01-05 19:36:34.238,2026-01-05 19:37:58.063
buy,0.01,0.01,XAUUSD,4412.189,4413.52,4407.297,4419.77,-0.11,0,1.33,user,2026-01-05 19:44:54.214,2026-01-05 19:45:15.514
buy,0.01,0.03,XAUUSD,4410.957,4414.3460000000005,4406.78,4432.361,,0,3.39,user,2026-01-05 19:36:34.238,2026-01-05 19:47:00.623
buy,0.01,0.03,XAUUSD,4410.957,4414.414,4406.78,4432.361,-0.33,0,3.45,user,2026-01-05 19:36:34.238,2026-01-05 19:48:55.329
buy,0.01,0.01,XAUUSD,4416.903,4427.7080000000005,4411.599,4429.036,-0.11,0,10.81,user,2026-01-05 19:59:09.085,2026-01-05 20:11:16.949
buy,0.01,0.01,XAUUSD,4427.017,4425.169,4425.169,4429.337,-0.11,0,-1.85,sl,2026-01-05 20:15:01.260,2026-01-05 20:15:42.256
buy,0.01,0.01,XAUUSD,4425.107,4423.57,4423.57,4427.879,-0.11,0,-1.54,sl,2026-01-05 20:18:14.898,2026-01-05 20:19:09.541
buy,0.01,0.01,XAUUSD,4425.573,4429.566,4424.655,4429.566,-0.11,0,4.0,tp,2026-01-05 20:18:01.582,2026-01-05 20:21:04.361
buy,0.01,0.01,XAUUSD,4423.123,4421.381,4421.381,4426.991,-0.11,0,-1.74,sl,2026-01-05 20:31:10.615,2026-01-05 20:31:29.648
buy,0.01,0.01,XAUUSD,4424.006,4423.116,4423.116,4434.239,-0.11,0,-0.89,sl,2026-01-05 20:33:03.815,2026-01-05 20:35:12.339
buy,0.01,0.01,XAUUSD,4419.901,4419.887,4420.316,4425.017,-0.11,0,-0.01,sl,2026-01-05 20:36:09.755,2026-01-05 20:37:36.896
buy,0.01,0.01,XAUUSD,4421.026,4422.129,4417.939,4424.647,-0.11,0,1.1,user,2026-01-05 20:38:36.304,2026-01-05 20:39:05.027
buy,0.01,0.01,XAUUSD,4424.003,4424.369,4421.901,4429.623,-0.11,0,0.37,user,2026-01-05 20:41:15.603,2026-01-05 20:41:21.816
buy,0.01,0.01,XAUUSD,4430.079,4430.726,4427.705,4435.425,-0.11,0,0.65,user,2026-01-05 20:45:04.985,2026-01-05 20:45:09.530
buy,0.01,0.01,XAUUSD,4428.736,4429.488,4426.091,4433.811,-0.11,0,0.75,user,2026-01-05 20:45:35.835,2026-01-05 20:45:38.897
buy,0.01,0.01,XAUUSD,4431.624,4432.234,4425.275,4434.964,-0.11,0,0.61,user,2026-01-05 20:46:11.013,2026-01-05 20:46:16.560
buy,0.01,0.01,XAUUSD,4437.372,4437.7300000000005,4435.637,4439.16,-0.11,0,0.36,user,2026-01-05 20:54:21.146,2026-01-05 20:54:28.459
buy,0.01,0.01,XAUUSD,4440.486,4439.448,4439.448,4441.919,-0.11,0,-1.04,sl,2026-01-05 20:56:05.661,2026-01-05 20:56:21.965
buy,0.01,0.01,XAUUSD,4439.995,4437.8,4437.485,4443.549,-0.11,0,-2.2,user,2026-01-05 20:57:18.291,2026-01-05 20:57:47.898
buy,0.01,0.01,XAUUSD,4437.721,4436.2880000000005,,4443.87,-0.11,0,-1.43,user,2026-01-05 20:57:50.098,2026-01-05 20:57:55.192
buy,0.01,0.01,XAUUSD,4437.183,4440.803,4435.868,4440.803,-0.11,0,3.62,tp,2026-01-05 20:59:26.773,2026-01-05 21:00:03.916
buy,0.01,0.01,XAUUSD,4444.019,4448.309,4436.85,4454.636,-0.11,0,4.29,user,2026-01-05 21:01:42.074,2026-01-05 21:03:08.284
buy,0.01,0.01,XAUUSD,4452.615,4451.209,4451.46,4457.12,-0.11,0,-1.41,sl,2026-01-05 21:06:35.935,2026-01-05 21:06:42.638
buy,0.01,0.01,XAUUSD,4452.621,4453.472,4447.908,4458.508,-0.11,0,0.85,user,2026-01-05 21:09:09.357,2026-01-05 21:09:12.544
buy,0.01,0.01,XAUUSD,4453.466,4453.71,4449.785,4460.385,-0.11,0,0.24,user,2026-01-05 21:08:58.250,2026-01-05 21:09:23.273
buy,0.01,0.01,XAUUSD,4452.169,4451.229,4451.229,4459.63,-0.11,0,-0.94,sl,2026-01-05 21:10:24.224,2026-01-05 21:10:29.459
buy,0.01,0.01,XAUUSD,4452.069,4449.697,4450.569,4458.969,-0.11,0,-2.37,sl,2026-01-05 21:10:35.713,2026-01-05 21:10:47.779
sell,0.01,0.01,XAUUSD,4450.077,4449.658,4451.464,4443.064,-0.11,0,0.42,user,2026-01-05 21:11:06.402,2026-01-05 21:11:23.278
buy,0.01,0.01,XAUUSD,4448.33,4448.934,4445.388,4452.935,-0.11,0,0.6,user,2026-01-05 21:14:23.239,2026-01-05 21:16:35.265
buy,0.01,0.01,XAUUSD,4449.909,4448.968,4448.968,4457.831,-0.11,0,-0.94,sl,2026-01-05 21:18:17.347,2026-01-05 21:18:21.023
buy,0.01,0.01,XAUUSD,4448.791,4450.097,4447.613,4456.27,-0.11,0,1.31,user,2026-01-05 21:20:35.102,2026-01-05 21:20:49.334
buy,0.01,0.01,XAUUSD,4450.246,4450.078,4445.388,4457.807,-0.11,0,-0.17,user,2026-01-05 21:20:07.841,2026-01-05 21:21:18.231
buy,0.01,0.01,XAUUSD,4449.497,4450.852,4445.291,4453.032,-0.11,0,1.35,user,2026-01-05 21:23:43.740,2026-01-05 21:24:29.373
buy,0.01,0.01,XAUUSD,4449.587,4447.731,4444.102,4456.522,-0.11,0,-1.86,user,2026-01-05 21:24:41.022,2026-01-05 21:25:02.118
buy,0.01,0.01,XAUUSD,4445.243,4447.702,4447.702,4453.301,-0.11,0,2.46,sl,2026-01-05 21:25:27.136,2026-01-05 21:27:40.816
buy,0.01,0.01,XAUUSD,4445.872,4445.735,4445.735,4453.476,-0.11,0,-0.13,sl,2026-01-05 21:28:38.754,2026-01-05 21:28:39.708
buy,0.01,0.01,XAUUSD,4445.162,4443.486,4443.831,4446.85,-0.11,0,-1.67,sl,2026-01-05 21:29:18.772,2026-01-05 21:30:06.180
buy,0.01,0.01,XAUUSD,4443.775,4441.077,4441.077,4454.847,-0.11,0,-2.7,sl,2026-01-05 21:31:37.465,2026-01-05 21:34:07.456
buy,0.01,0.02,XAUUSD,4443.026,4444.579,4439.051,4454.475,,0,1.55,user,2026-01-05 21:34:49.488,2026-01-05 21:35:24.014
buy,0.01,0.02,XAUUSD,4443.026,4439.051,4439.051,4454.475,-0.22,0,-3.98,sl,2026-01-05 21:34:49.488,2026-01-05 21:36:43.739
buy,0.02,0.02,XAUUSD,4438.855,4436.031,4436.031,4454.545,-0.22,0,-5.65,sl,2026-01-05 21:38:03.231,2026-01-05 21:38:46.684
buy,0.02,0.02,XAUUSD,4438.913,4440.241,4436.101,4454.616,-0.22,0,2.65,user,2026-01-05 21:40:09.101,2026-01-05 21:41:28.802
buy,0.02,0.02,XAUUSD,4444.587,4446.697,4441.195,4450.715,-0.22,0,4.22,user,2026-01-05 21:44:19.008,2026-01-05 21:44:27.780
buy,0.01,0.01,XAUUSD,4442.941,4443.179,4443.179,4453.774,-0.11,0,0.24,sl,2026-01-05 21:43:07.741,2026-01-05 21:49:06.408
buy,0.01,0.01,XAUUSD,4443.702,4444.284,4439.97,4449.49,-0.11,0,0.58,user,2026-01-05 21:49:34.330,2026-01-05 21:54:26.161
buy,0.01,0.01,XAUUSD,4448.633,4451.463,4444.659,4456.403,-0.11,0,2.83,user,2026-01-05 21:59:45.044,2026-01-05 22:01:19.158
buy,0.01,0.01,XAUUSD,4449.668,4444.953,4445.36,4455.498,-0.11,0,-4.72,sl,2026-01-05 22:01:47.275,2026-01-05 22:06:20.949
buy,0.01,0.01,XAUUSD,4446.002,4444.848,4445.358,4452.693,-0.11,0,-1.15,sl,2026-01-05 22:06:15.530,2026-01-05 22:06:21.095
buy,0.01,0.01,XAUUSD,4441.558,4439.725,4439.725,4444.565,-0.11,0,-1.83,sl,2026-01-05 22:08:35.039,2026-01-05 22:10:53.622
buy,0.01,0.02,XAUUSD,4443.278,4441.96,4439.236,4446.652,,0,-1.32,user,2026-01-05 22:11:17.373,2026-01-05 22:11:38.709
buy,0.01,0.02,XAUUSD,4443.278,4441.368,4439.236,4446.652,-0.22,0,-1.91,user,2026-01-05 22:11:17.373,2026-01-05 22:11:52.266
buy,0.01,0.03,XAUUSD,4446.185,4445.997,4442.153,4450.901,,0,-0.19,user,2026-01-05 22:14:10.973,2026-01-05 22:14:25.184
buy,0.02,0.03,XAUUSD,4446.185,4446.627,4442.153,4450.901,-0.33,0,0.88,user,2026-01-05 22:14:10.973,2026-01-05 22:14:57.557
buy,0.01,0.01,XAUUSD,4446.216,4444.134,4444.736,4449.568,-0.11,0,-2.09,sl,2026-01-05 22:17:54.184,2026-01-05 22:21:39.365
sell,0.01,0.02,XAUUSD,4445.285,4445.558,4447.569,4442.027,,0,-0.27,user,2026-01-05 22:21:55.401,2026-01-05 22:23:11.208
sell,0.01,0.02,XAUUSD,4445.285,4442.027,4447.569,4442.027,-0.22,0,3.26,tp,2026-01-05 22:21:55.401,2026-01-05 22:26:32.472
buy,0.01,0.01,XAUUSD,4443.076,4442.027,4442.027,4445.979,-0.11,0,-1.05,sl,2026-01-05 22:28:25.274,2026-01-05 22:28:50.822
buy,0.05,0.05,XAUUSD,4446.121,4443.706,4443.706,4448.788,-0.55,0,-12.08,sl,2026-01-05 22:35:18.452,2026-01-05 22:36:12.240
buy,0.05,0.05,XAUUSD,4444.953,4443.905,4442.635,4447.717,-0.55,0,-5.24,user,2026-01-05 22:35:50.523,2026-01-05 22:37:48.333
buy,0.05,0.05,XAUUSD,4444.575,4445.4310000000005,,,-0.55,0,4.28,user,2026-01-05 22:41:28.688,2026-01-05 22:43:06.306
buy,0.05,0.05,XAUUSD,4445.698,4445.533,,4455.468,-0.55,0,-0.82,user,2026-01-05 22:41:03.378,2026-01-05 22:46:37.857
buy,0.05,0.05,XAUUSD,4447.917,4451.307,,4454.958,-0.55,0,16.95,user,2026-01-05 22:49:16.493,2026-01-05 22:50:14.794
buy,0.01,0.01,XAUUSD,4453.257,4448.102,,,-0.11,0,-5.16,user,2026-01-05 22:52:53.175,2026-01-05 22:56:54.547
buy,0.01,0.01,XAUUSD,4452.308,4448.102,,,-0.11,0,-4.21,user,2026-01-05 22:55:06.140,2026-01-05 22:56:54.558
buy,0.01,0.01,XAUUSD,4451.729,4448.102,,,-0.11,0,-3.63,user,2026-01-05 22:55:22.534,2026-01-05 22:56:54.568
buy,0.05,0.05,XAUUSD,4448.874,4442.677,,4457.245,-0.55,0,-30.98,user,2026-01-05 22:57:05.044,2026-01-05 22:59:37.403
buy,0.05,0.05,XAUUSD,4444.142,4439.378,4439.378,4452.498,-0.55,0,-23.82,sl,2026-01-05 22:59:13.129,2026-01-05 23:00:14.506
sell,0.05,0.05,XAUUSD,4440.188,4441.793,4445.067,4431.947,-0.55,0,-8.03,so,2026-01-05 23:00:54.031,2026-01-05 23:01:02.511
buy,0.01,0.01,BTCUSD,90782.06,90626.95,90629.01,91080.6,-0.16,0,-1.55,sl,2026-01-12 01:06:03.397,2026-01-12 01:47:00.900
buy,0.01,0.01,XAUUSD,4523.411,4532.33,4508.781,4538.64,-0.11,0,8.92,user,2026-01-12 05:05:21.492,2026-01-12 05:19:33.753
buy,0.01,0.01,XAUUSD,4542.132,4538.904,4539.262,4547.159,-0.11,0,-3.23,sl,2026-01-12 05:51:59.339,2026-01-12 05:56:37.189
buy,0.02,0.02,XAUUSD,4541.833,4543.538,,4543.538,-0.22,0,3.41,tp,2026-01-12 06:02:51.473,2026-01-12 06:03:59.882
buy,0.01,0.02,XAUUSD,4594.122,4595.393,4578.633,4770.146,,0,1.27,user,2026-01-12 14:48:34.443,2026-01-12 14:50:42.234
buy,0.01,0.01,XAUUSD,4597.508,4597.638,4595.111,,-0.11,0,0.13,user,2026-01-12 15:11:01.865,2026-01-12 15:13:52.059
buy,0.01,0.01,XAUUSD,4588.331,4592.125,4588.271,4596.905,-0.11,0,3.8,user,2026-01-12 16:35:35.776,2026-01-12 16:40:40.608
buy,0.01,0.01,XAUUSD,4595.07,4593.9,4593.9,4599.357,-0.11,0,-1.17,sl,2026-01-12 16:57:54.461,2026-01-12 17:00:01.758
buy,0.01,0.01,XAUUSD,4585.312,4582.903,4582.903,4589.794,-0.11,0,-2.41,sl,2026-01-12 17:53:49.423,2026-01-12 17:56:17.591
buy,0.01,0.01,XAUUSD,4584.913,4584.9580000000005,4583.477,,-0.11,0,0.05,user,2026-01-12 18:34:05.270,2026-01-12 18:35:09.662
buy,0.01,0.01,XAUUSD,4584.658,4589.177,4583.484,,-0.11,0,4.52,user,2026-01-12 18:36:10.617,2026-01-12 18:51:32.076
buy,0.01,0.01,XAUUSD,4583.318,4588.764,4569.696,,-0.11,0,5.44,user,2026-01-12 17:59:33.560,2026-01-12 18:57:12.736
buy,0.01,0.01,XAUUSD,4592.131,4594.900000000001,,,-0.11,0,2.77,user,2026-01-12 19:01:40.441,2026-01-12 19:03:40.470
buy,0.01,0.02,XAUUSD,4594.122,4607.671,4578.633,4770.146,-0.22,0,13.55,user,2026-01-12 14:48:34.443,2026-01-12 19:21:09.449
buy,0.01,0.02,XAUUSD,4608.015,4608.831,4606.266,4614.599,,0,0.81,user,2026-01-12 19:35:28.871,2026-01-12 19:35:57.112
buy,0.01,0.02,XAUUSD,4608.015,4614.599,4606.266,4614.599,-0.22,0,6.58,tp,2026-01-12 19:35:28.871,2026-01-12 19:48:04.983
buy,0.01,0.01,XAUUSD,4613.027,4608.867,4608.867,,-0.11,0,-4.16,sl,2026-01-12 20:01:17.381,2026-01-12 20:02:50.476
buy,0.01,0.01,XAUUSD,4604.592,4598.157,4598.157,,-0.11,0,-6.43,sl,2026-01-12 20:04:19.817,2026-01-12 20:08:49.213
buy,0.02,0.02,XAUUSD,4595.953,4597.975,4589.524,,-0.22,0,4.04,user,2026-01-12 20:11:26.188,2026-01-12 20:11:53.202
buy,0.01,0.01,XAUUSD,4595.97,4596.814,4592.581,4600.191,-0.11,0,0.84,user,2026-01-12 20:13:29.295,2026-01-12 20:13:38.020
buy,0.01,0.01,XAUUSD,4593.863,4594.93,4590.435,4614.127,-0.11,0,1.07,user,2026-01-12 20:17:00.429,2026-01-12 20:17:18.868
buy,0.01,0.01,XAUUSD,4597.732,4595.841,4589.686,4618.009,-0.11,0,-1.89,user,2026-01-12 20:18:45.560,2026-01-12 20:19:47.634
buy,0.01,0.01,XAUUSD,4593.338,4587.973,4589.27,4617.6,-0.11,0,-5.37,sl,2026-01-12 20:25:47.472,2026-01-12 20:25:58.631
buy,0.01,0.01,XAUUSD,4590.828,4588.828,4563.776,,-0.11,0,-2.0,user,2026-01-12 20:28:28.764,2026-01-12 20:29:54.999
buy,0.01,0.01,XAUUSD,4596.269,4615.456,4593.893,,-0.11,0,19.19,user,2026-01-12 20:36:33.440,2026-01-12 21:07:50.573
buy,0.01,0.01,XAUUSD,4615.122,4621.607,4615.014,4622.53,-0.11,0,6.49,user,2026-01-12 21:23:02.062,2026-01-12 21:26:32.430
buy,0.01,0.01,XAUUSD,4619.89,4625.3060000000005,4620.139,4626.893,-0.11,0,5.42,user,2026-01-12 21:28:30.461,2026-01-12 21:37:02.855
buy,0.01,0.01,XAUUSD,4620.511,4618.372,4618.372,4629.734,-0.11,0,-2.14,sl,2026-01-12 21:46:49.252,2026-01-12 21:55:36.278
buy,0.01,0.02,XAUUSD,4622.073,4622.64,4620.686,4626.361,,0,0.57,user,2026-01-12 22:00:42.224,2026-01-12 22:01:16.948
buy,0.01,0.02,XAUUSD,4622.073,4620.686,4620.686,4626.361,-0.22,0,-1.38,sl,2026-01-12 22:00:42.224,2026-01-12 22:01:50.775
buy,0.01,0.01,XAUUSD,4623.457,4622.59,4622.59,4628.822,-0.11,0,-0.87,sl,2026-01-12 22:07:31.525,2026-01-12 22:12:22.765
buy,0.01,0.01,XAUUSD,4629.329,4627.539,4627.832,,-0.11,0,-1.79,sl,2026-01-12 22:16:19.220,2026-01-12 22:18:52.916
buy,0.01,0.01,XAUUSD,4629.405,4628.487,4622.652,,-0.11,0,-0.92,user,2026-01-12 22:20:43.480,2026-01-12 22:22:08.818
buy,0.01,0.01,XAUUSD,4624.439,4622.296,4622.65,,-0.11,0,-2.14,sl,2026-01-12 22:24:08.275,2026-01-12 22:24:41.990
buy,0.01,0.01,XAUUSD,4613.928,4612.841,4612.841,4619.12,-0.11,0,-1.09,sl,2026-01-13 01:15:14.729,2026-01-13 01:22:11.528
buy,0.01,0.01,XAUUSD,4597.347,4593.884,4594.43,,-0.11,0,-3.47,sl,2026-01-13 06:02:43.046,2026-01-13 06:04:36.764
buy,0.01,0.01,XAUUSD,4589.175,4589.902,,,-0.11,0,0.72,user,2026-01-13 06:53:20.004,2026-01-13 06:53:35.912
buy,0.01,0.01,XAUUSD,4584.073,4582.601,,,-0.11,0,-1.47,user,2026-01-13 07:02:44.152,2026-01-13 07:02:55.328
buy,0.01,0.01,XAUUSD,4595.279,4581.816,4581.816,,-0.11,0,-13.46,sl,2026-01-13 06:07:04.286,2026-01-13 07:04:38.041
buy,0.01,0.01,XAUUSD,4590.802,4594.467,4586.807,,-0.11,0,3.67,user,2026-01-13 07:09:26.401,2026-01-13 07:12:47.793
buy,0.01,0.01,XAUUSD,4586.098,4585.889,4585.889,4593.299,-0.11,0,-0.21,sl,2026-01-13 07:20:31.378,2026-01-13 07:26:24.681
buy,0.01,0.01,XAUUSD,4579.75,4581.174,4575.712,,-0.11,0,1.42,user,2026-01-13 07:36:26.411,2026-01-13 07:38:02.695
buy,0.01,0.01,XAUUSD,4585.018,4583.366,4583.366,,-0.11,0,-1.65,sl,2026-01-13 07:41:35.772,2026-01-13 07:42:04.493
buy,0.02,0.02,XAUUSD,4584.925,4582.693,4582.693,,-0.22,0,-4.46,sl,2026-01-13 07:43:19.311,2026-01-13 07:43:54.012
buy,0.01,0.01,XAUUSD,4584.685,4582.327,4582.806,4591.222,-0.11,0,-2.36,sl,2026-01-13 07:46:08.203,2026-01-13 07:46:53.565
sell,0.03,0.03,XAUUSD,4582.187,4581.049,4583.757,4579.487,-0.33,0,3.41,user,2026-01-13 07:51:53.913,2026-01-13 07:53:56.096
buy,0.03,0.03,XAUUSD,4585.832,4584.92,4584.92,4587.632,-0.33,0,-2.74,sl,2026-01-13 08:25:42.277,2026-01-13 08:26:41.308
buy,0.05,0.05,XAUUSD,4585.454,4584.666,4584.666,,-0.55,0,-3.94,sl,2026-01-13 08:27:21.834,2026-01-13 08:27:42.700
sell,0.05,0.05,XAUUSD,4585.46,4584.418,4585.905,4584.418,-0.55,0,5.21,tp,2026-01-13 08:28:18.396,2026-01-13 08:29:03.521
buy,0.01,0.01,XAUUSD,4585.264,4587.336,4584.942,,-0.11,0,2.08,user,2026-01-13 08:30:46.965,2026-01-13 08:43:15.215
buy,0.02,0.05,XAUUSD,4590.085,4590.705,4587.766,4655.352,,0,1.24,user,2026-01-13 08:45:04.637,2026-01-13 08:45:32.526
buy,0.01,0.05,XAUUSD,4590.085,4592.53,4587.766,4655.352,,0,2.44,user,2026-01-13 08:45:04.637,2026-01-13 08:46:12.069
buy,0.01,0.05,XAUUSD,4590.085,4593.0,4587.766,4655.352,,0,2.91,user,2026-01-13 08:45:04.637,2026-01-13 08:46:45.781
buy,0.01,0.05,XAUUSD,4590.085,4592.997,4587.766,4655.352,-0.55,0,2.91,user,2026-01-13 08:45:04.637,2026-01-13 08:57:34.311
buy,0.01,0.01,XAUUSD,4595.557,4597.052,4593.83,4599.382,-0.11,0,1.49,user,2026-01-13 09:06:29.164,2026-01-13 09:11:15.597
buy,0.01,0.01,XAUUSD,4585.494,4589.496,4583.66,4594.765,-0.11,0,4.01,user,2026-01-13 14:17:25.603,2026-01-13 14:21:11.330
buy,0.01,0.01,XAUUSD,4587.807,4587.028,4587.028,,-0.11,0,-0.78,sl,2026-01-13 14:22:38.572,2026-01-13 14:23:01.064
buy,0.01,0.01,XAUUSD,4587.831,4590.963,4587.889,4590.963,-0.11,0,3.13,tp,2026-01-13 14:24:04.907,2026-01-13 14:26:14.118
buy,0.01,0.01,USOIL,59.532,59.582,58.774,61.656,-0.13,0,0.5,user,2026-01-13 09:03:49.747,2026-01-13 14:33:43.383
buy,0.01,0.01,XAUUSD,4592.222,4589.311,4589.921,4597.705,-0.11,0,-2.91,sl,2026-01-13 15:18:36.838,2026-01-13 15:25:09.800
sell,0.01,0.01,XAUUSD,4589.358,4589.343,4590.35,4584.489,-0.11,0,0.02,user,2026-01-13 15:30:39.055,2026-01-13 15:32:26.799
sell,0.01,0.01,XAUUSD,4589.749,4588.992,4591.453,4584.772,-0.11,0,0.76,user,2026-01-13 15:28:04.939,2026-01-13 15:37:04.108
buy,0.01,0.01,XAUUSD,4590.369,4588.011,4588.328,4593.751,-0.11,0,-2.36,sl,2026-01-13 15:40:03.637,2026-01-13 15:42:10.295
buy,0.01,0.01,XAUUSD,4591.06,4589.879,4589.879,4596.115,-0.11,0,-1.18,sl,2026-01-13 15:44:55.601,2026-01-13 15:45:15.922
buy,0.01,0.01,XAUUSD,4591.153,4589.525,4589.525,4595.765,-0.11,0,-1.62,sl,2026-01-13 15:45:41.643,2026-01-13 15:47:19.918
buy,0.01,0.01,XAUUSD,4588.643,4587.72,4586.919,4592.624,-0.11,0,-0.92,user,2026-01-13 15:48:15.235,2026-01-13 15:48:52.942
buy,0.01,0.01,XAUUSD,4591.508,4598.538,4589.387,4598.538,-0.11,0,7.03,tp,2026-01-13 18:53:58.034,2026-01-13 19:09:42.269
buy,0.01,0.03,XAUUSD,4607.252,4612.401,4590.702,,,0,5.15,user,2026-01-13 19:30:05.430,2026-01-13 19:30:27.866
buy,0.01,0.03,XAUUSD,4607.252,4606.909,4590.702,,,0,-0.34,user,2026-01-13 19:30:05.430,2026-01-13 19:31:30.133
buy,0.01,0.01,XAUUSD,4615.454,4612.662,4612.662,4620.135,-0.11,0,-2.79,sl,2026-01-13 19:54:00.945,2026-01-13 19:54:23.278
buy,0.01,0.03,XAUUSD,4607.252,4611.633,4590.702,,-0.33,0,4.38,user,2026-01-13 19:30:05.430,2026-01-13 19:55:30.574
buy,0.01,0.01,XAUUSD,4615.12,4622.618,4614.591,,-0.11,0,7.5,user,2026-01-13 20:07:56.260,2026-01-13 20:25:03.085
buy,0.01,0.01,XAUUSD,4621.612,4620.605,4620.605,,-0.11,0,-1.0,sl,2026-01-13 20:28:05.797,2026-01-13 20:28:23.455
buy,0.01,0.01,XAUUSD,4627.338,4625.6050000000005,,,-0.11,0,-1.73,user,2026-01-13 21:01:08.282,2026-01-13 21:01:20.081
buy,0.01,0.01,XAUUSD,4619.323,4619.189,,,-0.11,0,-0.13,user,2026-01-13 21:08:09.424,2026-01-13 21:08:13.933
buy,0.01,0.01,XAUUSD,4619.696,4618.85,4618.85,,-0.11,0,-0.85,sl,2026-01-13 21:08:26.576,2026-01-13 21:08:37.929
buy,0.01,0.01,XAUUSD,4617.788,4618.811,4616.031,,-0.11,0,1.02,user,2026-01-13 21:09:12.744,2026-01-13 21:09:25.098
buy,0.01,0.01,XAUUSD,4621.19,4623.128,4618.913,,-0.11,0,1.94,user,2026-01-13 21:11:03.158,2026-01-13 21:11:09.089
buy,0.01,0.01,XAUUSD,4622.581,4621.968,4620.875,,-0.11,0,-0.61,user,2026-01-13 21:12:03.677,2026-01-13 21:12:12.611
buy,0.01,0.01,XAUUSD,4623.765,4623.752,4621.48,,-0.11,0,-0.02,user,2026-01-13 21:13:14.318,2026-01-13 21:13:19.864
buy,0.01,0.01,XAUUSD,4622.425,4619.246,4619.543,,-0.11,0,-3.18,sl,2026-01-13 21:14:39.430,2026-01-13 21:15:54.568
buy,0.01,0.01,XAUUSD,4617.179,4615.304,4615.304,4624.871,-0.11,0,-1.88,sl,2026-01-13 21:16:41.059,2026-01-13 21:17:41.397
buy,0.01,0.01,XAUUSD,4605.839,4607.652,4603.568,,-0.11,0,1.81,user,2026-01-13 21:19:05.839,2026-01-13 21:19:18.332
sell,0.01,0.01,XAUUSD,4608.569,4606.957,4611.005,4605.218,-0.11,0,1.61,user,2026-01-13 21:23:11.133,2026-01-13 21:23:24.233
sell,0.01,0.01,XAUUSD,4606.566,4607.869,4610.192,4603.206,-0.11,0,-1.3,user,2026-01-13 21:27:02.632,2026-01-13 21:27:16.244
buy,0.01,0.01,XAUUSD,4607.974,4609.962,4605.454,,-0.11,0,1.99,user,2026-01-13 21:30:52.087,2026-01-13 21:31:03.250
buy,0.01,0.01,XAUUSD,4607.453,4608.9890000000005,4605.85,,-0.11,0,1.54,user,2026-01-13 21:41:21.060,2026-01-13 21:41:39.405
buy,0.01,0.01,XAUUSD,4615.097,4614.823,4612.297,,-0.11,0,-0.28,user,2026-01-13 21:45:47.823,2026-01-13 21:45:52.339
sell,0.01,0.01,XAUUSD,4584.394,4585.166,4587.676,,-0.11,0,-0.78,user,2026-01-14 02:45:17.166,2026-01-14 02:46:19.715
buy,0.01,0.01,XAUUSD,4598.509,4606.028,4598.046,4609.484,-0.11,0,7.52,user,2026-01-14 05:56:13.908,2026-01-14 06:10:11.224
buy,0.01,0.01,XAUUSD,4605.991,4604.787,4604.787,4621.986,-0.11,0,-1.2,sl,2026-01-14 06:13:22.078,2026-01-14 06:21:17.488
buy,0.01,0.01,XAUUSD,4604.317,4608.887,4601.856,4608.887,-0.11,0,4.57,tp,2026-01-14 06:24:26.276,2026-01-14 06:26:57.802
buy,0.01,0.01,XAUUSD,4609.028,4610.1140000000005,4607.856,4612.204,-0.11,0,1.08,user,2026-01-14 06:31:31.223,2026-01-14 06:33:34.345
buy,0.01,0.01,XAUUSD,4607.767,4606.837,4607.521,,-0.11,0,-0.93,sl,2026-01-14 06:57:46.601,2026-01-14 07:00:03.479
buy,0.01,0.01,XAUUSD,4615.234,4618.111,4614.978,4619.171,-0.11,0,2.88,user,2026-01-14 07:35:36.066,2026-01-14 07:37:38.425
buy,0.01,0.01,BTCUSD,95343.6,95276.09,95276.09,95931.13,-0.16,0,-0.68,sl,2026-01-14 07:10:14.856,2026-01-14 07:39:40.286
buy,0.01,0.01,XAUUSD,4615.58,4614.905,4615.468,4620.345,-0.11,0,-0.67,sl,2026-01-14 07:44:06.930,2026-01-14 07:48:44.125
buy,0.01,0.01,XAUUSD,4614.322,4617.347,4613.769,4620.387,-0.11,0,3.03,user,2026-01-14 07:50:49.187,2026-01-14 07:52:41.168
sell,0.01,0.01,XAUUSD,4629.044,4630.909,4630.909,4624.051,-0.11,0,-1.87,sl,2026-01-14 12:40:20.784,2026-01-14 12:41:03.066
buy,0.01,0.01,XAUUSD,4632.308,4631.517,4631.517,,-0.11,0,-0.79,sl,2026-01-14 12:50:38.494,2026-01-14 12:51:38.432
buy,0.01,0.01,XAUUSD,4632.017,4632.621,4629.666,4641.005,-0.11,0,0.6,user,2026-01-14 12:45:08.432,2026-01-14 12:54:03.655
buy,0.01,0.01,XAUUSD,4631.762,4636.827,4630.673,4646.378,-0.11,0,5.07,user,2026-01-14 12:53:24.348,2026-01-14 12:59:48.199
buy,0.01,0.01,XAUUSD,4635.448,4632.662,4632.662,4641.43,-0.11,0,-2.79,sl,2026-01-14 13:00:06.814,2026-01-14 13:06:49.667
buy,0.01,0.01,XAUUSD,4633.4,4632.205,4632.205,4639.293,-0.11,0,-1.19,sl,2026-01-14 13:10:38.063,2026-01-14 13:11:30.119
buy,0.01,0.01,XAUUSD,4633.336,4638.387,4634.248,4641.529,-0.11,0,5.05,user,2026-01-14 13:13:06.159,2026-01-14 13:28:22.496
buy,0.01,0.01,XAUUSD,4635.672,4633.271,4633.271,4641.56,-0.11,0,-2.4,sl,2026-01-14 13:30:53.771,2026-01-14 13:55:36.270
buy,0.01,0.01,BTCUSD,95174.14,95235.29,95142.48,,-0.16,0,0.61,user,2026-01-14 14:20:21.055,2026-01-14 14:20:49.411
buy,0.01,0.01,XAUUSD,4624.8,4623.599,4623.599,,-0.11,0,-1.2,sl,2026-01-14 14:25:33.851,2026-01-14 14:26:01.692
buy,0.01,0.01,XAUUSD,4624.776,4622.857,4622.857,,-0.11,0,-1.92,sl,2026-01-14 14:26:16.737,2026-01-14 14:27:25.350
buy,0.01,0.01,XAUUSD,4623.414,4622.14,4622.14,,-0.11,0,-1.27,sl,2026-01-14 14:28:22.610,2026-01-14 14:28:34.410
buy,0.01,0.01,XAUUSD,4625.487,4627.1410000000005,4625.027,4632.844,-0.11,0,1.65,user,2026-01-14 14:29:16.608,2026-01-14 14:33:50.710
buy,0.01,0.01,BTCUSD,95260.22,94987.69,94993.45,96901.04,-0.16,0,-2.72,sl,2026-01-14 14:03:36.166,2026-01-14 14:38:00.264
buy,0.01,0.01,XAUUSD,4629.611,4635.0,4628.556,4637.318,-0.11,0,5.39,user,2026-01-14 14:36:45.362,2026-01-14 14:46:28.227
buy,0.01,0.01,XAUUSD,4636.569,4638.659,4636.102,4641.197,-0.11,0,2.09,user,2026-01-14 15:11:04.907,2026-01-14 15:14:42.723
buy,0.01,0.01,XAUUSD,4631.551,4629.229,4629.602,4639.586,-0.11,0,-2.32,sl,2026-01-14 16:06:55.365,2026-01-14 16:08:42.478
buy,0.01,0.01,XAUUSD,4630.58,4637.003,4635.016,4638.889,-0.11,0,6.42,user,2026-01-14 16:12:41.538,2026-01-14 16:43:29.590
buy,0.01,0.01,XAUUSD,4634.551,4634.905,4634.905,4638.979,-0.11,0,0.36,sl,2026-01-14 17:09:02.307,2026-01-14 17:18:24.296
buy,0.01,0.01,XAUUSD,4636.822,4632.9890000000005,4627.426,4646.761,-0.11,0,-3.83,user,2026-01-14 19:01:59.501,2026-01-14 19:05:45.620
buy,0.01,0.01,XAUUSD,4634.244,4632.091,4632.091,,-0.11,0,-2.15,sl,2026-01-14 19:24:42.720,2026-01-14 19:25:41.893
buy,0.01,0.01,XAUUSD,4632.322,4629.396,4629.396,,-0.11,0,-2.92,sl,2026-01-14 19:31:04.386,2026-01-14 19:32:02.058
buy,0.01,0.01,XAUUSD,4632.65,4631.773,4631.773,,-0.11,0,-0.88,sl,2026-01-14 19:40:48.802,2026-01-14 19:50:19.177
buy,0.01,0.02,XAUUSD,4633.659,4635.234,4632.936,4635.862,,0,1.57,user,2026-01-14 19:53:16.039,2026-01-14 19:56:30.069
buy,0.01,0.02,XAUUSD,4633.659,4635.862,4632.936,4635.862,-0.22,0,2.2,tp,2026-01-14 19:53:16.039,2026-01-14 19:59:45.166
buy,0.01,0.01,XAUUSD,4637.82,4635.409,4635.409,,-0.11,0,-2.41,sl,2026-01-14 20:03:23.461,2026-01-14 20:05:32.178
buy,0.01,0.01,XAGUSD,92.002,91.884,91.884,92.419,-1.0,0,-5.9,sl,2026-01-14 20:06:19.635,2026-01-14 20:07:49.441
buy,0.01,0.01,XAGUSD,91.932,91.787,91.787,92.314,-1.0,0,-7.25,sl,2026-01-14 20:10:37.809,2026-01-14 20:11:03.641
buy,0.01,0.01,XAGUSD,91.968,91.844,91.844,92.13,-1.0,0,-6.2,sl,2026-01-14 20:28:27.003,2026-01-14 20:30:01.470
buy,0.02,0.02,XAGUSD,91.403,91.526,91.219,91.746,-2.0,0,12.3,user,2026-01-14 20:33:22.394,2026-01-14 20:33:29.053
sell,0.01,0.02,XAGUSD,91.131,91.097,91.613,90.842,,0,1.7,user,2026-01-14 20:38:14.075,2026-01-14 20:38:25.619
sell,0.01,0.02,XAGUSD,91.131,91.077,91.613,90.842,-2.0,0,2.7,user,2026-01-14 20:38:14.075,2026-01-14 20:39:17.042
sell,0.01,0.02,XAGUSD,90.797,90.705,,,,0,4.6,user,2026-01-14 20:40:03.972,2026-01-14 20:42:50.373
sell,0.01,0.02,XAGUSD,90.797,90.581,,,-2.0,0,10.8,user,2026-01-14 20:40:03.972,2026-01-14 20:43:33.503
sell,0.01,0.01,XAUUSD,4617.837,4609.717,4620.825,4609.717,-0.11,0,8.12,tp,2026-01-14 20:45:01.978,2026-01-14 20:48:42.078
sell,0.01,0.01,XAUUSD,4615.053,4618.187,4619.276,4608.135,-0.11,0,-3.14,user,2026-01-14 20:55:02.112,2026-01-14 20:58:16.689
sell,0.01,0.01,XAUUSD,4613.972,4606.057,4616.993,4604.403,-0.11,0,7.91,user,2026-01-14 21:01:07.705,2026-01-14 21:02:14.754
sell,0.01,0.01,XAUUSD,4604.235,4609.626,4609.626,4596.988,-0.11,0,-5.39,sl,2026-01-14 21:06:02.026,2026-01-14 21:06:38.839
sell,0.01,0.01,XAUUSD,4608.938,4600.677,4609.209,4600.677,-0.11,0,8.26,tp,2026-01-14 21:07:20.841,2026-01-14 21:09:10.618
sell,0.01,0.01,XAUUSD,4613.252,4615.2880000000005,4617.808,4601.337,-0.11,0,-2.04,user,2026-01-14 21:12:58.021,2026-01-14 21:13:22.599
sell,0.01,0.01,XAUUSD,4614.805,4616.683,4616.683,4603.982,-0.11,0,-1.87,sl,2026-01-14 21:15:10.359,2026-01-14 21:15:53.127
buy,0.01,0.01,XAUUSD,4637.846,4636.733,4636.733,,-0.11,0,-1.12,sl,2026-01-15 01:07:26.814,2026-01-15 01:07:55.621
buy,0.01,0.01,XAUUSD,4636.198,4634.827,4634.827,4639.381,-0.11,0,-1.37,sl,2026-01-15 01:13:06.216,2026-01-15 01:15:52.516
buy,0.01,0.01,BTCUSD,96928.21,97351.72,97085.94,97528.76,-0.16,0,4.24,user,2026-01-15 01:11:07.183,2026-01-15 01:26:14.779
buy,0.01,0.01,XAUUSD,4609.342,4606.453,4606.453,4622.46,-0.11,0,-2.89,sl,2026-01-15 13:01:27.700,2026-01-15 13:07:52.864
buy,0.01,0.01,XAUUSD,4607.439,4606.603,4606.603,,-0.11,0,-0.84,sl,2026-01-15 13:06:19.320,2026-01-15 13:07:53.011
buy,0.01,0.01,XAUUSD,4606.018,4613.302,4608.39,4616.185,-0.11,0,7.28,user,2026-01-15 13:08:20.777,2026-01-15 13:19:08.746
sell,0.01,0.01,XAUUSD,4583.833,4590.68,4590.68,,-0.11,0,-6.85,sl,2026-01-15 20:02:23.966,2026-01-15 20:03:27.971
buy,0.01,0.02,XAUUSD,4598.428,4601.638,4595.865,4604.823,,0,3.21,user,2026-01-15 20:14:51.294,2026-01-15 20:22:41.739
buy,0.01,0.02,XAUUSD,4598.428,4604.823,4595.865,4604.823,-0.22,0,6.39,tp,2026-01-15 20:14:51.294,2026-01-15 20:24:28.761
buy,0.01,0.01,XAUUSD,4619.994,4617.135,4617.871,,-0.11,0,-2.85,sl,2026-01-16 05:05:32.260,2026-01-16 05:06:49.894
buy,0.01,0.01,XAUUSD,4618.923,4614.812,4614.812,,-0.11,0,-4.11,sl,2026-01-16 05:02:20.551,2026-01-16 05:14:21.082
sell,0.01,0.01,XAUUSD,4613.009,4610.955,4610.955,4605.449,-0.11,0,2.05,sl,2026-01-16 05:26:10.289,2026-01-16 05:37:28.819
buy,0.01,0.01,XAUUSD,4609.976,4607.835,4607.835,4614.815,-0.11,0,-2.14,sl,2026-01-16 06:00:08.142,2026-01-16 06:02:21.152
buy,0.01,0.01,XAUUSD,4608.365,4607.848,4607.848,4614.957,-0.11,0,-0.52,sl,2026-01-16 06:22:27.866,2026-01-16 06:24:24.746
buy,0.01,0.01,XAUUSD,4600.702,4599.884,4599.884,,-0.11,0,-0.82,sl,2026-01-16 06:47:10.539,2026-01-16 06:50:02.641
sell,0.01,0.01,XAUUSD,4600.209,4602.071,4602.071,4591.076,-0.11,0,-1.86,sl,2026-01-16 06:51:10.160,2026-01-16 06:56:10.316
sell,0.01,0.01,XAUUSD,4597.877,4600.116,4600.116,,-0.11,0,-2.24,sl,2026-01-16 07:05:38.246,2026-01-16 07:08:00.913
buy,0.01,0.01,XAUUSD,4602.611,4606.743,4601.716,4610.341,-0.11,0,4.13,user,2026-01-16 07:19:50.729,2026-01-16 07:26:07.066
buy,0.01,0.01,XAUUSD,4605.751,4604.92,4604.92,4609.657,-0.11,0,-0.83,sl,2026-01-16 07:28:56.691,2026-01-16 07:31:54.544
buy,0.01,0.01,XAUUSD,4605.77,4608.022,4604.966,,-0.11,0,2.25,user,2026-01-16 07:41:16.918,2026-01-16 07:41:44.664
buy,0.01,0.01,XAUUSD,4606.309,4605.704,4605.704,,-0.11,0,-0.61,sl,2026-01-16 07:42:11.419,2026-01-16 07:42:15.497
buy,0.01,0.01,XAUUSD,4606.132,4607.696,4605.454,,-0.11,0,1.57,user,2026-01-16 07:43:02.421,2026-01-16 07:43:07.874
buy,0.01,0.01,XAUUSD,4606.439,4605.27,,,-0.11,0,-1.17,user,2026-01-16 07:44:41.893,2026-01-16 07:45:01.454
buy,0.01,0.01,XAUUSD,4602.291,4601.914,4601.914,,-0.11,0,-0.38,sl,2026-01-16 07:52:37.071,2026-01-16 07:52:39.530
buy,0.01,0.01,XAUUSD,4598.597,4597.952,4598.253,,-0.11,0,-0.65,sl,2026-01-16 10:30:12.581,2026-01-16 10:30:15.745
buy,0.01,0.01,XAUUSD,4606.573,4605.055,4605.055,4617.665,-0.11,0,-1.51,sl,2026-01-16 13:22:43.822,2026-01-16 13:23:31.133
buy,0.01,0.01,XAUUSD,4606.092,4605.203,4605.672,4618.082,-0.11,0,-0.89,sl,2026-01-16 13:24:35.279,2026-01-16 13:41:29.070
buy,0.01,0.01,XAUUSD,4608.091,4606.809,4606.809,,-0.11,0,-1.28,sl,2026-01-16 13:50:36.925,2026-01-16 13:52:48.137
buy,0.01,0.01,XAUUSD,4607.7,4606.946,4606.946,4613.166,-0.11,0,-0.75,sl,2026-01-16 13:53:04.223,2026-01-16 14:00:00.214
buy,0.01,0.01,XAUUSD,4609.171,4607.933,4607.933,,-0.11,0,-1.24,sl,2026-01-16 14:02:02.877,2026-01-16 14:02:20.594
buy,0.01,0.01,XAUUSD,4608.531,4607.956,4607.956,,-0.11,0,-0.57,sl,2026-01-16 14:04:07.534,2026-01-16 14:05:14.617
buy,0.01,0.01,XAUUSD,4608.083,4606.706,4606.941,4610.904,-0.11,0,-1.37,sl,2026-01-16 14:05:41.633,2026-01-16 14:08:30.818
buy,0.01,0.01,XAUUSD,4605.661,4606.743,4605.949,4608.78,-0.11,0,1.08,user,2026-01-16 14:09:58.945,2026-01-16 14:12:20.372
buy,0.01,0.01,XAUUSD,4607.487,4606.377,4606.625,,-0.11,0,-1.11,sl,2026-01-16 14:12:44.059,2026-01-16 14:13:14.466
buy,0.01,0.01,XAUUSD,4606.63,4605.943,4605.943,4608.797,-0.11,0,-0.69,sl,2026-01-16 14:13:50.803,2026-01-16 14:14:06.025
sell,0.01,0.01,XAUUSD,4605.036,4606.546,4606.546,4602.316,-0.11,0,-1.51,sl,2026-01-16 14:15:25.336,2026-01-16 14:16:15.869
buy,0.01,0.01,XAUUSD,4607.098,4606.728,4606.728,,-0.11,0,-0.37,sl,2026-01-16 14:20:07.079,2026-01-16 14:21:46.569
buy,0.01,0.01,XAUUSD,4607.902,4608.564,4607.135,,-0.11,0,0.66,user,2026-01-16 14:23:50.664,2026-01-16 14:24:23.784
buy,0.01,0.01,XAUUSD,4609.007,4609.3240000000005,4607.948,,-0.11,0,0.31,user,2026-01-16 14:27:10.875,2026-01-16 14:27:54.163
buy,0.01,0.01,XAUUSD,4608.844,4609.397,4607.98,,-0.11,0,0.56,user,2026-01-16 14:28:02.468,2026-01-16 14:28:59.213
buy,0.01,0.01,XAUUSD,4608.396,4607.992,4607.992,,-0.11,0,-0.41,sl,2026-01-16 14:32:06.974,2026-01-16 14:32:49.561
buy,0.01,0.01,XAUUSD,4607.592,4606.727,4607.245,,-0.11,0,-0.86,sl,2026-01-16 14:33:56.046,2026-01-16 14:34:22.157
buy,0.01,0.01,XAUUSD,4605.423,4604.934,4604.934,,-0.11,0,-0.49,sl,2026-01-16 14:36:45.559,2026-01-16 14:36:59.269
buy,0.01,0.01,XAUUSD,4606.181,4604.735,4604.735,4608.639,-0.11,0,-1.44,sl,2026-01-16 14:35:04.158,2026-01-16 14:36:59.820
buy,0.02,0.02,XAUUSD,4604.529,4603.967,4603.967,,-0.22,0,-1.13,sl,2026-01-16 14:37:33.668,2026-01-16 14:37:40.774
buy,0.01,0.02,XAUUSD,4604.357,4605.054,4603.887,4609.127,,0,0.69,user,2026-01-16 14:38:20.638,2026-01-16 14:39:20.629
buy,0.01,0.02,XAUUSD,4604.357,4603.887,4603.887,4609.127,-0.22,0,-0.47,sl,2026-01-16 14:38:20.638,2026-01-16 14:40:35.031
buy,0.02,0.02,XAUUSD,4605.051,4603.866,4603.866,4608.628,-0.22,0,-2.37,sl,2026-01-16 14:42:57.169,2026-01-16 14:43:36.187
buy,0.02,0.02,XAUUSD,4602.399,4602.456,4601.902,4603.513,-0.22,0,0.11,user,2026-01-16 14:45:22.753,2026-01-16 14:45:50.019
buy,0.02,0.02,XAUUSD,4602.353,4601.874,4601.874,4603.19,-0.22,0,-0.96,sl,2026-01-16 14:47:03.177,2026-01-16 14:47:30.284
sell,0.03,0.03,XAUUSD,4602.545,4603.256,4603.256,4598.89,-0.33,0,-2.13,sl,2026-01-16 14:48:20.392,2026-01-16 14:48:55.953
buy,0.01,0.01,XAUUSD,4606.912,4605.089,4605.089,4610.553,-0.11,0,-1.82,sl,2026-01-16 14:55:35.256,2026-01-16 14:55:54.676
buy,0.02,0.02,XAUUSD,4605.529,4604.549,,,-0.22,0,-1.96,user,2026-01-16 14:56:07.613,2026-01-16 14:56:27.925
sell,0.01,0.03,XAUUSD,4604.455,4603.24,4604.89,4599.114,,0,1.22,user,2026-01-16 14:57:21.982,2026-01-16 14:59:19.687
sell,0.01,0.03,XAUUSD,4604.455,4602.868,4604.89,4599.114,,0,1.59,user,2026-01-16 14:57:21.982,2026-01-16 14:59:40.602
sell,0.01,0.03,XAUUSD,4604.455,4603.265,4604.89,4599.114,-0.33,0,1.19,user,2026-01-16 14:57:21.982,2026-01-16 14:59:59.753
buy,0.01,0.01,XAUUSD,4603.242,4604.405,4603.255,4605.344,-0.11,0,1.17,user,2026-01-16 15:03:11.122,2026-01-16 15:03:52.646
buy,0.01,0.01,XAUUSD,4604.161,4605.298,4603.026,4606.693,-0.11,0,1.14,user,2026-01-16 15:04:26.391,2026-01-16 15:05:24.882
sell,0.01,0.01,XAUUSD,4606.17,4603.301,4606.46,4603.165,-0.11,0,2.87,user,2026-01-16 15:09:46.992,2026-01-16 15:15:59.155
buy,0.01,0.01,XAUUSD,4603.694,4602.029,4602.3,4607.516,-0.11,0,-1.66,sl,2026-01-16 15:18:33.552,2026-01-16 15:24:01.182
sell,0.01,0.01,XAUUSD,4599.671,4600.627,4601.047,4596.56,-0.11,0,-0.96,user,2026-01-16 15:33:22.501,2026-01-16 15:38:40.284
buy,0.01,0.01,XAUUSD,4607.173,4609.959,4604.722,4611.605,-0.11,0,2.79,user,2026-01-16 17:15:16.655,2026-01-16 17:25:30.002
buy,0.01,0.01,XAUUSD,4613.375,4612.701,4611.784,4618.779,-0.11,0,-0.68,user,2026-01-16 17:36:06.759,2026-01-16 17:37:10.753
buy,0.04,0.04,BTCUSD,95361.16,95286.63,95286.63,95559.69,-0.64,0,-2.98,sl,2026-01-16 17:38:19.500,2026-01-16 17:44:43.044
buy,0.01,0.01,XAUUSD,4613.79,4611.799,4611.799,4621.824,-0.11,0,-1.99,sl,2026-01-16 17:49:15.677,2026-01-16 18:00:20.738
buy,0.02,0.02,XAUUSD,4611.12,4609.656,4609.656,4616.241,-0.22,0,-2.93,sl,2026-01-16 18:05:50.022,2026-01-16 18:06:02.155
buy,0.01,0.01,XAUUSD,4611.021,4606.304,4606.304,,-0.11,0,-4.72,sl,2026-01-16 18:06:50.361,2026-01-16 18:24:09.227
buy,0.01,0.01,XAUUSD,4605.89,4607.334,4604.848,4615.906,-0.11,0,1.44,user,2026-01-16 18:25:51.589,2026-01-16 18:26:47.792
buy,0.01,0.01,XAUUSD,4606.709,4604.2970000000005,4604.78,4616.878,-0.11,0,-2.41,sl,2026-01-16 18:29:15.502,2026-01-16 18:30:38.388
buy,0.04,0.04,BTCUSD,95392.98,95378.12,95378.12,103255.67,-0.64,0,-0.6,sl,2026-01-16 17:47:42.110,2026-01-16 18:49:44.936
buy,0.01,0.01,XAUUSD,4604.492,4598.2080000000005,,4614.443,-0.11,0,-6.28,user,2026-01-16 18:50:49.332,2026-01-16 18:53:06.502
buy,0.01,0.01,XAUUSD,4602.677,4598.407,4598.407,4612.737,-0.11,0,-4.27,sl,2026-01-16 18:56:44.386,2026-01-16 19:04:57.861
buy,0.01,0.02,XAUUSD,4599.785,4602.773,4597.879,4609.057,,0,2.98,user,2026-01-16 19:06:15.984,2026-01-16 19:07:27.379
buy,0.01,0.01,XAUUSD,4601.497,4599.467,4599.88,4611.209,-0.11,0,-2.03,sl,2026-01-16 19:08:12.844,2026-01-16 19:08:48.673
buy,0.01,0.02,XAUUSD,4599.785,4597.879,4597.879,4609.057,-0.22,0,-1.91,sl,2026-01-16 19:06:15.984,2026-01-16 19:09:54.116
sell,0.01,0.01,XAUUSD,4597.512,4596.186,4599.059,4590.596,-0.11,0,1.32,user,2026-01-16 19:14:40.250,2026-01-16 19:15:46.751
sell,0.01,0.01,XAUUSD,4596.477,4590.034,4599.179,4590.619,-0.11,0,6.45,tp,2026-01-16 19:13:11.183,2026-01-16 19:16:45.604
sell,0.01,0.01,XAUUSD,4591.193,4594.587,4594.209,4578.658,-0.11,0,-3.4,sl,2026-01-16 19:24:49.169,2026-01-16 19:33:11.353
buy,0.01,0.01,XAUUSD,4595.805,4595.061,4591.482,4606.419,-0.11,0,-0.75,user,2026-01-16 19:34:05.490,2026-01-16 19:35:00.302
sell,0.02,0.02,XAUUSD,4594.781,4598.02,4598.02,4580.433,-0.22,0,-6.48,sl,2026-01-16 19:35:14.145,2026-01-16 19:35:40.956
buy,0.01,0.01,XAUUSD,4597.72,4593.692,4593.692,4607.447,-0.11,0,-4.03,sl,2026-01-16 19:36:44.232,2026-01-16 19:39:01.355
buy,0.01,0.01,BTCUSD,95406.66,95324.77,95324.77,95863.99,-0.16,0,-0.82,sl,2026-01-16 19:10:15.368,2026-01-16 19:39:36.992
sell,0.01,0.02,XAUUSD,4592.623,4596.062,4596.418,4578.776,,0,-3.44,user,2026-01-16 19:40:33.026,2026-01-16 19:41:17.551
sell,0.01,0.02,XAUUSD,4592.623,4596.418,4596.418,4578.776,-0.22,0,-3.8,sl,2026-01-16 19:40:33.026,2026-01-16 19:41:18.447
buy,0.01,0.01,XAUUSD,4599.911,4601.417,4594.267,4625.207,-0.11,0,1.51,user,2026-01-16 19:48:16.279,2026-01-16 19:50:03.581
buy,0.01,0.01,XAUUSD,4598.694,4600.887,4594.904,4610.055,-0.11,0,2.2,user,2026-01-16 19:44:17.135,2026-01-16 19:57:26.896
buy,0.01,0.01,XAUUSD,4599.355,4602.175,4597.769,4624.32,-0.11,0,2.82,user,2026-01-16 20:03:31.139,2026-01-16 20:04:45.951
buy,0.01,0.01,XAUUSD,4604.519,4603.496,4603.496,4610.631,-0.11,0,-1.02,sl,2026-01-16 20:08:18.712,2026-01-16 20:10:01.171
buy,0.01,0.01,XAUUSD,4595.449,4607.398,4602.328,4617.068,-0.11,0,11.95,user,2026-01-16 19:42:18.635,2026-01-16 20:14:35.385
buy,0.01,0.01,XAUUSD,4605.191,4602.243,4602.243,4613.667,-0.11,0,-2.95,sl,2026-01-16 20:21:07.463,2026-01-16 20:24:50.424
buy,0.01,0.01,XAUUSD,4603.619,4602.243,4602.243,4607.42,-0.11,0,-1.38,sl,2026-01-16 20:23:40.723,2026-01-16 20:24:50.515
buy,0.01,0.01,XAUUSD,4602.688,4602.01,4602.01,4606.725,-0.11,0,-0.68,sl,2026-01-16 20:24:37.114,2026-01-16 20:24:58.772
buy,0.01,0.01,XAUUSD,4605.444,4604.23,4604.23,4609.41,-0.11,0,-1.21,sl,2026-01-16 20:26:58.365,2026-01-16 20:27:04.859
sell,0.01,0.01,XAUUSD,4597.542,4601.243,4601.243,4593.441,-0.11,0,-3.7,sl,2026-01-16 20:31:31.897,2026-01-16 20:32:00.094
buy,0.01,0.05,XAUUSD,4607.929,4610.121,4604.707,,,0,2.19,user,2026-01-16 20:35:14.365,2026-01-16 20:36:39.754
buy,0.01,0.05,XAUUSD,4607.929,4610.433,4604.707,,,0,2.5,user,2026-01-16 20:35:14.365,2026-01-16 20:36:48.290
buy,0.01,0.05,XAUUSD,4607.929,4610.004,4604.707,,,0,2.07,user,2026-01-16 20:35:14.365,2026-01-16 20:37:12.811
buy,0.01,0.05,XAUUSD,4607.929,4607.0,4604.707,,,0,-0.93,user,2026-01-16 20:35:14.365,2026-01-16 20:38:55.481
buy,0.01,0.05,XAUUSD,4607.929,4604.707,4604.707,,-0.55,0,-3.22,sl,2026-01-16 20:35:14.365,2026-01-16 20:39:56.610
buy,0.01,0.05,XAUUSD,4608.122,4609.8330000000005,4607.148,,,0,1.71,user,2026-01-16 20:40:53.043,2026-01-16 20:45:27.063
buy,0.01,0.05,XAUUSD,4608.122,4608.222,4607.148,,,0,0.1,user,2026-01-16 20:40:53.043,2026-01-16 20:46:07.152
buy,0.01,0.05,XAUUSD,4608.122,4608.808,4607.148,,,0,0.69,user,2026-01-16 20:40:53.043,2026-01-16 20:46:16.695
buy,0.03,0.03,XAUUSD,4612.563,4612.951,,,-0.33,0,1.16,user,2026-01-16 20:48:23.180,2026-01-16 20:48:38.753
buy,0.01,0.05,XAUUSD,4608.122,4614.152,4607.148,,,0,6.03,user,2026-01-16 20:40:53.043,2026-01-16 20:50:04.666
buy,0.01,0.01,XAUUSD,4611.843,4612.845,4609.318,,-0.11,0,1.01,user,2026-01-16 20:51:00.224,2026-01-16 20:51:26.360
buy,0.01,0.05,XAUUSD,4608.122,4609.041,4607.148,,-0.55,0,0.92,user,2026-01-16 20:40:53.043,2026-01-16 20:59:30.164
buy,0.05,0.05,XAUUSD,4610.601,4611.647,4608.964,4616.978,-0.55,0,5.23,user,2026-01-16 21:01:09.379,2026-01-16 21:01:19.366
buy,0.01,0.01,USOIL,59.795,59.369,59.369,62.257,-0.13,0,-4.26,sl,2026-01-16 17:31:35.876,2026-01-16 21:01:55.126
buy,0.05,0.05,XAUUSD,4610.581,4611.935,4608.785,4617.903,-0.55,0,6.77,user,2026-01-16 21:02:26.591,2026-01-16 21:02:34.706
buy,0.05,0.05,XAUUSD,4617.002,4616.633,4614.729,4626.371,-0.55,0,-1.84,user,2026-01-16 21:09:10.337,2026-01-16 21:09:37.284
buy,0.05,0.05,XAUUSD,4616.906,4616.3330000000005,4614.819,4620.659,-0.55,0,-2.86,user,2026-01-16 21:09:58.131,2026-01-16 21:10:56.803
buy,0.05,0.05,XAUUSD,4616.958,4617.237,4614.799,4626.178,-0.55,0,1.4,user,2026-01-16 21:11:33.738,2026-01-16 21:11:38.399
buy,0.05,0.05,XAUUSD,4617.117,4617.223,4614.799,4626.782,-0.55,0,0.53,user,2026-01-16 21:12:16.769,2026-01-16 21:12:51.731
buy,0.05,0.05,XAUUSD,4618.05,4616.901,4614.817,4626.801,-0.55,0,-5.74,user,2026-01-16 21:13:11.144,2026-01-16 21:13:19.685
buy,0.05,0.05,XAUUSD,4616.483,4614.799,4614.799,4618.287,-0.55,0,-8.42,sl,2026-01-16 21:14:02.658,2026-01-16 21:16:07.498
buy,0.05,0.1,XAUUSD,4617.02,4616.3,4614.687,4623.589,,0,-3.6,user,2026-01-16 21:17:16.647,2026-01-16 21:17:42.866
buy,0.05,0.1,XAUUSD,4617.02,4614.418,4614.687,4623.589,-1.1,0,-13.01,sl,2026-01-16 21:17:16.647,2026-01-16 21:18:34.624
buy,0.01,0.01,XAUUSD,4613.106,4612.2,4612.2,4625.958,-0.11,0,-0.91,sl,2026-01-16 21:03:13.565,2026-01-16 21:18:35.835
sell,0.1,0.1,XAUUSD,4614.04,4607.799,4617.899,4607.799,-1.1,0,62.41,tp,2026-01-16 21:19:11.708,2026-01-16 21:19:53.233
sell,0.01,0.01,XAUUSD,4598.371,4592.613,4602.767,4592.613,-0.11,0,5.76,tp,2026-01-16 21:23:42.800,2026-01-16 21:24:02.509
sell,0.01,0.01,XAUUSD,4545.287,4540.856,4557.145,4529.632,-0.11,0,4.43,user,2026-01-16 21:34:52.467,2026-01-16 21:35:02.521
sell,0.01,0.01,XAUUSD,4551.387,4549.18,4555.982,4533.223,-0.11,0,2.21,user,2026-01-16 21:39:25.157,2026-01-16 21:39:47.023
buy,0.01,0.01,XAUUSD,4555.347,4560.585,4552.451,4572.906,-0.11,0,5.24,user,2026-01-16 21:44:48.057,2026-01-16 21:45:13.171
buy,0.01,0.01,XAUUSD,4564.28,4567.028,4560.186,4580.636,-0.11,0,2.75,user,2026-01-16 21:46:37.157,2026-01-16 21:47:53.723
buy,0.01,0.01,XAUUSD,4568.166,4566.515,4566.809,4585.081,-0.11,0,-1.65,sl,2026-01-16 21:49:10.058,2026-01-16 21:49:25.744
buy,0.01,0.01,XAUUSD,4572.291,4573.155,4569.858,4588.285,-0.11,0,0.87,user,2026-01-16 21:55:34.219,2026-01-16 21:55:57.869
buy,0.01,0.01,XAUUSD,4572.483,4569.998,4569.998,4580.632,-0.11,0,-2.48,sl,2026-01-16 21:56:14.999,2026-01-16 21:57:02.707
buy,0.01,0.01,XAUUSD,4573.843,4570.749,4570.749,4589.169,-0.11,0,-3.09,sl,2026-01-16 22:02:09.975,2026-01-16 22:02:36.415
sell,0.01,0.01,XAUUSD,4577.822,4580.43,4580.071,4562.613,-0.11,0,-2.61,sl,2026-01-16 22:04:56.144,2026-01-16 22:05:04.352
buy,0.01,0.01,XAUUSD,4580.545,4585.183,,4596.176,-0.11,0,4.63,user,2026-01-16 22:06:46.188,2026-01-16 22:06:52.838
buy,0.01,0.01,XAUUSD,4587.699,4585.856,4585.856,4607.582,-0.11,0,-1.84,sl,2026-01-16 22:08:43.072,2026-01-16 22:16:46.384
buy,0.01,0.01,XAUUSD,4587.278,4590.063,4578.627,4601.187,-0.11,0,2.78,user,2026-01-16 22:20:50.673,2026-01-16 22:21:03.764
buy,0.01,0.01,XAUUSD,4591.327,4593.188,4584.343,4607.888,-0.11,0,1.86,user,2026-01-16 22:20:25.942,2026-01-16 22:23:04.358
buy,0.01,0.01,XAUUSD,4592.312,4589.995,4590.585,4607.119,-0.11,0,-2.31,sl,2026-01-16 22:25:37.701,2026-01-16 22:26:39.505
buy,0.02,0.02,XAUUSD,4593.168,4592.656,,4606.051,-0.22,0,-1.03,user,2026-01-16 22:27:11.159,2026-01-16 22:27:18.285
buy,0.02,0.02,XAUUSD,4592.299,4593.3,,4606.67,-0.22,0,2.0,user,2026-01-16 22:27:28.052,2026-01-16 22:27:51.229
buy,0.02,0.02,XAUUSD,4594.495,4595.072,,4610.913,-0.22,0,1.15,user,2026-01-16 22:28:01.353,2026-01-16 22:28:06.934
buy,0.01,0.01,XAUUSD,4593.721,4591.575,4591.575,4610.233,-0.11,0,-2.14,sl,2026-01-16 22:29:02.633,2026-01-16 22:29:26.670
buy,0.01,0.01,XAUUSD,4594.623,4591.575,4591.575,4610.988,-0.11,0,-3.04,sl,2026-01-16 22:28:41.611,2026-01-16 22:29:26.701
buy,0.02,0.02,XAUUSD,4591.974,4594.136,4589.785,4608.925,-0.22,0,4.32,user,2026-01-16 22:31:48.958,2026-01-16 22:32:02.368
buy,0.01,0.01,XAUUSD,4590.611,4589.59,4588.884,4608.624,-0.11,0,-1.02,user,2026-01-16 22:32:49.666,2026-01-16 22:33:33.850
buy,0.01,0.01,XAUUSD,4590.693,4593.7210000000005,4588.103,4594.32,-0.11,0,3.03,user,2026-01-16 22:35:01.986,2026-01-16 22:35:42.871
buy,0.01,0.01,XAUUSD,4593.072,4590.004,4590.004,,-0.11,0,-3.07,sl,2026-01-16 22:48:08.970,2026-01-16 22:48:44.651
buy,0.01,0.01,XAUUSD,4596.438,4589.496,4589.496,,-0.11,0,-6.94,sl,2026-01-16 22:41:03.177,2026-01-16 22:48:54.356
sell,0.01,0.01,XAUUSD,4587.209,4588.669,4589.595,,-0.11,0,-1.46,user,2026-01-16 22:55:52.562,2026-01-16 22:58:06.522
sell,0.01,0.01,XAUUSD,4588.396,4589.645,4589.645,4576.488,-0.11,0,-1.25,sl,2026-01-16 22:52:05.731,2026-01-16 22:58:16.838
sell,0.01,0.01,XAUUSD,4578.589,4578.066,,,-0.11,0,0.52,user,2026-01-16 23:30:05.405,2026-01-16 23:30:19.369
sell,0.01,0.01,XAUUSD,4581.418,4584.399,4584.399,4572.245,-0.11,0,-2.98,sl,2026-01-16 23:30:47.221,2026-01-16 23:32:26.034
sell,0.01,0.01,XAUUSD,4583.827,4586.502,4586.502,4573.551,-0.11,0,-2.67,sl,2026-01-16 23:33:01.467,2026-01-16 23:38:33.181
sell,0.01,0.01,XAUUSD,4583.138,4580.909,4585.267,4578.833,-0.11,0,2.23,user,2026-01-16 23:41:36.233,2026-01-16 23:45:06.135
sell,0.01,0.01,XAUUSD,4583.001,4585.186,4585.186,4577.546,-0.11,0,-2.19,sl,2026-01-16 23:51:17.007,2026-01-17 00:03:36.379
buy,0.01,0.01,XAUUSD,4589.636,4590.435,4588.382,4591.704,-0.11,0,0.8,user,2026-01-17 01:45:07.384,2026-01-17 01:45:48.468
buy,0.01,0.01,XAUUSD,4589.827,4590.311,4588.371,4591.684,-0.11,0,0.48,user,2026-01-17 01:46:18.024,2026-01-17 01:48:24.552
buy,0.01,0.01,XAUUSD,4591.302,4591.861,,,-0.11,0,0.56,user,2026-01-17 01:56:08.845,2026-01-17 01:56:17.432
buy,0.01,0.01,XAUUSD,4591.55,4590.51,4590.51,,-0.11,0,-1.04,sl,2026-01-17 01:57:02.798,2026-01-17 01:59:14.646
sell,0.01,0.01,XAUUSD,4594.554,4592.624,4596.036,4592.624,-0.11,0,1.93,tp,2026-01-17 02:08:48.615,2026-01-17 02:12:35.409
sell,0.01,0.01,XAUUSD,4588.964,4585.918,4591.082,4584.116,-0.11,0,3.04,user,2026-01-17 02:20:38.960,2026-01-17 02:30:19.158
sell,0.01,0.01,XAUUSD,4585.364,4585.1810000000005,,,-0.11,0,0.18,user,2026-01-17 02:36:30.675,2026-01-17 02:36:53.507
buy,0.01,0.01,XAUUSD,4585.945,4586.415,4585.016,4586.814,-0.11,0,0.47,user,2026-01-17 02:40:18.343,2026-01-17 02:41:22.783
sell,0.01,0.01,XAUUSD,4584.899,4584.738,4587.246,4582.594,-0.11,0,0.16,user,2026-01-17 02:45:41.178,2026-01-17 02:46:33.517
buy,0.01,0.01,XAUUSD,4586.89,4587.543,4585.878,,-0.11,0,0.65,user,2026-01-17 02:52:30.929,2026-01-17 02:53:23.595
buy,0.01,0.01,XAUUSD,4588.466,4586.46,4586.46,,-0.11,0,-2.01,sl,2026-01-17 02:55:27.782,2026-01-17 02:56:10.148
buy,0.01,0.01,XAUUSD,4582.808,4584.719,4581.952,4592.911,-0.11,0,1.91,user,2026-01-17 03:04:09.077,2026-01-17 03:13:02.381
buy,0.01,0.01,BTCUSD,95467.98,95369.99,95369.99,,-0.16,0,-0.98,sl,2026-01-17 05:36:09.303,2026-01-17 07:40:24.616
buy,0.01,0.01,XAUUSD,4662.346,4661.146,4661.146,,-0.11,0,-1.2,sl,2026-01-19 05:16:02.927,2026-01-19 05:18:14.196
buy,0.01,0.01,XAUUSD,4662.7,4666.439,4654.781,,-0.11,0,3.74,user,2026-01-19 05:20:04.246,2026-01-19 05:20:55.354
buy,0.01,0.01,XAGUSD,93.228,93.492,93.198,93.76,-1.0,0,13.2,user,2026-01-19 05:27:02.508,2026-01-19 05:30:50.935
buy,0.01,0.01,XAGUSD,93.623,93.506,93.506,94.333,-1.0,0,-5.85,sl,2026-01-19 05:34:09.658,2026-01-19 05:34:12.216
sell,0.01,0.01,XAGUSD,93.488,93.414,93.729,92.794,-1.0,0,3.7,user,2026-01-19 05:36:42.511,2026-01-19 05:37:50.755
buy,0.01,0.01,XAUUSD,4666.738,4665.213,4664.772,,-0.11,0,-1.53,user,2026-01-19 06:13:55.815,2026-01-19 06:14:35.681
buy,0.01,0.01,XAUUSD,4668.828,4677.557,4659.609,4693.322,-0.11,0,8.73,user,2026-01-19 05:41:19.390,2026-01-19 06:23:28.380
buy,0.01,0.01,XAUUSD,4676.999,4674.305,4673.841,,-0.11,0,-2.69,user,2026-01-19 06:25:52.721,2026-01-19 06:30:02.692
buy,0.01,0.01,XAUUSD,4677.617,4677.601,4675.866,4688.956,-0.11,0,-0.02,user,2026-01-19 06:34:27.529,2026-01-19 06:35:03.187
buy,0.01,0.01,XAUUSD,4679.309,4679.101,4677.231,4689.889,-0.11,0,-0.21,user,2026-01-19 06:39:35.526,2026-01-19 06:39:39.655
buy,0.01,0.01,XAUUSD,4677.72,4678.59,4677.373,4689.691,-0.11,0,0.87,user,2026-01-19 06:40:27.091,2026-01-19 06:40:43.317
buy,0.01,0.01,XAUUSD,4659.248,4656.935,4656.935,4673.472,-0.11,0,-2.31,sl,2026-01-19 07:26:02.564,2026-01-19 07:39:06.441
buy,0.01,0.01,XAUUSD,4660.857,4656.591,,,-0.11,0,-4.27,user,2026-01-19 07:38:04.177,2026-01-19 07:39:09.929
buy,0.01,0.03,XAUUSD,4658.03,4657.076,4657.348,4672.817,,0,-0.95,user,2026-01-19 07:39:35.041,2026-01-19 07:39:47.727
buy,0.01,0.03,XAUUSD,4658.03,4660.64,4657.348,4672.817,,0,2.61,user,2026-01-19 07:39:35.041,2026-01-19 07:40:17.624
buy,0.01,0.03,XAUUSD,4658.03,4657.348,4657.348,4672.817,-0.33,0,-0.68,sl,2026-01-19 07:39:35.041,2026-01-19 07:42:01.497
buy,0.01,0.03,XAUUSD,4662.446,4664.229,4661.914,4671.024,,0,1.78,user,2026-01-19 07:47:22.792,2026-01-19 07:50:07.616
buy,0.01,0.03,XAUUSD,4662.446,4662.483,4661.914,4671.024,,0,0.03,user,2026-01-19 07:47:22.792,2026-01-19 07:54:37.935
buy,0.01,0.03,XAUUSD,4662.446,4661.914,4661.914,4671.024,-0.33,0,-0.54,sl,2026-01-19 07:47:22.792,2026-01-19 07:55:42.641
buy,0.01,0.01,XAUUSD,4656.008,4653.942,,,-0.11,0,-2.07,user,2026-01-19 08:01:05.438,2026-01-19 08:02:01.087
buy,0.03,0.03,XAUUSD,4655.354,4653.747,4653.747,4659.611,-0.33,0,-4.82,sl,2026-01-19 08:03:25.029,2026-01-19 08:03:48.775
buy,0.05,0.05,XAUUSD,4654.304,4655.022,,,-0.55,0,3.59,user,2026-01-19 08:03:56.564,2026-01-19 08:04:01.607
buy,0.05,0.05,XAUUSD,4654.916,4655.501,,,-0.55,0,2.93,user,2026-01-19 08:04:17.020,2026-01-19 08:05:01.611
sell,0.03,0.05,XAUUSD,4662.434,4663.028,4664.13,4658.334,,0,-1.78,user,2026-01-19 08:10:00.926,2026-01-19 08:10:26.081
sell,0.02,0.05,XAUUSD,4662.434,4664.13,4664.13,4658.334,-0.55,0,-3.39,sl,2026-01-19 08:10:00.926,2026-01-19 08:11:01.570
buy,0.02,0.05,XAUUSD,4664.968,4662.402,,,,0,-5.14,user,2026-01-19 08:11:05.421,2026-01-19 08:11:44.359
buy,0.03,0.05,XAUUSD,4664.968,4662.513,,,-0.55,0,-7.36,user,2026-01-19 08:11:05.421,2026-01-19 08:11:50.891
sell,0.1,0.1,XAUUSD,4662.156,4660.866,4663.596,,-1.1,0,12.9,user,2026-01-19 08:13:18.256,2026-01-19 08:13:27.960
sell,0.05,0.1,XAUUSD,4659.957,4660.2210000000005,4662.604,4655.1,,0,-1.32,user,2026-01-19 08:12:51.563,2026-01-19 08:14:03.296
sell,0.02,0.1,XAUUSD,4659.957,4660.869,4662.604,4655.1,,0,-1.83,user,2026-01-19 08:12:51.563,2026-01-19 08:14:38.411
sell,0.01,0.1,XAUUSD,4659.957,4661.262,4662.604,4655.1,,0,-1.3,user,2026-01-19 08:12:51.563,2026-01-19 08:16:34.358
sell,0.01,0.1,XAUUSD,4659.957,4661.682,4662.604,4655.1,,0,-1.72,user,2026-01-19 08:12:51.563,2026-01-19 08:18:23.785
sell,0.05,0.1,XAUUSD,4659.502,4658.185,4660.807,4656.74,,0,6.58,user,2026-01-19 08:22:46.997,2026-01-19 08:23:45.013
sell,0.05,0.1,XAUUSD,4659.502,4657.589,4660.807,4656.74,-1.1,0,9.56,user,2026-01-19 08:22:46.997,2026-01-19 08:23:55.118
sell,0.01,0.1,XAUUSD,4659.957,4660.477,4662.604,4655.1,-1.1,0,-0.52,user,2026-01-19 08:12:51.563,2026-01-19 08:30:04.167
buy,0.01,0.01,XAUUSD,4660.85,4662.993,,,-0.11,0,2.14,user,2026-01-19 08:30:09.842,2026-01-19 08:30:29.698
buy,0.01,0.01,XAUUSD,4660.698,4662.649,,,-0.11,0,1.95,user,2026-01-19 08:31:02.917,2026-01-19 08:31:38.638
buy,0.01,0.01,XAUUSD,4661.416,4659.701,4659.94,,-0.11,0,-1.72,sl,2026-01-19 08:33:27.841,2026-01-19 08:33:56.002
buy,0.01,0.01,XAUUSD,4660.266,4659.416,,,-0.11,0,-0.85,user,2026-01-19 08:35:05.040,2026-01-19 08:35:16.165
buy,0.01,0.01,XAUUSD,4658.047,4660.517,4657.348,4663.441,-0.11,0,2.47,user,2026-01-19 08:42:05.537,2026-01-19 08:52:34.198
buy,0.01,0.01,XAUUSD,4670.777,4668.893,4668.893,4675.836,-0.11,0,-1.89,sl,2026-01-19 11:35:28.839,2026-01-19 11:39:29.870
buy,0.01,0.01,XAUUSD,4664.643,4668.495,4662.947,,-0.11,0,3.86,user,2026-01-19 11:43:55.231,2026-01-19 11:46:59.217
buy,0.01,0.01,XAUUSD,4668.059,4671.008,4664.171,4678.206,-0.11,0,2.95,user,2026-01-19 11:41:26.013,2026-01-19 11:56:57.929
buy,0.01,0.01,XAUUSD,4669.865,4667.358,4667.358,4678.967,-0.11,0,-2.51,sl,2026-01-19 12:00:31.520,2026-01-19 12:06:46.158
buy,0.01,0.01,USOIL,59.055,59.047,59.047,60.122,-0.13,0,-0.08,sl,2026-01-19 05:08:45.465,2026-01-19 12:15:29.421
buy,0.01,0.01,XAUUSD,4669.35,4674.0650000000005,4666.887,4677.668,-0.11,0,4.72,user,2026-01-19 12:16:56.646,2026-01-19 12:36:01.544
buy,0.01,0.01,XAUUSD,4674.968,4675.536,4673.924,,-0.11,0,0.57,user,2026-01-19 12:51:22.367,2026-01-19 12:52:07.073
buy,0.01,0.01,XAUUSD,4672.645,4669.91,4669.91,,-0.11,0,-2.74,sl,2026-01-19 18:34:34.737,2026-01-19 18:50:09.566
buy,0.01,0.01,XAUUSD,4670.873,4667.877,4667.877,4689.275,-0.11,0,-2.99,sl,2026-01-19 19:01:13.977,2026-01-19 19:42:24.946
buy,0.01,0.02,BTCUSD,92917.54,93029.18,92747.42,93136.68,,0,1.11,user,2026-01-19 19:31:01.354,2026-01-19 19:44:33.897
buy,0.01,0.02,BTCUSD,92917.54,92747.42,92747.42,93136.68,-0.32,0,-1.71,sl,2026-01-19 19:31:01.354,2026-01-19 20:09:21.441
buy,0.01,0.02,XAUUSD,4665.783,4666.819,4663.883,4672.506,,0,1.04,user,2026-01-19 20:41:24.303,2026-01-19 20:43:23.014
buy,0.01,0.02,XAUUSD,4665.783,4666.744,4663.883,4672.506,-0.22,0,0.96,user,2026-01-19 20:41:24.303,2026-01-19 20:44:13.405
buy,0.01,0.01,XAUUSD,4666.557,4669.5160000000005,4663.905,4674.485,-0.11,0,2.96,user,2026-01-19 20:18:27.758,2026-01-19 21:03:16.724
buy,0.01,0.01,XAUUSD,4665.583,4666.598,4663.907,4669.338,-0.11,0,1.02,user,2026-01-19 21:23:13.724,2026-01-19 21:32:44.740
sell,0.02,0.02,BTCUSD,92879.49,93016.94,93008.62,92670.1,-0.32,0,-2.75,sl,2026-01-19 21:32:11.009,2026-01-19 21:34:04.070
sell,0.01,0.01,XAUUSD,4671.541,4672.086,4672.086,4670.278,-0.11,0,-0.55,sl,2026-01-19 22:22:30.761,2026-01-19 22:23:00.047
sell,0.01,0.01,XAUUSD,4672.135,4671.916,4673.075,4670.137,-0.11,0,0.22,user,2026-01-19 22:25:24.074,2026-01-19 22:32:31.902
sell,0.01,0.01,XAUUSD,4672.544,4671.251,4674.535,4668.355,-0.11,0,1.29,user,2026-01-19 22:05:59.877,2026-01-19 22:36:42.223
buy,0.01,0.01,XAUUSD,4669.861,4671.4490000000005,4666.795,4677.548,-0.11,0,1.59,user,2026-01-20 07:59:05.103,2026-01-20 08:02:10.039
buy,0.01,0.01,XAUUSD,4668.952,4665.916,4665.916,4677.286,-0.11,0,-3.03,sl,2026-01-20 08:05:08.755,2026-01-20 08:12:37.876
buy,0.01,0.01,XAUUSD,4667.986,4670.31,4666.95,,-0.11,0,2.32,user,2026-01-20 08:21:04.460,2026-01-20 08:26:21.531
buy,0.01,0.01,XAUUSD,4699.105,4698.616,4696.651,4703.914,-0.11,0,-0.49,user,2026-01-20 11:15:18.381,2026-01-20 11:20:52.394
buy,0.01,0.01,XAUUSD,4696.038,4696.481,,,-0.11,0,0.44,user,2026-01-20 11:29:53.462,2026-01-20 11:30:07.089
buy,0.01,0.01,XAUUSD,4698.522,4694.893,4694.893,4703.894,-0.11,0,-3.63,sl,2026-01-20 11:26:27.614,2026-01-20 11:30:45.636
buy,0.01,0.01,XAUUSD,4700.295,4704.885,4697.81,,-0.11,0,4.59,user,2026-01-20 11:32:08.177,2026-01-20 11:37:30.749
sell,0.01,0.01,BTCUSD,91603.95,91757.41,91744.06,91272.74,-0.16,0,-1.53,sl,2026-01-20 11:48:07.619,2026-01-20 11:51:59.137
buy,0.01,0.01,XAUUSD,4710.293,4714.956,4707.381,,-0.11,0,4.67,user,2026-01-20 12:02:09.763,2026-01-20 12:06:07.632
buy,0.01,0.01,XAUUSD,4714.59,4713.554,4713.554,4717.494,-0.11,0,-1.04,sl,2026-01-20 12:08:47.342,2026-01-20 12:09:03.025
buy,0.01,0.01,XAUUSD,4718.839,4716.502,4716.045,,-0.11,0,-2.34,user,2026-01-20 13:51:38.654,2026-01-20 13:55:40.267
buy,0.01,0.01,XAUUSD,4717.519,4715.972,4715.972,4721.49,-0.11,0,-1.55,sl,2026-01-20 13:56:42.297,2026-01-20 13:58:05.503
buy,0.01,0.02,XAUUSD,4716.823,4718.986,4715.969,4721.637,,0,2.17,user,2026-01-20 14:01:47.582,2026-01-20 14:02:21.743
buy,0.01,0.02,XAUUSD,4716.823,4720.595,4715.969,4721.637,-0.22,0,3.78,user,2026-01-20 14:01:47.582,2026-01-20 14:04:43.200
buy,0.02,0.02,XAUUSD,4719.151,4719.951,,,-0.22,0,1.6,user,2026-01-20 14:05:23.484,2026-01-20 14:05:27.956
buy,0.01,0.01,XAUUSD,4719.795,4721.312,4718.968,,-0.11,0,1.51,user,2026-01-20 14:07:25.560,2026-01-20 14:07:53.344
buy,0.01,0.01,XAUUSD,4730.073,4731.281,4727.929,,-0.11,0,1.21,user,2026-01-20 17:41:03.436,2026-01-20 17:41:50.911
buy,0.01,0.01,XAUUSD,4732.341,4732.22,4731.455,4735.397,-0.11,0,-0.12,user,2026-01-20 17:45:25.899,2026-01-20 17:49:47.282
buy,0.01,0.01,XAUUSD,4726.784,4728.232,4725.833,4729.696,-0.11,0,1.45,user,2026-01-20 18:26:46.282,2026-01-20 18:27:40.189
buy,0.01,0.01,XAUUSD,4727.591,4726.987,,,-0.11,0,-0.6,user,2026-01-20 18:28:23.765,2026-01-20 18:29:49.516
buy,0.02,0.02,XAUUSD,4725.016,4725.847,4724.165,,-0.22,0,1.66,user,2026-01-20 18:38:26.161,2026-01-20 18:39:59.914
buy,0.01,0.01,XAUUSD,4725.768,4727.57,4724.251,4733.456,-0.11,0,1.8,user,2026-01-20 18:37:53.964,2026-01-20 18:46:48.103
buy,0.01,0.02,XAUUSD,4726.218,4726.955,4724.85,,,0,0.74,user,2026-01-20 18:45:11.956,2026-01-20 18:50:08.906
buy,0.01,0.02,XAUUSD,4726.218,4727.945,4724.85,,-0.22,0,1.73,user,2026-01-20 18:45:11.956,2026-01-20 18:59:58.628
buy,0.01,0.01,XAUUSD,4725.328,4726.698,4723.796,,-0.11,0,1.37,user,2026-01-20 19:01:02.456,2026-01-20 19:03:07.430
buy,0.01,0.01,XAUUSD,4725.794,4724.359,,,-0.11,0,-1.43,user,2026-01-20 19:03:12.487,2026-01-20 19:03:29.109
buy,0.01,0.01,XAUUSD,4722.954,4724.908,4719.851,,-0.11,0,1.96,user,2026-01-20 19:04:25.547,2026-01-20 19:04:55.617
buy,0.01,0.01,XAUUSD,4722.907,4725.657,4719.783,,-0.11,0,2.75,user,2026-01-20 19:05:10.388,2026-01-20 19:06:38.510
buy,0.01,0.01,XAUUSD,4723.978,4719.858,4719.858,4753.304,-0.11,0,-4.12,sl,2026-01-20 19:09:04.700,2026-01-20 19:21:57.330
buy,0.02,0.02,XAUUSD,4721.756,4717.2880000000005,,,-0.22,0,-8.93,user,2026-01-20 19:21:38.017,2026-01-20 19:22:10.644
sell,0.02,0.03,XAUUSD,4720.541,4720.419,4723.395,4716.16,,0,0.24,user,2026-01-20 19:24:04.710,2026-01-20 19:25:03.597
sell,0.01,0.03,XAUUSD,4720.541,4720.819,4723.395,4716.16,-0.33,0,-0.28,user,2026-01-20 19:24:04.710,2026-01-20 19:25:22.166
sell,0.03,0.03,XAUUSD,4716.759,4722.661,4722.428,4709.529,-0.33,0,-17.7,sl,2026-01-20 19:33:58.476,2026-01-20 19:34:17.372
buy,0.02,0.03,XAUUSD,4723.267,4720.908,,4729.607,,0,-4.71,user,2026-01-20 19:35:04.601,2026-01-20 19:36:03.845
buy,0.1,0.1,XAUUSD,4721.78,4721.771,,4726.632,-1.1,0,-0.09,user,2026-01-20 19:37:10.840,2026-01-20 19:37:34.137
buy,0.1,0.1,XAUUSD,4724.57,4721.400000000001,,4728.721,-1.1,0,-31.7,user,2026-01-20 19:38:54.161,2026-01-20 19:39:32.579
sell,0.02,0.02,BTCUSD,90837.21,91007.22,91007.22,90467.5,-0.32,0,-3.4,sl,2026-01-20 19:31:51.749,2026-01-20 19:39:59.894
buy,0.1,0.1,XAUUSD,4722.03,4722.484,4720.076,4724.742,-1.1,0,4.54,user,2026-01-20 19:40:14.327,2026-01-20 19:40:20.683
buy,0.12,0.12,XAUUSD,4726.813,4727.154,4725.556,4730.222,-1.32,0,4.09,user,2026-01-20 19:42:55.707,2026-01-20 19:43:43.637
buy,0.01,0.03,XAUUSD,4723.267,4729.607,,4729.607,-0.33,0,6.34,tp,2026-01-20 19:35:04.601,2026-01-20 19:44:32.805
buy,0.1,0.1,XAUUSD,4728.541,4729.951,4727.535,,-1.1,0,14.1,user,2026-01-20 19:47:21.724,2026-01-20 19:47:30.110
buy,0.03,0.05,XAUUSD,4728.173,4732.078,4727.858,,,0,11.71,user,2026-01-20 19:45:32.049,2026-01-20 19:50:44.087
buy,0.01,0.05,XAUUSD,4728.173,4731.96,4727.858,,,0,3.79,user,2026-01-20 19:45:32.049,2026-01-20 19:52:44.440
buy,0.01,0.05,XAUUSD,4728.173,4727.858,4727.858,,-0.55,0,-0.31,sl,2026-01-20 19:45:32.049,2026-01-20 19:53:18.578
buy,0.05,0.1,XAUUSD,4729.907,4730.353,4729.573,4733.433,,0,2.23,user,2026-01-20 19:53:39.676,2026-01-20 19:54:03.771
buy,0.05,0.1,XAUUSD,4729.907,4732.416,4729.573,4733.433,-1.1,0,12.54,user,2026-01-20 19:53:39.676,2026-01-20 19:55:01.936
buy,0.1,0.1,XAUUSD,4735.211,4735.844,4733.547,,-1.1,0,6.33,user,2026-01-20 19:57:36.847,2026-01-20 19:57:54.848
buy,0.1,0.1,XAUUSD,4742.685,4739.837,4739.837,,-1.1,0,-28.48,sl,2026-01-20 20:05:12.094,2026-01-20 20:05:23.230
buy,0.1,0.1,XAUUSD,4736.713,4735.322,4735.322,,-1.1,0,-13.91,sl,2026-01-20 20:06:34.919,2026-01-20 20:06:39.393
buy,0.01,0.01,XAUUSD,4740.234,4733.52,4733.52,,-0.11,0,-6.71,sl,2026-01-20 20:00:45.228,2026-01-20 20:07:02.249
buy,0.05,0.05,XAUUSD,4733.803,4734.718,4732.406,,-0.55,0,4.57,user,2026-01-20 20:08:32.493,2026-01-20 20:08:58.456
buy,0.05,0.05,XAUUSD,4735.91,4738.617,4733.212,,-0.55,0,13.54,user,2026-01-20 20:10:27.685,2026-01-20 20:11:47.157
buy,0.02,0.05,XAUUSD,4735.435,4740.64,4735.224,,,0,10.41,user,2026-01-20 20:09:36.270,2026-01-20 20:12:54.256
buy,0.01,0.05,XAUUSD,4735.435,4739.07,4735.224,,,0,3.63,user,2026-01-20 20:09:36.270,2026-01-20 20:14:00.629
buy,0.01,0.05,XAUUSD,4735.435,4740.616,4735.224,,,0,5.18,user,2026-01-20 20:09:36.270,2026-01-20 20:14:59.231
buy,0.05,0.05,XAUUSD,4742.286,4742.467000000001,4741.424,,-0.55,0,0.91,user,2026-01-20 20:18:00.007,2026-01-20 20:18:21.230
buy,0.05,0.05,XAUUSD,4743.953,4742.471,4742.471,,-0.55,0,-7.41,sl,2026-01-20 20:24:15.800,2026-01-20 20:24:16.322
buy,0.01,0.05,XAUUSD,4735.435,4741.8240000000005,4735.224,,-0.55,0,6.38,user,2026-01-20 20:09:36.270,2026-01-20 20:24:44.734
buy,0.1,0.1,XAUUSD,4743.559,4744.812,4740.86,4746.899,-1.1,0,12.53,user,2026-01-20 20:27:14.102,2026-01-20 20:27:27.997
buy,0.05,0.05,XAUUSD,4748.896,4748.941,4746.738,4752.496,-0.55,0,0.23,user,2026-01-20 20:28:54.658,2026-01-20 20:29:44.278
buy,0.01,0.02,XAUUSD,4741.54,4741.361,4735.592,4749.762,,0,-0.18,user,2026-01-20 20:31:30.239,2026-01-20 20:32:46.492
buy,0.01,0.02,XAUUSD,4741.54,4735.592,4735.592,4749.762,-0.22,0,-5.95,sl,2026-01-20 20:31:30.239,2026-01-20 20:33:58.411
sell,0.05,0.05,XAUUSD,4730.194,4730.098,4736.295,4718.612,-0.55,0,0.48,user,2026-01-20 20:36:47.772,2026-01-20 20:37:04.748
sell,0.03,0.03,XAUUSD,4731.813,4737.491,4736.295,4725.404,-0.33,0,-17.03,sl,2026-01-20 20:38:00.228,2026-01-20 20:38:55.933
buy,0.05,0.1,XAUUSD,4739.216,4737.014,4731.845,4746.6,,0,-11.01,user,2026-01-20 20:40:25.175,2026-01-20 20:42:19.589
buy,0.03,0.1,XAUUSD,4739.216,4737.5650000000005,4731.845,4746.6,,0,-4.95,user,2026-01-20 20:40:25.175,2026-01-20 20:43:30.123
buy,0.1,0.1,XAUUSD,4737.575,4738.491,4733.869,4744.646,-1.1,0,9.16,user,2026-01-20 20:46:32.368,2026-01-20 20:46:37.765
buy,0.1,0.1,XAUUSD,4737.664,4735.384,4735.296,4746.073,-1.1,0,-22.8,so,2026-01-20 20:47:45.715,2026-01-20 20:47:49.068
buy,0.02,0.1,XAUUSD,4739.216,4735.384,4731.845,4746.6,-1.1,0,-7.66,so,2026-01-20 20:40:25.175,2026-01-20 20:47:49.069
buy,0.1,0.1,XAUUSD,4739.957,4735.358,4735.592,4746.369,-1.1,0,-45.99,sl,2026-01-20 20:46:18.290,2026-01-20 20:47:49.102
buy,0.02,0.02,XAUUSD,4736.337,4738.793,4732.837,,-0.22,0,4.92,user,2026-01-20 20:54:11.258,2026-01-20 20:54:23.639
sell,0.02,0.02,XAUUSD,4740.044,4738.395,4744.381,,-0.22,0,3.3,user,2026-01-20 20:57:52.664,2026-01-20 20:58:07.645
sell,0.01,0.02,XAUUSD,4737.511,4740.131,4742.844,4733.966,,0,-2.62,user,2026-01-20 20:56:24.968,2026-01-20 20:59:34.829
sell,0.01,0.02,XAUUSD,4737.511,4740.933,4742.844,4733.966,-0.22,0,-3.42,user,2026-01-20 20:56:24.968,2026-01-20 20:59:36.717
buy,0.01,0.02,XAUUSD,4743.984,4743.703,4737.69,4750.999,,0,-0.28,user,2026-01-20 21:01:21.563,2026-01-20 21:01:43.312
buy,0.02,0.02,XAUUSD,4743.89,4745.9220000000005,,,-0.22,0,4.06,user,2026-01-20 21:02:20.580,2026-01-20 21:02:43.275
buy,0.02,0.02,XAUUSD,4744.585,4745.188,,,-0.22,0,1.21,user,2026-01-20 21:04:21.428,2026-01-20 21:04:30.188
buy,0.01,0.02,XAUUSD,4743.984,4747.135,4737.69,4750.999,-0.22,0,3.16,user,2026-01-20 21:01:21.563,2026-01-20 21:04:59.867
buy,0.01,0.02,XAUUSD,4744.742,4746.713,4743.178,,,0,1.97,user,2026-01-20 21:05:45.677,2026-01-20 21:06:09.181
buy,0.02,0.02,XAUUSD,4744.327,4746.113,4743.6,,-0.22,0,3.58,user,2026-01-20 21:06:35.046,2026-01-20 21:06:44.591
buy,0.01,0.02,XAUUSD,4744.742,4744.0650000000005,4743.178,,-0.22,0,-0.67,user,2026-01-20 21:05:45.677,2026-01-20 21:06:56.884
buy,0.05,0.05,XAUUSD,4746.84,4744.3150000000005,4744.742,,-0.55,0,-12.62,sl,2026-01-20 21:08:16.828,2026-01-20 21:08:56.497
buy,0.05,0.05,XAUUSD,4745.814,4743.873,4743.873,4751.694,-0.55,0,-9.7,sl,2026-01-20 21:10:29.194,2026-01-20 21:10:44.860
buy,0.01,0.01,XAUUSD,4745.859,4744.218,4736.281,4775.391,-0.11,0,-1.64,so,2026-01-20 21:11:16.727,2026-01-20 21:11:59.867
sell,0.06,0.06,XAUUSD,4731.305,4729.175,4733.7,4725.474,-0.66,0,12.78,user,2026-01-20 21:41:05.381,2026-01-20 21:41:35.306
buy,0.03,0.04,XAUUSD,4738.311,4737.727,4735.759,4743.49,,0,-1.75,user,2026-01-20 21:51:13.095,2026-01-20 21:53:42.365
buy,0.01,0.04,XAUUSD,4738.311,4735.759,4735.759,4743.49,-0.44,0,-2.55,sl,2026-01-20 21:51:13.095,2026-01-20 21:55:01.623
sell,0.1,0.1,XAUUSD,4735.652,4734.926,4738.59,4730.495,-1.1,0,7.26,user,2026-01-20 21:55:20.601,2026-01-20 21:55:35.995
buy,0.03,0.05,XAUUSD,4735.175,4737.9710000000005,4732.156,4741.38,,0,8.38,user,2026-01-20 21:59:11.549,2026-01-20 21:59:38.688
buy,0.02,0.05,XAUUSD,4735.175,4737.585,4732.156,4741.38,-0.55,0,4.82,user,2026-01-20 21:59:11.549,2026-01-20 21:59:56.624
buy,0.05,0.05,XAUUSD,4736.482,4737.992,4734.581,4742.677,-0.55,0,7.55,user,2026-01-20 22:02:08.429,2026-01-20 22:03:01.184
buy,0.05,0.05,XAUUSD,4734.779,4733.342000000001,4731.867,4739.963,-0.55,0,-7.19,user,2026-01-20 22:04:17.689,2026-01-20 22:04:34.262
sell,0.05,0.05,XAUUSD,4731.28,4730.575,4735.213,4725.498,-0.55,0,3.52,user,2026-01-20 22:05:19.149,2026-01-20 22:05:34.465
buy,0.03,0.05,XAUUSD,4733.055,4735.974,4729.77,4738.554,,0,8.75,user,2026-01-20 22:07:31.342,2026-01-20 22:07:56.238
buy,0.02,0.05,XAUUSD,4733.055,4735.396,4729.77,4738.554,-0.55,0,4.68,user,2026-01-20 22:07:31.342,2026-01-20 22:08:05.724
buy,0.05,0.05,XAUUSD,4743.535,4742.827,4741.846,4749.263,-0.55,0,-3.54,user,2026-01-20 22:16:45.981,2026-01-20 22:17:31.129
sell,0.1,0.1,XAUUSD,4741.064,4743.025000000001,4742.759,4738.384,-1.1,0,-19.61,sl,2026-01-20 22:20:03.403,2026-01-20 22:20:54.669
sell,0.05,0.1,XAUUSD,4740.414,4736.445,4744.381,4734.304,,0,19.84,user,2026-01-20 22:22:37.683,2026-01-20 22:25:25.436
sell,0.05,0.1,XAUUSD,4740.414,4735.871,4744.381,4734.304,-1.1,0,22.71,user,2026-01-20 22:22:37.683,2026-01-20 22:25:51.561
buy,0.05,0.05,XAUUSD,4742.595,4743.225,4740.837,4744.265,-0.55,0,3.15,user,2026-01-20 22:33:30.023,2026-01-20 22:34:15.911
buy,0.05,0.05,XAUUSD,4742.927,4743.3550000000005,4741.841,4744.615,-0.55,0,2.14,user,2026-01-20 22:36:15.500,2026-01-20 22:36:37.388
buy,0.05,0.05,XAUUSD,4743.255,4743.231,4741.878,4744.461,-0.55,0,-0.12,user,2026-01-20 22:37:08.403,2026-01-20 22:37:33.979
buy,0.02,0.02,XAUUSD,4745.121,4744.927,4742.038,4748.964,-0.22,0,-0.39,user,2026-01-20 22:40:03.683,2026-01-20 22:41:13.875
buy,0.05,0.05,XAUUSD,4745.552,4745.4980000000005,4743.649,4747.572,-0.55,0,-0.27,user,2026-01-20 22:44:25.099,2026-01-20 22:44:56.964
buy,0.1,0.1,XAUUSD,4747.248,4747.814,4745.611,4749.299,-1.1,0,5.66,user,2026-01-20 22:48:19.143,2026-01-20 22:49:01.854
buy,0.05,0.05,XAUUSD,4747.421,4748.535,4745.838,4749.517,-0.55,0,5.57,user,2026-01-20 22:52:29.891,2026-01-20 22:52:56.871
buy,0.02,0.05,XAUUSD,4748.403,4751.601,4747.325,4753.473,,0,6.39,user,2026-01-20 23:04:04.825,2026-01-20 23:04:43.620
buy,0.01,0.05,XAUUSD,4748.403,4748.9130000000005,4747.325,4753.473,,0,0.51,user,2026-01-20 23:04:04.825,2026-01-20 23:09:51.146
buy,0.02,0.05,XAUUSD,4748.403,4747.325,4747.325,4753.473,-0.55,0,-2.16,sl,2026-01-20 23:04:04.825,2026-01-20 23:10:21.417
buy,0.03,0.05,XAUUSD,4753.04,4755.353,4751.867,4759.313,,0,6.94,user,2026-01-20 23:15:07.688,2026-01-20 23:17:46.706
buy,0.01,0.05,XAUUSD,4753.04,4754.219,4751.867,4759.313,,0,1.18,user,2026-01-20 23:15:07.688,2026-01-20 23:19:05.631
buy,0.01,0.05,XAUUSD,4753.04,4752.965,4751.867,4759.313,-0.55,0,-0.07,user,2026-01-20 23:15:07.688,2026-01-20 23:20:22.080
sell,0.01,0.03,XAUUSD,4753.074,4753.124,4756.195,4748.699,,0,-0.05,user,2026-01-20 23:25:32.668,2026-01-20 23:25:52.942
sell,0.01,0.03,XAUUSD,4753.074,4753.808,4756.195,4748.699,,0,-0.74,user,2026-01-20 23:25:32.668,2026-01-20 23:27:21.261
sell,0.01,0.03,XAUUSD,4753.074,4756.195,4756.195,4748.699,-0.33,0,-3.13,sl,2026-01-20 23:25:32.668,2026-01-20 23:29:14.117
buy,0.1,0.1,XAUUSD,4755.493,4753.865,4753.865,4757.411,-1.1,0,-16.28,sl,2026-01-20 23:30:45.209,2026-01-20 23:33:03.549
buy,0.1,0.1,XAUUSD,4753.437,4754.475,4752.253,4757.088,-1.1,0,10.38,user,2026-01-20 23:34:25.657,2026-01-20 23:36:00.554
buy,0.05,0.05,XAUUSD,4754.696,4753.736,4753.736,4757.566,-0.55,0,-4.8,sl,2026-01-20 23:37:56.960,2026-01-20 23:37:57.326
buy,0.05,0.05,XAUUSD,4755.257,4753.671,4753.671,4757.964,-0.55,0,-7.93,sl,2026-01-20 23:37:35.819,2026-01-20 23:37:57.459
buy,0.1,0.1,XAUUSD,4754.236,4753.375,4753.375,4755.734,-1.1,0,-8.61,sl,2026-01-20 23:39:13.162,2026-01-20 23:41:12.646
buy,0.1,0.2,XAUUSD,4753.064,4754.106,4751.921,4754.865,,0,10.42,user,2026-01-20 23:41:48.998,2026-01-20 23:43:51.502
buy,0.1,0.2,XAUUSD,4753.064,4754.865,4751.921,4754.865,-2.2,0,18.01,tp,2026-01-20 23:41:48.998,2026-01-20 23:44:45.786
buy,0.1,0.1,XAUUSD,4759.094,4759.2390000000005,4757.366,4761.262,-1.1,0,1.45,user,2026-01-20 23:56:26.232,2026-01-20 23:56:53.720
buy,0.1,0.1,XAUUSD,4760.172,4759.717000000001,4759.323,4763.717,-1.1,0,-4.55,user,2026-01-20 23:59:11.176,2026-01-20 23:59:46.521
buy,0.05,0.1,XAUUSD,4760.285,4762.66,4758.895,4763.289,,0,11.87,user,2026-01-21 00:01:00.119,2026-01-21 00:01:37.430
buy,0.05,0.1,XAUUSD,4760.285,4762.725,4758.895,4763.289,-1.1,0,12.2,user,2026-01-21 00:01:00.119,2026-01-21 00:01:39.905
buy,0.01,0.02,XAUUSD,4761.68,4761.251,4759.915,4765.116,,0,-0.43,user,2026-01-21 00:03:06.564,2026-01-21 00:04:45.461
buy,0.01,0.02,XAUUSD,4761.68,4759.915,4759.915,4765.116,-0.22,0,-1.76,sl,2026-01-21 00:03:06.564,2026-01-21 00:05:08.155
buy,0.1,0.1,XAUUSD,4760.81,4762.0650000000005,4759.846,4762.764,-1.1,0,12.55,user,2026-01-21 00:06:01.957,2026-01-21 00:06:15.664
buy,0.02,0.02,XAUUSD,4761.642,4762.847,,,-0.22,0,2.41,user,2026-01-21 00:06:54.825,2026-01-21 00:07:14.180
buy,0.01,0.02,XAUUSD,4763.387,4764.712,4762.211,,,0,1.32,user,2026-01-21 00:10:41.938,2026-01-21 00:12:06.480
buy,0.01,0.02,XAUUSD,4763.387,4762.211,4762.211,,-0.22,0,-1.18,sl,2026-01-21 00:10:41.938,2026-01-21 00:13:47.983
buy,0.02,0.02,XAUUSD,4764.326,4765.18,4763.128,,-0.22,0,1.71,user,2026-01-21 00:16:25.688,2026-01-21 00:17:25.714
buy,0.02,0.02,XAUUSD,4764.828,4765.378,4763.893,4767.251,-0.22,0,1.1,user,2026-01-21 00:19:18.224,2026-01-21 00:20:37.031
buy,0.02,0.02,XAUUSD,4765.097,4764.443,4764.443,4767.938,-0.22,0,-1.3,sl,2026-01-21 00:21:28.509,2026-01-21 00:21:55.486
buy,0.05,0.05,XAUUSD,4763.998,4763.5960000000005,,,-0.55,0,-2.01,user,2026-01-21 00:23:12.627,2026-01-21 00:23:17.742
buy,0.1,0.1,XAUUSD,4763.908,4763.204,,,-1.1,0,-7.04,user,2026-01-21 00:23:32.631,2026-01-21 00:23:58.725
buy,0.05,0.1,XAUUSD,4761.304,4761.3330000000005,4759.921,4764.978,,0,0.15,user,2026-01-21 00:28:19.270,2026-01-21 00:29:46.951
buy,0.03,0.1,XAUUSD,4761.304,4762.6320000000005,4759.921,4764.978,,0,3.99,user,2026-01-21 00:28:19.270,2026-01-21 00:32:39.784
buy,0.02,0.1,XAUUSD,4761.304,4759.921,4759.921,4764.978,-1.1,0,-2.77,sl,2026-01-21 00:28:19.270,2026-01-21 00:35:51.473
buy,0.1,0.1,XAUUSD,4760.793,4759.832,4759.832,,-1.1,0,-9.61,sl,2026-01-21 00:37:06.239,2026-01-21 00:37:31.190
sell,0.1,0.1,XAUUSD,4758.707,4757.363,4760.161,4756.604,-1.1,0,13.44,user,2026-01-21 00:44:37.777,2026-01-21 00:46:21.860
buy,0.05,0.05,XAUUSD,4759.231,4757.073,4757.421,4763.195,-0.55,0,-10.79,sl,2026-01-21 00:50:00.871,2026-01-21 00:51:49.235
buy,0.05,0.05,XAUUSD,4758.1,4757.145,4757.145,4762.848,-0.55,0,-4.77,sl,2026-01-21 00:51:30.391,2026-01-21 00:51:49.360
buy,0.1,0.2,XAUUSD,4757.836,4758.331,4756.911,4761.336,,0,4.95,user,2026-01-21 00:52:26.942,2026-01-21 00:52:59.993
buy,0.1,0.2,XAUUSD,4757.836,4756.911,4756.911,4761.336,-2.2,0,-9.25,sl,2026-01-21 00:52:26.942,2026-01-21 00:53:13.060
sell,0.1,0.1,XAUUSD,4754.29,4759.554,,,-1.1,0,-52.64,user,2026-01-21 00:54:34.773,2026-01-21 00:58:54.010
sell,0.1,0.1,XAUUSD,4756.394,4759.554,4759.681,,-1.1,0,-31.6,user,2026-01-21 00:55:31.356,2026-01-21 00:58:54.021
sell,0.1,0.1,XAUUSD,4757.859,4759.388,,,-1.1,0,-15.29,so,2026-01-21 01:04:23.237,2026-01-21 01:06:34.921
sell,0.1,0.1,XAUUSD,4758.866,4759.388,4760.439,4752.637,-1.1,0,-5.22,so,2026-01-21 01:01:29.505,2026-01-21 01:06:34.922
