type,lots,original_position_size,symbol,opening_price,closing_price,stop_loss,take_profit,commission_usd,profit_usd,close_reason,opening_time_bd,closing_time_bd,Images,Say,,,,,,,,swap_usd
sell,0.01,0.01,XAUUSD,4328.29,4330.277,4332.349,4302.701,-0.11,-1.99,user,2025-12-31 15:51:50,2025-12-31 16:02:50,"1min , 5min.png, 5min.png","right biasness, fomo entry, bad execution",,,,,,,,0
buy,0.02,0.02,XAUUSD,4330.075,4328.599,4328.599,4335.461,-0.22,-2.95,sl,2025-12-31 16:05:00,2025-12-31 16:08:07,all,"Revenge Execution, Fomo entry, double position size",,,,,,,,0
sell,0.01,0.01,XAUUSD,4328.34,4330.138,4329.943,,-0.11,-1.8,sl,2025-12-31 16:10:25,2025-12-31 16:16:57,,"eki zone e bar bar entry , biasness thiki ache but sm tighter sl loss er karon",,,,,,,,0
sell,0.01,0.01,XAUUSD,4326.082,4318.48,4325.704,4318.48,-0.11,7.6,tp,2025-12-31 16:23:09,2025-12-31 16:30:01,,"finally sothik dike move kore, and baki sob trade er loss recover",,,,,,,,0
sell,0.01,0.01,XAUUSD,4310.353,4308.76,4312.888,,-0.11,1.59,user,2025-12-31 16:39:58,2025-12-31 16:41:31,,,,,,,,,,0
sell,0.01,0.01,XAUUSD,4307.755,4308.818,4311.436,4289.786,-0.11,-1.06,user,2025-12-31 16:37:04,2025-12-31 17:01:13,,,,,,,,,,0
sell,0.01,0.01,XAUUSD,4307.242,4305.684,4309.611,4291.948,-0.11,1.56,user,2025-12-31 17:02:12,2025-12-31 17:04:13,,,,,,,,,,0
buy,0.01,0.01,XAUUSD,4314.92,4312.1,4312.1,4324.526,-0.11,-2.82,sl,2025-12-31 17:14:03,2025-12-31 17:18:48,,,,,,,,,,0
sell,0.01,0.01,XAUUSD,4312.392,4311.281,4313.279,4309.076,-0.11,1.11,user,2025-12-31 17:32:47,2025-12-31 17:34:38,,,,,,,,,,0
sell,0.01,0.01,XAUUSD,4311.823,4313.654,4315.759,4278.185,-0.11,-1.83,user,2025-12-31 17:25:56,2025-12-31 17:38:23,,,,,,,,,,0
sell,0.01,0.01,XAUUSD,4312.57,4314.848,4314.848,,-0.11,-2.28,sl,2025-12-31 17:48:57,2025-12-31 17:49:56,Trade 5,,,,,,,,,0
buy,0.02,0.02,XAUUSD,4315.673,4313.466,4313.466,,-0.22,-4.42,sl,2025-12-31 17:50:46,2025-12-31 17:51:04,,,,,,,,,,0
sell,0.01,0.01,XAUUSD,4312.486,4310.763,4315.948,,-0.11,1.73,user,2025-12-31 17:54:20,2025-12-31 18:00:31,,,,,,,,,,0
sell,0.01,0.01,XAUUSD,4310.691,4308.776,4312.825,4308.23,-0.11,1.91,user,2025-12-31 18:03:23,2025-12-31 18:05:10,,,,,,,,,,0
sell,0.01,0.01,XAUUSD,4307.922,4310.649,4310.649,,-0.11,-2.73,sl,2025-12-31 18:07:32,2025-12-31 18:08:45,,,,,,,,,,0
buy,0.01,0.01,XAUUSD,4311.149,4308.924,4309.402,4317.085,-0.11,-2.23,sl,2025-12-31 18:09:16,2025-12-31 18:09:40,,,,,,,,,,0
sell,0.02,0.02,XAUUSD,4309.262,4311.467,4311.467,4296.184,-0.22,-4.41,sl,2025-12-31 18:09:49,2025-12-31 18:11:57,,,,,,,,,,0
buy,0.02,0.02,XAUUSD,4310.404,4308.393,4308.393,,-0.22,-4.02,sl,2025-12-31 18:12:13,2025-12-31 18:12:43,,,,,,,,,,0
sell,0.03,0.03,XAUUSD,4309.12,4310.2,4311.134,4305.184,-0.33,-3.24,user,2025-12-31 18:13:27,2025-12-31 18:16:02,,,,,,,,,,0
sell,0.01,0.02,XAUUSD,4307.996,4306.633,4315.084,4288.501,,1.37,user,2025-12-31 18:17:42,2025-12-31 18:23:35,,,,,,,,,,0
sell,0.01,0.01,XAUUSD,4306.919,4306.598,4307.644,,-0.11,0.32,user,2025-12-31 18:28:41,2025-12-31 18:29:31,,,,,,,,,,0
sell,0.01,0.01,XAUUSD,4303.613,4307.53,4307.53,,-0.11,-3.92,sl,2025-12-31 18:25:06,2025-12-31 18:29:52,,,,,,,,,,0
sell,0.01,0.02,XAUUSD,4307.996,4309.571,4315.084,4288.501,-0.22,-1.57,user,2025-12-31 18:17:42,2025-12-31 18:30:56,,,,,,,,,,0
buy,0.01,0.03,XAUUSD,4310.385,4310.859,4307.527,,,0.47,user,2025-12-31 18:31:22,2025-12-31 18:31:45,,,,,,,,,,0
buy,0.02,0.03,XAUUSD,4310.385,4309.871,4307.527,,-0.33,-1.03,user,2025-12-31 18:31:22,2025-12-31 18:32:21,,,,,,,,,,0
sell,0.01,0.03,XAUUSD,4308.455,4309.608,4311.473,4303.626,,-1.15,user,2025-12-31 18:33:09,2025-12-31 18:34:05,,,,,,,,,,0
sell,0.02,0.03,XAUUSD,4308.455,4310.741,4311.473,4303.626,-0.33,-4.57,user,2025-12-31 18:33:09,2025-12-31 18:34:18,,,,,,,,,,0
sell,0.02,0.02,XAUUSD,4312.988,4315.849,4315.359,,-0.22,-5.72,sl,2025-12-31 18:59:35,2025-12-31 19:00:16,,,,,,,,,,0
sell,0.01,0.01,XAUUSD,4314.823,4315.425,4318.221,,-0.11,-0.61,user,2025-12-31 18:54:06,2025-12-31 19:02:05,,,,,,,,,,0
sell,0.01,0.02,XAUUSD,4313.282,4309.363,4313.078,,,3.92,user,2025-12-31 19:04:38,2025-12-31 19:06:16,,,,,,,,,,0
sell,0.01,0.02,XAUUSD,4313.282,4311.463,4313.078,,-0.22,1.82,user,2025-12-31 19:04:38,2025-12-31 19:07:26,,,,,,,,,,0
sell,0.01,0.01,XAUUSD,4311.43,4310.031,4317.587,,-0.11,1.4,user,2025-12-31 19:10:30,2025-12-31 19:11:12,,,,,,,,,,0
sell,0.01,0.01,XAUUSD,4311.455,4311.07,4313.221,4306.802,-0.11,0.39,user,2025-12-31 19:09:31,2025-12-31 19:11:52,,,,,,,,,,0
sell,0.01,0.01,XAUUSD,4314.449,4316.842,4316.53,4308.774,-0.11,-2.39,sl,2025-12-31 19:17:41,2025-12-31 19:20:39,,,,,,,,,,0
buy,0.01,0.03,XAUUSD,4316.743,4319.885,4319.668,4330.774,,3.15,user,2025-12-31 19:20:48,2025-12-31 19:21:50,,,,,,,,,,0
buy,0.01,0.03,XAUUSD,4316.743,4320.422,4319.668,4330.774,,3.68,user,2025-12-31 19:20:48,2025-12-31 19:22:27,,,,,,,,,,0
buy,0.01,0.03,XAUUSD,4316.743,4322.898,4319.668,4330.774,-0.33,6.16,user,2025-12-31 19:20:48,2025-12-31 19:23:39,,,,,,,,,,0
buy,0.01,0.01,XAUUSD,4325.368,4325.6,4319.504,,-0.11,0.23,user,2025-12-31 19:26:07,2025-12-31 19:26:22,,,,,,,,,,0
buy,0.01,0.01,XAUUSD,4325.128,4329.871,4325.967,4333.121,-0.11,4.74,user,2025-12-31 19:26:30,2025-12-31 19:32:04,,,,,,,,,,0
buy,0.01,0.01,XAUUSD,4342.007,4339.845,4338.254,4349.676,-0.11,-2.16,user,2025-12-31 19:51:50,2025-12-31 19:52:09,,,,,,,,,,0
buy,0.01,0.01,XAUUSD,4343.135,4343.918,4338.996,4349.273,-0.11,0.78,user,2025-12-31 19:53:46,2025-12-31 19:55:12,,,,,,,,,,0
buy,0.01,0.01,XAUUSD,4345.154,4346.031,,,-0.11,0.88,user,2025-12-31 19:56:17,2025-12-31 19:56:52,,,,,,,,,,0
buy,0.01,0.01,XAUUSD,4338.721,4344.133,4339.868,4348.176,-0.11,5.41,user,2025-12-31 20:08:11,2025-12-31 20:17:06,,,,,,,,,,0
buy,0.01,0.01,XAUUSD,4339.525,4336.655,4336.655,,-0.11,-2.87,sl,2025-12-31 20:24:32,2025-12-31 20:25:16,,,,,,,,,,0
sell,0.01,0.01,XAUUSD,4334.664,4340.486,4340.23,4314.27,-0.11,-5.83,sl,2025-12-31 20:26:42,2025-12-31 20:30:39,,,,,,,,,,0
buy,0.01,0.02,XAUUSD,4342.719,4346.481,4342.38,4352.744,,3.76,user,2025-12-31 20:32:23,2025-12-31 20:33:02,,,,,,,,,,0
buy,0.01,0.02,XAUUSD,4342.719,4342.38,4342.38,4352.744,-0.22,-0.34,sl,2025-12-31 20:32:23,2025-12-31 20:35:39,,,,,,,,,,0
buy,0.01,0.01,XAUUSD,4337.702,4333.44,4333.44,4346.931,-0.11,-4.26,sl,2025-12-31 20:40:37,2025-12-31 20:41:25,,,,,,,,,,0
buy,0.01,0.01,XAUUSD,4332.991,4334.11,,,-0.11,1.12,user,2025-12-31 20:41:26,2025-12-31 20:41:33,,,,,,,,,,0
buy,0.02,0.02,XAUUSD,4334.412,4337.383,,,-0.22,5.95,user,2025-12-31 20:41:44,2025-12-31 20:42:00,,,,,,,,,,0
buy,0.01,0.01,XAUUSD,4338.232,4344.189,4338.57,4346.807,-0.11,5.96,user,2025-12-31 20:42:53,2025-12-31 20:45:20,,,,,,,,,,0
buy,0.01,0.01,XAUUSD,4348.846,4348.183,4343.047,4355.126,-0.11,-0.67,user,2025-12-31 20:47:29,2025-12-31 20:47:59,,,,,,,,,,0
buy,0.01,0.01,XAUUSD,4345.481,4345.984,4342.882,,-0.11,0.5,user,2025-12-31 20:49:15,2025-12-31 20:50:20,,,,,,,,,,0
buy,0.01,0.01,XAUUSD,4347.028,4343.934,4344.389,4355.291,-0.11,-3.1,sl,2026-01-02 6:07:07,2026-01-02 6:20:04,,,,,,,,,,0
buy,0.01,0.01,XAUUSD,4346.522,4348.763,4343.465,4354.909,-0.11,2.24,user,2026-01-02 6:28:21,2026-01-02 6:40:00,,,,,,,,,,0
buy,0.01,0.02,XAUUSD,4349.8,4349.701,4348.701,,,-0.1,user,2026-01-02 6:43:08,2026-01-02 6:43:25,,,,,,,,,,0
buy,0.01,0.02,XAUUSD,4349.8,4351.217,4348.701,,-0.22,1.42,user,2026-01-02 6:43:08,2026-01-02 6:50:51,,,,,,,,,,0
buy,0.01,0.01,XAUUSD,4352.002,4353.476,4348.571,,-0.11,1.48,user,2026-01-02 6:51:54,2026-01-02 7:01:29,,,,,,,,,,0
buy,0.01,0.01,XAUUSD,4349.828,4348.45,4346.387,4354.782,-0.11,-1.38,user,2026-01-02 7:11:50,2026-01-02 7:14:11,,,,,,,,,,0
buy,0.01,0.01,XAUUSD,4349.202,4347.928,4346.387,,-0.11,-1.27,user,2026-01-02 7:20:11,2026-01-02 7:20:54,,,,,,,,,,0
sell,0.01,0.01,XAUUSD,4347.575,4345.228,4349.986,4337.449,-0.11,2.35,user,2026-01-02 7:22:19,2026-01-02 7:26:13,,,,,,,,,,0
buy,0.01,0.01,XAUUSD,4349.268,4349.481,4346.477,4354.897,-0.11,0.21,user,2026-01-02 7:29:33,2026-01-02 7:32:03,,,,,,,,,,0
buy,0.01,0.01,XAUUSD,4350.473,4349.312,4348.715,4354.673,-0.11,-1.16,user,2026-01-02 7:33:02,2026-01-02 7:36:41,,,,,,,,,,0
buy,0.01,0.01,XAUUSD,4349.456,4348.166,4348.166,,-0.11,-1.29,sl,2026-01-02 7:40:12,2026-01-02 7:40:52,,,,,,,,,,0
sell,0.01,0.01,XAUUSD,4348.964,4346.518,4350.062,4346.518,-0.11,2.44,tp,2026-01-02 7:41:06,2026-01-02 7:41:59,,,,,,,,,,0
buy,0.01,0.01,XAUUSD,4352.623,4349.57,4349.57,4359.619,-0.11,-3.05,sl,2026-01-02 7:50:05,2026-01-02 7:55:44,,,,,,,,,,0
buy,0.01,0.01,XAUUSD,4349,4349.139,4349.139,4354.724,-0.11,0.14,sl,2026-01-02 8:01:02,2026-01-02 8:05:18,,,,,,,,,,0
sell,0.01,0.01,XAUUSD,4347.121,4346.907,4349.771,4340.537,-0.11,0.21,user,2026-01-02 8:09:13,2026-01-02 8:13:04,,,,,,,,,,0
buy,0.01,0.01,XAUUSD,4347.333,4345.358,4345.645,4351.253,-0.11,-1.97,sl,2026-01-02 8:15:26,2026-01-02 8:17:03,,,,,,,,,,0
buy,0.01,0.02,XAUUSD,4346.537,4347.678,4345.599,4350.681,,1.14,user,2026-01-02 8:18:16,2026-01-02 8:19:00,,,,,,,,,,0
buy,0.01,0.02,XAUUSD,4346.537,4345.599,4345.599,4350.681,-0.22,-0.94,sl,2026-01-02 8:18:16,2026-01-02 8:20:53,,,,,,,,,,0
buy,0.01,0.01,XAUUSD,4347.261,4350.71,4344.879,4353.491,-0.11,3.45,user,2026-01-02 8:26:21,2026-01-02 8:35:37,,,,,,,,,,0
buy,0.01,0.01,XAUUSD,4358.881,4358.717,4354.029,4371.02,-0.11,-0.16,user,2026-01-02 8:52:33,2026-01-02 8:55:41,,,,,,,,,,0
buy,0.01,0.01,XAUUSD,4362.611,4361.18,4357.711,4369.391,-0.11,-1.43,user,2026-01-02 8:57:21,2026-01-02 8:57:33,,,,,,,,,,0
buy,0.01,0.01,XAUUSD,4363.923,4364.352,4359.413,4409.82,-0.11,0.43,user,2026-01-02 9:00:28,2026-01-02 9:05:21,,,,,,,,,,0
buy,0.01,0.01,XAUUSD,4381.494,4379.246,4379.246,4385.118,-0.11,-2.24,sl,2026-01-02 11:55:49,2026-01-02 12:00:31,,,,,,,,,,0
sell,0.01,0.01,XAUUSD,4376.668,4375.694,4381.282,4369.602,-0.11,0.98,user,2026-01-02 12:38:23,2026-01-02 12:40:26,,,,,,,,,,0
sell,0.01,0.01,XAUUSD,4377.979,4374.821,4378.614,4370.704,-0.11,3.16,user,2026-01-02 12:25:13,2026-01-02 12:45:42,,,,,,,,,,0
sell,0.01,0.01,XAUUSD,4374.57,4376.351,4377.31,4367.521,-0.11,-1.78,user,2026-01-02 12:47:27,2026-01-02 12:52:49,,,,,,,,,,0
buy,0.01,0.01,XAUUSD,4375.74,4373.998,4373.412,4382.574,-0.11,-1.74,user,2026-01-02 12:53:15,2026-01-02 12:55:37,,,,,,,,,,0
sell,0.01,0.01,XAUUSD,4373.933,4378.043,4378.369,4354.656,-0.11,-4.11,user,2026-01-02 12:55:49,2026-01-02 13:15:00,,,,,,,,,,0
buy,0.01,0.02,XAUUSD,4376.707,4375.594,4374.565,4381.138,,-1.12,user,2026-01-02 13:15:23,2026-01-02 13:16:27,,,,,,,,,,0
buy,0.01,0.02,XAUUSD,4376.707,4374.565,4374.565,4381.138,-0.22,-2.14,sl,2026-01-02 13:15:23,2026-01-02 13:18:13,,,,,,,,,,0
buy,0.02,0.02,XAUUSD,4383.82,4381.582,4381.582,4390.782,-0.22,-4.48,sl,2026-01-02 14:04:04,2026-01-02 14:05:31,,,,,,,,,,0
buy,0.01,0.02,XAUUSD,4383.87,4385.417,4382.69,4406.493,,1.55,user,2026-01-02 14:06:27,2026-01-02 14:08:14,,,,,,,,,,0
buy,0.01,0.01,XAUUSD,4385.731,4385.732,4384.561,4392.767,-0.11,0,user,2026-01-02 14:10:07,2026-01-02 14:11:03,,,,,,,,,,0
buy,0.01,0.02,XAUUSD,4383.87,4383.326,4382.69,4406.493,-0.22,-0.54,user,2026-01-02 14:06:27,2026-01-02 14:18:29,,,,,,,,,,0
buy,0.01,0.02,XAUUSD,4382.361,4383.767,4383.669,4404.514,,1.41,user,2026-01-02 14:21:27,2026-01-02 14:23:48,,,,,,,,,,0
buy,0.01,0.02,XAUUSD,4382.361,4385.666,4383.669,4404.514,-0.22,3.31,user,2026-01-02 14:21:27,2026-01-02 14:31:43,,,,,,,,,,0
buy,0.01,0.01,XAUUSD,4387.922,4391.219,4385.858,4404.214,-0.11,3.3,user,2026-01-02 14:34:23,2026-01-02 14:46:06,,,,,,,,,,0
sell,0.01,0.01,XAUUSD,4321.819,4317.306,4324.354,4314.035,-0.11,4.51,user,2026-01-02 22:28:27,2026-01-02 22:31:12,,,,,,,,,,0
sell,0.01,0.01,XAUUSD,4320.399,4324.284,4324.284,,-0.11,-3.88,sl,2026-01-02 22:37:01,2026-01-02 22:37:34,,,,,,,,,,0
sell,0.01,0.01,XAUUSD,4324.066,4325.441,4325.441,4314.556,-0.11,-1.37,sl,2026-01-02 22:37:44,2026-01-02 22:41:23,,,,,,,,,,0
sell,0.01,0.01,XAUUSD,4323.743,4327.219,4328.26,4313.637,-0.11,-3.48,user,2026-01-02 22:45:45,2026-01-02 22:47:20,,,,,,,,,,0
sell,0.01,0.01,XAUUSD,4324.302,4327.589,4327.589,4313.18,-0.11,-3.29,sl,2026-01-02 22:49:07,2026-01-02 23:00:24,,,,,,,,,,0
buy,0.01,0.01,XAUUSD,4358.038,4369.083,4359.055,4371.678,-0.11,11.04,user,2026-01-05 5:09:29,2026-01-05 5:13:45,,,,,,,,,,0
buy,0.01,0.01,XAUUSD,4367.543,4365.304,4361.321,4374.413,-0.11,-2.24,user,2026-01-05 5:20:29,2026-01-05 5:21:44,,,,,,,,,,0
sell,0.01,0.01,XAUUSD,4364.917,4368.268,4366.992,4358.377,-0.11,-3.35,sl,2026-01-05 5:22:44,2026-01-05 5:22:49,,,,,,,,,,0
buy,0.01,0.02,XAUUSD,4368.538,4366.413,4365.787,4374.397,,-2.13,user,2026-01-05 5:23:03,2026-01-05 5:23:44,,,,,,,,,,0
buy,0.01,0.02,XAUUSD,4368.538,4365.787,4365.787,4374.397,-0.22,-2.75,sl,2026-01-05 5:23:03,2026-01-05 5:24:47,,,,,,,,,,0
sell,0.02,0.02,XAUUSD,4365.586,4367.041,4367.041,4360.666,-0.22,-2.91,sl,2026-01-05 5:25:02,2026-01-05 5:27:24,,,,,,,,,,0
buy,0.02,0.02,XAUUSD,4365.067,4362.193,4362.193,4367.538,-0.22,-5.74,sl,2026-01-05 5:30:45,2026-01-05 5:31:17,,,,,,,,,,0
buy,0.02,0.02,XAUUSD,4355.723,4357.733,4352.388,4357.733,-0.22,4.02,tp,2026-01-05 5:34:18,2026-01-05 5:34:39,,,,,,,,,,0
buy,0.02,0.02,XAUUSD,4356.798,4357.072,4354.085,4360.339,-0.22,0.54,user,2026-01-05 5:35:40,2026-01-05 5:36:03,,,,,,,,,,0
buy,0.01,0.01,XAUUSD,4359.006,4362.824,4361.897,4365.67,-0.11,3.81,user,2026-01-05 5:37:46,2026-01-05 5:42:04,,,,,,,,,,0
buy,0.01,0.01,XAUUSD,4362.451,4365.385,4363.07,4369.545,-0.11,2.94,user,2026-01-05 5:44:34,2026-01-05 5:48:14,,,,,,,,,,0
buy,0.02,0.02,XAUUSD,4369.207,4368.668,4365.769,4372.665,-0.22,-1.07,user,2026-01-05 5:49:24,2026-01-05 5:49:27,,,,,,,,,,0
sell,0.01,0.01,XAUUSD,4373.659,4375.693,4374.92,4366.303,-0.11,-2.03,sl,2026-01-05 5:52:03,2026-01-05 5:52:53,,,,,,,,,,0
buy,0.02,0.02,XAUUSD,4374.53,4372.546,4372.546,4382.558,-0.22,-3.97,sl,2026-01-05 5:53:30,2026-01-05 5:54:16,,,,,,,,,,0
buy,0.01,0.02,XAUUSD,4373.655,4375.541,4371.636,4388.562,,1.88,user,2026-01-05 5:54:42,2026-01-05 5:57:54,,,,,,,,,,0
buy,0.01,0.02,XAUUSD,4373.655,4373.929,4371.636,4388.562,-0.22,0.27,user,2026-01-05 5:54:42,2026-01-05 5:58:59,,,,,,,,,,0
buy,0.01,0.01,XAUUSD,4373.707,4374.68,4371.522,4379.953,-0.11,0.97,user,2026-01-05 6:00:23,2026-01-05 6:01:16,,,,,,,,,,0
buy,0.01,0.01,XAUUSD,4374.399,4373.604,4372.119,4405.079,-0.11,-0.8,user,2026-01-05 6:01:26,2026-01-05 6:02:17,,,,,,,,,,0
buy,0.02,0.02,XAUUSD,4372.185,4371.618,4371.01,4378.868,-0.22,-1.13,user,2026-01-05 6:04:44,2026-01-05 6:04:56,,,,,,,,,,0
sell,0.02,0.02,XAUUSD,4370.46,4371.784,4371.784,4368.327,-0.22,-2.65,sl,2026-01-05 6:05:06,2026-01-05 6:05:26,,,,,,,,,,0
buy,0.02,0.02,XAUUSD,4373.55,4371.636,4371.636,4380.665,-0.22,-3.83,sl,2026-01-05 6:06:47,2026-01-05 6:07:51,,,,,,,,,,0
sell,0.03,0.03,XAUUSD,4372.343,4374.603,4374.332,4365.728,-0.33,-6.78,sl,2026-01-05 6:09:02,2026-01-05 6:09:53,,,,,,,,,,0
buy,0.01,0.03,XAUUSD,4375.502,4379.71,4371.984,4404.522,,4.21,user,2026-01-05 6:09:58,2026-01-05 6:14:24,,,,,,,,,,0
buy,0.01,0.01,XAUUSD,4378.696,4384.609,4372.156,4389.447,-0.11,5.91,user,2026-01-05 6:15:22,2026-01-05 6:22:57,,,,,,,,,,0
buy,0.01,0.03,XAUUSD,4375.502,4384.476,4371.984,4404.522,,8.98,user,2026-01-05 6:09:58,2026-01-05 6:23:07,,,,,,,,,,0
buy,0.01,0.03,XAUUSD,4375.502,4384.265,4371.984,4404.522,-0.33,8.77,user,2026-01-05 6:09:58,2026-01-05 6:24:20,,,,,,,,,,0
buy,0.01,0.01,XAUUSD,4388.757,4390.989,4386.403,4393.818,-0.11,2.23,user,2026-01-05 6:34:36,2026-01-05 6:36:35,,,,,,,,,,0
buy,0.01,0.01,XAUUSD,4388.363,4386.566,4386.77,4392.537,-0.11,-1.79,sl,2026-01-05 6:40:47,2026-01-05 6:40:58,,,,,,,,,,0
buy,0.01,0.02,XAUUSD,4388.489,4389.082,4386.904,4406.005,,0.59,user,2026-01-05 6:41:37,2026-01-05 6:42:02,,,,,,,,,,0
buy,0.01,0.02,XAUUSD,4388.489,4388.172,4386.904,4406.005,-0.22,-0.32,user,2026-01-05 6:41:37,2026-01-05 6:43:56,,,,,,,,,,0
buy,0.01,0.01,XAUUSD,4387.145,4386.349,4385.295,4393.818,-0.11,-0.8,user,2026-01-05 6:46:54,2026-01-05 6:47:34,,,,,,,,,,0
buy,0.01,0.01,XAUUSD,4387.704,4391.602,4385.039,4391.602,-0.11,3.9,tp,2026-01-05 6:48:47,2026-01-05 6:49:43,,,,,,,,,,0
buy,0.01,0.01,XAUUSD,4390.957,4392.21,4389.46,4398.858,-0.11,1.25,user,2026-01-05 6:52:32,2026-01-05 6:56:40,,,,,,,,,,0
buy,0.01,0.01,XAUUSD,4399.481,4396.928,4396.928,4404.476,-0.11,-2.55,sl,2026-01-05 7:01:00,2026-01-05 7:01:53,,,,,,,,,,0
buy,0.01,0.01,XAUUSD,4408.23,4411.15,4396.928,4411.15,-0.11,2.92,tp,2026-01-05 7:03:31,2026-01-05 7:04:03,,,,,,,,,,0
buy,0.01,0.01,XAUUSD,4407.615,4411.346,4394.967,4411.346,-0.11,3.73,tp,2026-01-05 7:06:37,2026-01-05 7:07:35,,,,,,,,,,0
buy,0.01,0.01,XAUUSD,4409.703,4404.198,4401.778,4416.008,-0.11,-5.5,user,2026-01-05 7:10:09,2026-01-05 7:10:40,,,,,,,,,,0
buy,0.01,0.02,XAUUSD,4404.102,4406.567,4396.941,4409.496,,2.47,user,2026-01-05 7:11:23,2026-01-05 7:12:08,,,,,,,,,,0
buy,0.02,0.02,XAUUSD,4398.355,4400.445,4394.557,4402.488,-0.22,4.18,user,2026-01-05 7:13:12,2026-01-05 7:13:36,,,,,,,,,,0
buy,0.01,0.02,XAUUSD,4404.102,4401.545,4396.941,4409.496,-0.22,-2.55,user,2026-01-05 7:11:23,2026-01-05 7:15:27,,,,,,,,,,0
buy,0.02,0.02,XAUUSD,4401.98,4403.259,4396.847,4406.742,-0.22,2.56,user,2026-01-05 7:15:56,2026-01-05 7:16:17,,,,,,,,,,0
buy,0.02,0.02,XAUUSD,4402.907,4398.507,4396.659,4409.161,-0.22,-8.8,user,2026-01-05 7:16:29,2026-01-05 7:18:02,,,,,,,,,,0
buy,0.02,0.02,XAUUSD,4400.281,4402.569,4396.753,4403.933,-0.22,4.58,user,2026-01-05 7:18:14,2026-01-05 7:18:53,,,,,,,,,,0
buy,0.02,0.02,XAUUSD,4403.942,4397.387,4397.975,4410.101,-0.22,-13.11,sl,2026-01-05 7:25:55,2026-01-05 7:27:07,,,,,,,,,,0
buy,0.02,0.02,XAUUSD,4400.175,4395.482,4395.813,4414.519,-0.22,-9.39,sl,2026-01-05 7:26:54,2026-01-05 7:29:04,,,,,,,,,,0
buy,0.05,0.05,XAUUSD,4398.793,4395.957,,,-0.55,-14.18,user,2026-01-05 7:30:15,2026-01-05 7:30:43,,,,,,,,,,0
buy,0.03,0.05,XAUUSD,4394.308,4400.3,4387.452,4408.532,,17.98,user,2026-01-05 7:32:02,2026-01-05 7:33:58,,,,,,,,,,0
buy,0.02,0.05,XAUUSD,4394.308,4398.158,4387.452,4408.532,-0.55,7.7,user,2026-01-05 7:32:02,2026-01-05 7:34:17,,,,,,,,,,0
buy,0.05,0.05,XAUUSD,4396.389,4397.769,4392.192,,-0.55,6.9,user,2026-01-05 7:35:19,2026-01-05 7:35:33,,,,,,,,,,0
buy,0.01,0.01,XAUUSD,4398.798,4401.811,4393.295,4409.891,-0.11,3.01,user,2026-01-05 7:37:22,2026-01-05 7:38:53,,,,,,,,,,0
buy,0.05,0.05,XAUUSD,4404.731,4401.609,,,-0.55,-15.61,user,2026-01-05 7:40:02,2026-01-05 7:41:59,,,,,,,,,,0
buy,0.05,0.05,XAUUSD,4399.235,4401.904,4389.273,,-0.55,13.34,user,2026-01-05 7:43:16,2026-01-05 7:44:29,,,,,,,,,,0
buy,0.03,0.05,XAUUSD,4401.575,4406.612,4401.89,,,15.11,user,2026-01-05 7:42:08,2026-01-05 7:46:02,,,,,,,,,,0
buy,0.02,0.05,XAUUSD,4401.575,4401.89,4401.89,,-0.55,0.63,sl,2026-01-05 7:42:08,2026-01-05 7:47:09,,,,,,,,,,0
buy,0.05,0.05,XAUUSD,4401.993,4403.284,4397.839,,-0.55,6.45,user,2026-01-05 7:47:37,2026-01-05 7:48:04,,,,,,,,,,0
buy,0.01,0.01,XAUUSD,4400.813,4401.438,4397.839,,-0.11,0.63,user,2026-01-05 7:49:37,2026-01-05 7:49:51,,,,,,,,,,0
buy,0.01,0.01,XAUUSD,4394.061,4395.364,4393.064,4398.432,-0.11,1.3,user,2026-01-05 7:51:04,2026-01-05 7:51:39,,,,,,,,,,0
buy,0.01,0.01,XAUUSD,4393.159,4395.348,4391.517,,-0.11,2.19,user,2026-01-05 7:52:39,2026-01-05 7:53:09,,,,,,,,,,0
buy,0.01,0.01,XAUUSD,4399.213,4398.208,4395.469,4411.274,-0.11,-1,user,2026-01-05 7:54:31,2026-01-05 7:55:13,,,,,,,,,,0
buy,0.01,0.01,XAUUSD,4399.419,4397.589,4393.098,4411.373,-0.11,-1.83,user,2026-01-05 7:55:33,2026-01-05 7:56:08,,,,,,,,,,0
buy,0.01,0.02,XAUUSD,4399.838,4401.31,4398.531,4423.885,,1.47,user,2026-01-05 7:57:02,2026-01-05 7:58:46,,,,,,,,,,0
buy,0.01,0.02,XAUUSD,4399.838,4398.531,4398.531,4423.885,-0.22,-1.31,sl,2026-01-05 7:57:02,2026-01-05 8:01:59,,,,,,,,,,0
buy,0.01,0.02,XAUUSD,4397.338,4397.106,4391.221,,,-0.23,user,2026-01-05 8:02:52,2026-01-05 8:03:08,,,,,,,,,,0
buy,0.01,0.02,XAUUSD,4397.338,4398.459,4391.221,,-0.22,1.12,user,2026-01-05 8:02:52,2026-01-05 8:04:55,,,,,,,,,,0
buy,0.01,0.01,XAUUSD,4399.263,4396.719,4395.765,,-0.11,-2.54,user,2026-01-05 8:05:12,2026-01-05 8:05:54,,,,,,,,,,0
buy,0.01,0.01,XAUUSD,4393.37,4393.956,4392.505,,-0.11,0.59,user,2026-01-05 8:07:04,2026-01-05 8:07:30,,,,,,,,,,0
buy,0.01,0.01,XAUUSD,4390.315,4392.512,4388.638,,-0.11,2.19,user,2026-01-05 8:10:12,2026-01-05 8:10:26,,,,,,,,,,0
buy,0.01,0.01,XAUUSD,4393.879,4394.528,4392.03,,-0.11,0.65,user,2026-01-05 8:14:10,2026-01-05 8:14:21,,,,,,,,,,0
buy,0.01,0.01,XAUUSD,4393.557,4394.435,4392.605,,-0.11,0.88,user,2026-01-05 8:15:06,2026-01-05 8:15:13,,,,,,,,,,0
buy,0.01,0.01,XAUUSD,4396.147,4394.968,4394.968,,-0.11,-1.18,sl,2026-01-05 8:19:01,2026-01-05 8:19:39,,,,,,,,,,0
buy,0.01,0.01,XAUUSD,4395.854,4395.196,4395.196,,-0.11,-0.65,sl,2026-01-05 8:20:40,2026-01-05 8:20:52,,,,,,,,,,0
buy,0.01,0.01,XAUUSD,4395.628,4394.548,4394.548,,-0.11,-1.08,sl,2026-01-05 8:21:01,2026-01-05 8:21:31,,,,,,,,,,0
buy,0.01,0.01,XAUUSD,4395.49,4395.85,4394.247,,-0.11,0.36,user,2026-01-05 8:22:54,2026-01-05 8:23:08,,,,,,,,,,0
buy,0.01,0.01,XAUUSD,4395.207,4396.282,4394.544,4396.282,-0.11,1.07,tp,2026-01-05 8:24:02,2026-01-05 8:24:36,,,,,,,,,,0
buy,0.01,0.01,XAUUSD,4403.714,4404.843,4400.766,4409.546,-0.11,1.13,user,2026-01-05 8:30:07,2026-01-05 8:31:13,,,,,,,,,,0
buy,0.01,0.01,XAUUSD,4405.971,4404.84,4400.621,4419.478,-0.11,-1.13,user,2026-01-05 8:32:03,2026-01-05 8:33:06,,,,,,,,,,0
buy,0.01,0.01,XAUUSD,4402.446,4402.781,4400.481,,-0.11,0.33,user,2026-01-05 8:34:33,2026-01-05 8:34:58,,,,,,,,,,0
buy,0.01,0.01,XAUUSD,4403.92,4404.034,4400.041,,-0.11,0.11,user,2026-01-05 8:35:24,2026-01-05 8:35:27,,,,,,,,,,0
buy,0.01,0.01,XAUUSD,4403.148,4403.806,4401.714,,-0.11,0.66,user,2026-01-05 8:35:41,2026-01-05 8:35:46,,,,,,,,,,0
buy,0.01,0.01,XAUUSD,4403.818,4404.116,4401.714,,-0.11,0.3,user,2026-01-05 8:36:35,2026-01-05 8:36:43,,,,,,,,,,0
buy,0.01,0.01,XAUUSD,4403.94,4403.979,4401.925,,-0.11,0.04,user,2026-01-05 8:36:56,2026-01-05 8:37:02,,,,,,,,,,0
buy,0.01,0.01,XAUUSD,4404.678,4404.124,4403.333,,-0.11,-0.56,user,2026-01-05 8:37:14,2026-01-05 8:37:36,,,,,,,,,,0
buy,0.01,0.01,XAUUSD,4403.718,4403.505,4400.851,,-0.11,-0.21,user,2026-01-05 8:37:46,2026-01-05 8:38:02,,,,,,,,,,0
buy,0.01,0.01,XAUUSD,4404.068,4403.24,,,-0.11,-0.83,user,2026-01-05 8:39:09,2026-01-05 8:39:20,,,,,,,,,,0
buy,0.01,0.01,XAUUSD,4402.547,4404.467,4400.943,,-0.11,1.92,user,2026-01-05 8:39:50,2026-01-05 8:41:02,,,,,,,,,,0
buy,0.01,0.01,XAUUSD,4403.99,4402.611,,,-0.11,-1.38,user,2026-01-05 8:41:56,2026-01-05 8:42:26,,,,,,,,,,0
buy,0.01,0.01,XAUUSD,4403.781,4404.944,,,-0.11,1.16,user,2026-01-05 8:42:45,2026-01-05 8:43:04,,,,,,,,,,0
buy,0.01,0.01,XAUUSD,4401.126,4401.863,4400.481,,-0.11,0.73,user,2026-01-05 8:44:08,2026-01-05 8:44:14,,,,,,,,,,0
buy,0.01,0.01,XAUUSD,4400.319,4400.593,4399.704,,-0.11,0.27,user,2026-01-05 8:45:45,2026-01-05 8:45:52,,,,,,,,,,0
buy,0.01,0.01,XAUUSD,4403.722,4404.149,,,-0.11,0.43,user,2026-01-05 8:50:18,2026-01-05 8:50:25,,,,,,,,,,0
buy,0.01,0.01,XAUUSD,4403.165,4403.95,4402.54,,-0.11,0.78,user,2026-01-05 8:50:46,2026-01-05 8:51:04,,,,,,,,,,0
buy,0.01,0.01,XAUUSD,4407.013,4407.872,4405.764,,-0.11,0.86,user,2026-01-05 8:52:36,2026-01-05 8:52:52,,,,,,,,,,0
buy,0.01,0.01,XAUUSD,4406.843,4405.82,4405.82,,-0.11,-1.02,sl,2026-01-05 8:57:11,2026-01-05 8:58:24,,,,,,,,,,0
buy,0.01,0.01,XAUUSD,4407.796,4406.328,4405.598,4422.288,-0.11,-1.47,user,2026-01-05 8:53:21,2026-01-05 8:58:33,,,,,,,,,,0
buy,0.01,0.01,XAUUSD,4405.7,4409.209,4402.764,4409.209,-0.11,3.51,tp,2026-01-05 9:00:05,2026-01-05 9:02:16,,,,,,,,,,0
buy,0.01,0.01,XAUUSD,4411.153,4411.596,4410.154,,-0.11,0.45,user,2026-01-05 9:04:36,2026-01-05 9:04:55,,,,,,,,,,0
buy,0.01,0.01,XAUUSD,4410.917,4410.179,4410.179,,-0.11,-0.74,sl,2026-01-05 9:08:57,2026-01-05 9:09:02,,,,,,,,,,0
buy,0.01,0.01,XAUUSD,4409.401,4406.582,4406.582,4416.9,-0.11,-2.82,sl,2026-01-05 9:23:24,2026-01-05 9:27:33,,,,,,,,,,0
buy,0.01,0.01,XAUUSD,4407.54,4406.174,4406.469,,-0.11,-1.37,sl,2026-01-05 9:27:16,2026-01-05 9:27:38,,,,,,,,,,0
buy,0.01,0.01,XAUUSD,4406.681,4407.417,4406.145,,-0.11,0.74,user,2026-01-05 9:29:05,2026-01-05 9:29:26,,,,,,,,,,0
buy,0.01,0.01,XAUUSD,4405.56,4403.981,4404.4,,-0.11,-1.58,sl,2026-01-05 9:31:32,2026-01-05 9:31:59,,,,,,,,,,0
buy,0.01,0.01,XAUUSD,4404.407,4405.682,4402.806,4405.839,-0.11,1.27,user,2026-01-05 9:33:04,2026-01-05 9:34:13,,,,,,,,,,0
buy,0.01,0.01,XAUUSD,4404.076,4405.787,4403.679,4405.787,-0.11,1.71,tp,2026-01-05 9:35:38,2026-01-05 9:36:42,,,,,,,,,,0
buy,0.01,0.01,XAUUSD,4408.884,4407.882,4407.882,4422.307,-0.11,-1,sl,2026-01-05 9:41:06,2026-01-05 9:48:20,,,,,,,,,,0
buy,0.01,0.01,XAUUSD,4405.02,4403.854,4403.854,,-0.11,-1.17,sl,2026-01-05 9:57:07,2026-01-05 9:57:18,,,,,,,,,,0
buy,0.01,0.01,XAUUSD,4404.222,4403.661,4403.661,,-0.11,-0.56,sl,2026-01-05 9:58:17,2026-01-05 9:58:29,,,,,,,,,,0
buy,0.01,0.01,XAUUSD,4402.64,4402.233,4402.233,,-0.11,-0.41,sl,2026-01-05 9:59:19,2026-01-05 9:59:29,,,,,,,,,,0
sell,0.01,0.01,XAUUSD,4399.223,4400.766,4400.516,,-0.11,-1.55,sl,2026-01-05 10:00:55,2026-01-05 10:01:01,,,,,,,,,,0
sell,0.01,0.01,XAUUSD,4400.867,4402.366,4402.21,4396.404,-0.11,-1.5,sl,2026-01-05 10:02:08,2026-01-05 10:04:49,,,,,,,,,,0
sell,0.01,0.02,XAUUSD,4403.263,4402.673,4404.712,,,0.59,user,2026-01-05 10:07:31,2026-01-05 10:08:05,,,,,,,,,,0
sell,0.01,0.02,XAUUSD,4403.263,4403.113,4404.712,,-0.22,0.15,user,2026-01-05 10:07:31,2026-01-05 10:08:47,,,,,,,,,,0
sell,0.01,0.02,XAUUSD,4402.416,4401.948,4403.581,4398.291,,0.47,user,2026-01-05 10:09:08,2026-01-05 10:09:31,,,,,,,,,,0
sell,0.01,0.02,XAUUSD,4402.416,4400.926,4403.581,4398.291,-0.22,1.49,user,2026-01-05 10:09:08,2026-01-05 10:12:07,,,,,,,,,,0
sell,0.01,0.01,XAUUSD,4400,4399.294,4400.941,,-0.11,0.71,user,2026-01-05 10:13:22,2026-01-05 10:14:03,,,,,,,,,,0
sell,0.01,0.01,XAUUSD,4404.787,4405.141,4406.105,4403.168,-0.11,-0.35,user,2026-01-05 10:25:20,2026-01-05 10:28:14,,,,,,,,,,0
sell,0.01,0.01,XAUUSD,4404.71,4406.621,4406.621,4402.295,-0.11,-1.91,sl,2026-01-05 10:30:08,2026-01-05 10:36:40,,,,,,,,,,0
buy,0.01,0.01,XAUUSD,4405.415,4405.763,4404.557,4406.502,-0.11,0.34,user,2026-01-05 10:37:21,2026-01-05 10:38:16,,,,,,,,,,0
buy,0.01,0.01,XAUUSD,4405.23,4404.237,4404.438,,-0.11,-0.99,sl,2026-01-05 10:39:04,2026-01-05 10:39:32,,,,,,,,,,0
buy,0.01,0.02,XAUUSD,4406.31,4406.637,4405.589,4407.415,,0.33,user,2026-01-05 10:47:43,2026-01-05 10:48:29,,,,,,,,,,0
buy,0.01,0.02,XAUUSD,4406.31,4407.415,4405.589,4407.415,-0.22,1.11,tp,2026-01-05 10:47:43,2026-01-05 10:50:07,,,,,,,,,,0
buy,0.01,0.01,XAUUSD,4403.756,4404.177,4402.873,,-0.11,0.42,user,2026-01-05 10:55:18,2026-01-05 10:55:33,,,,,,,,,,0
buy,0.01,0.01,XAUUSD,4403.843,4404.227,4403.168,,-0.11,0.39,user,2026-01-05 10:56:28,2026-01-05 10:56:37,,,,,,,,,,0
buy,0.01,0.02,XAUUSD,4404.361,4404.535,4403.415,4405.589,,0.18,user,2026-01-05 10:52:50,2026-01-05 10:57:28,,,,,,,,,,0
buy,0.01,0.02,XAUUSD,4404.361,4405.589,4403.415,4405.589,-0.22,1.23,tp,2026-01-05 10:52:50,2026-01-05 10:58:56,,,,,,,,,,0
buy,0.01,0.01,XAUUSD,4404.515,4405.708,4403.525,4405.708,-0.11,1.19,tp,2026-01-05 10:59:29,2026-01-05 11:02:14,,,,,,,,,,0
buy,0.01,0.01,XAUUSD,4421.79,4421.77,4420.621,4423.581,-0.11,-0.02,user,2026-01-05 13:57:19,2026-01-05 13:59:02,,,,,,,,,,0
buy,0.01,0.01,XAUUSD,4428.498,4429.503,4425.91,4431.587,-0.11,1,user,2026-01-05 14:25:03,2026-01-05 14:28:18,,,,,,,,,,0
buy,0.01,0.01,XAUUSD,4427.403,4429.958,4426.357,4429.958,-0.11,2.56,tp,2026-01-05 14:40:57,2026-01-05 14:43:41,,,,,,,,,,0
buy,0.01,0.01,XAUUSD,4431.56,4431.819,4430.325,4432.898,-0.11,0.26,user,2026-01-05 14:56:07,2026-01-05 14:58:01,,,,,,,,,,0
buy,0.01,0.01,XAUUSD,4429.922,4430.276,4429.478,4433.519,-0.11,0.36,user,2026-01-05 15:03:13,2026-01-05 15:03:21,,,,,,,,,,0
buy,0.01,0.01,XAUUSD,4427.367,4426.943,4426.399,4430.842,-0.11,-0.43,user,2026-01-05 15:09:55,2026-01-05 15:10:32,,,,,,,,,,0
buy,0.01,0.01,XAUUSD,4426.916,4426.092,4426.427,4428.34,-0.11,-0.83,sl,2026-01-05 15:11:29,2026-01-05 15:12:17,,,,,,,,,,0
buy,0.01,0.01,XAUUSD,4427.182,4429.512,4426.071,4430.69,-0.11,2.33,user,2026-01-05 15:12:49,2026-01-05 15:13:10,,,,,,,,,,0
buy,0.01,0.01,XAUUSD,4429.462,4429.825,4428.577,4433.124,-0.11,0.37,user,2026-01-05 15:14:01,2026-01-05 15:14:07,,,,,,,,,,0
buy,0.01,0.01,XAUUSD,4430.049,4433.349,4431.057,4435.555,-0.11,3.3,user,2026-01-05 15:15:13,2026-01-05 15:22:55,,,,,,,,,,0
buy,0.01,0.01,XAUUSD,4432.711,4432.377,4432.377,4435.886,-0.11,-0.33,sl,2026-01-05 15:26:06,2026-01-05 15:30:07,,,,,,,,,,0
sell,0.01,0.01,XAUUSD,4433.52,4434.7,4434.7,4429.237,-0.11,-1.18,sl,2026-01-05 15:40:57,2026-01-05 15:42:57,,,,,,,,,,0
buy,0.01,0.01,XAUUSD,4435.385,4434.77,4434.77,4436.546,-0.11,-0.62,sl,2026-01-05 15:47:09,2026-01-05 15:47:38,,,,,,,,,,0
buy,0.01,0.01,BTCUSD,92534.52,92792.68,92191.4,93139.66,-0.16,2.58,user,2026-01-05 15:36:43,2026-01-05 15:48:22,,,,,,,,,,0
buy,0.01,0.01,XAUUSD,4435.833,4435.025,4435.294,4440.15,-0.11,-0.8,sl,2026-01-05 15:54:16,2026-01-05 15:54:29,,,,,,,,,,0
buy,0.01,0.01,XAUUSD,4434.2,4433.644,4433.644,4438.494,-0.11,-0.56,sl,2026-01-05 16:02:29,2026-01-05 16:02:34,,,,,,,,,,0
buy,0.01,0.01,XAUUSD,4432.5,4432.752,4431.069,4434.283,-0.11,0.25,user,2026-01-05 16:08:00,2026-01-05 16:09:23,,,,,,,,,,0
buy,0.01,0.01,XAUUSD,4432.296,4433.458,4431.394,4433.886,-0.11,1.16,user,2026-01-05 16:11:34,2026-01-05 16:13:45,,,,,,,,,,0
buy,0.01,0.01,XAUUSD,4431.773,4432.168,4430.889,4433.741,-0.11,0.4,user,2026-01-05 16:19:05,2026-01-05 16:19:39,,,,,,,,,,0
buy,0.01,0.01,XAUUSD,4432.672,4436.006,4431.467,4439.193,-0.11,3.34,user,2026-01-05 16:16:06,2026-01-05 16:32:16,,,,,,,,,,0
buy,0.01,0.01,XAUUSD,4437.83,4438.024,4435.966,4442.949,-0.11,0.19,user,2026-01-05 16:55:17,2026-01-05 16:56:30,,,,,,,,,,0
buy,0.01,0.01,XAUUSD,4436.901,4435.888,4435.888,4442.128,-0.11,-1.01,sl,2026-01-05 16:57:38,2026-01-05 16:58:03,,,,,,,,,,0
buy,0.01,0.01,XAUUSD,4435.891,4434.56,4434.56,4439.521,-0.11,-1.33,sl,2026-01-05 16:58:31,2026-01-05 17:01:40,,,,,,,,,,0
buy,0.01,0.01,XAUUSD,4433.367,4432.564,4433.115,4438.945,-0.11,-0.81,sl,2026-01-05 17:02:48,2026-01-05 17:02:51,,,,,,,,,,0
buy,0.01,0.01,XAUUSD,4433.532,4432.59,4432.59,4438.981,-0.11,-0.94,sl,2026-01-05 17:03:41,2026-01-05 17:04:18,,,,,,,,,,0
buy,0.01,0.01,XAUUSD,4433.062,4432.542,4432.542,4438.655,-0.11,-0.52,sl,2026-01-05 17:15:17,2026-01-05 17:15:27,,,,,,,,,,0
buy,0.01,0.01,XAUUSD,4428.752,4429.028,4426.376,4433.566,-0.11,0.28,user,2026-01-05 17:18:28,2026-01-05 17:18:32,,,,,,,,,,0
buy,0.01,0.01,XAUUSD,4429.567,4427.821,4427.821,4435.007,-0.11,-1.75,sl,2026-01-05 17:17:45,2026-01-05 17:18:41,,,,,,,,,,0
buy,0.01,0.01,XAUUSD,4426.818,4428.072,4426.466,4432.425,-0.11,1.25,user,2026-01-05 17:24:41,2026-01-05 17:25:02,,,,,,,,,,0
buy,0.01,0.01,XAUUSD,4428.517,4426.348,4426.348,4438.928,-0.11,-2.17,sl,2026-01-05 17:18:44,2026-01-05 17:25:43,,,,,,,,,,0
buy,0.01,0.01,XAUUSD,4426.729,4426.466,4426.466,4432.28,-0.11,-0.26,sl,2026-01-05 17:25:34,2026-01-05 17:25:44,,,,,,,,,,0
sell,0.01,0.01,XAUUSD,4416.035,4417.461,4417.461,4412.311,-0.11,-1.42,sl,2026-01-05 17:31:16,2026-01-05 17:32:01,,,,,,,,,,0
sell,0.01,0.01,XAUUSD,4415.851,4418.029,4418.029,4412.885,-0.11,-2.18,sl,2026-01-05 17:30:56,2026-01-05 17:32:05,,,,,,,,,,0
sell,0.01,0.01,XAUUSD,4420.059,4422.003,4422.003,4413.976,-0.11,-1.94,sl,2026-01-05 17:35:01,2026-01-05 17:37:06,,,,,,,,,,0
sell,0.02,0.02,XAUUSD,4421.834,4422.843,4422.843,4418.236,-0.22,-2.02,sl,2026-01-05 17:38:22,2026-01-05 17:39:29,,,,,,,,,,0
sell,0.02,0.02,XAUUSD,4422.197,4423.013,4423.013,4414.073,-0.22,-1.64,sl,2026-01-05 17:40:27,2026-01-05 17:40:35,,,,,,,,,,0
sell,0.02,0.02,XAUUSD,4422.607,4424.167,4424.167,4414.444,-0.22,-3.12,sl,2026-01-05 17:39:23,2026-01-05 17:43:22,,,,,,,,,,0
sell,0.01,0.03,XAUUSD,4423.851,4423.737,4428.206,4414.833,,0.11,user,2026-01-05 17:43:59,2026-01-05 17:45:47,,,,,,,,,,0
sell,0.01,0.03,XAUUSD,4423.851,4423.068,4428.206,4414.833,,0.78,user,2026-01-05 17:43:59,2026-01-05 17:47:27,,,,,,,,,,0
sell,0.01,0.03,XAUUSD,4423.851,4420.482,4428.206,4414.833,-0.33,3.37,user,2026-01-05 17:43:59,2026-01-05 17:59:05,,,,,,,,,,0
sell,0.01,0.01,XAUUSD,4419.353,4421.361,4426.172,4405.056,-0.11,-2.01,user,2026-01-05 17:59:55,2026-01-05 18:01:05,,,,,,,,,,0
sell,0.01,0.01,XAUUSD,4417.139,4408.29,4419.773,4405.811,-0.11,8.85,user,2026-01-05 18:06:40,2026-01-05 18:43:22,,,,,,,,,,0
sell,0.01,0.01,XAUUSD,4410.86,4412.391,4412.391,4404.485,-0.11,-1.53,sl,2026-01-05 18:46:21,2026-01-05 19:01:24,,,,,,,,,,0
buy,0.01,0.01,XAUUSD,4415.316,4415.612,4412.78,4428.845,-0.11,0.29,user,2026-01-05 19:04:18,2026-01-05 19:05:11,,,,,,,,,,0
buy,0.01,0.01,XAUUSD,4417.331,4416.925,4416.925,4429.806,-0.11,-0.4,sl,2026-01-05 19:07:43,2026-01-05 19:07:49,,,,,,,,,,0
buy,0.01,0.01,XAUUSD,4418.827,4413.996,4415.164,4431.234,-0.11,-4.83,sl,2026-01-05 19:06:58,2026-01-05 19:08:08,,,,,,,,,,0
sell,0.01,0.01,XAUUSD,4411.568,4409.985,4412.901,4398.07,-0.11,1.58,user,2026-01-05 19:13:13,2026-01-05 19:13:41,,,,,,,,,,0
sell,0.01,0.01,XAUUSD,4411.516,4412.552,4412.552,4396.523,-0.11,-1.03,sl,2026-01-05 19:18:53,2026-01-05 19:19:21,,,,,,,,,,0
sell,0.01,0.01,XAUUSD,4408.889,4413.113,4413.113,4400.585,-0.11,-4.22,sl,2026-01-05 19:09:57,2026-01-05 19:20:05,,,,,,,,,,0
buy,0.01,0.01,XAUUSD,4408.722,4406.981,4406.981,4424.169,-0.11,-1.74,sl,2026-01-05 19:21:24,2026-01-05 19:22:03,,,,,,,,,,0
buy,0.02,0.02,XAUUSD,4407.306,4404.556,4405.858,4422.507,-0.22,-5.5,sl,2026-01-05 19:22:49,2026-01-05 19:22:57,,,,,,,,,,0
sell,0.01,0.01,XAUUSD,4407.292,4405.251,4409.2,4396.051,-0.11,2.04,user,2026-01-05 19:23:58,2026-01-05 19:25:42,,,,,,,,,,0
sell,0.01,0.01,XAUUSD,4405.688,4400.394,4409.356,4400.394,-0.11,5.3,tp,2026-01-05 19:27:00,2026-01-05 19:29:11,,,,,,,,,,0
sell,0.01,0.01,XAUUSD,4400.595,4404.373,4405.219,4391.011,-0.11,-3.77,user,2026-01-05 19:29:49,2026-01-05 19:31:57,,,,,,,,,,0
sell,0.02,0.02,XAUUSD,4404.374,4408.536,4408.536,4398.193,-0.22,-8.32,sl,2026-01-05 19:32:48,2026-01-05 19:34:49,,,,,,,,,,0
buy,0.01,0.03,XAUUSD,4410.957,4410.102,4406.78,4432.361,,-0.86,user,2026-01-05 19:36:34,2026-01-05 19:37:58,,,,,,,,,,0
buy,0.01,0.01,XAUUSD,4412.189,4413.52,4407.297,4419.77,-0.11,1.33,user,2026-01-05 19:44:54,2026-01-05 19:45:16,,,,,,,,,,0
buy,0.01,0.03,XAUUSD,4410.957,4414.346,4406.78,4432.361,,3.39,user,2026-01-05 19:36:34,2026-01-05 19:47:01,,,,,,,,,,0
buy,0.01,0.03,XAUUSD,4410.957,4414.414,4406.78,4432.361,-0.33,3.45,user,2026-01-05 19:36:34,2026-01-05 19:48:55,,,,,,,,,,0
buy,0.01,0.01,XAUUSD,4416.903,4427.708,4411.599,4429.036,-0.11,10.81,user,2026-01-05 19:59:09,2026-01-05 20:11:17,,,,,,,,,,0
buy,0.01,0.01,XAUUSD,4427.017,4425.169,4425.169,4429.337,-0.11,-1.85,sl,2026-01-05 20:15:01,2026-01-05 20:15:42,,,,,,,,,,0
buy,0.01,0.01,XAUUSD,4425.107,4423.57,4423.57,4427.879,-0.11,-1.54,sl,2026-01-05 20:18:15,2026-01-05 20:19:10,,,,,,,,,,0
buy,0.01,0.01,XAUUSD,4425.573,4429.566,4424.655,4429.566,-0.11,4,tp,2026-01-05 20:18:02,2026-01-05 20:21:04,,,,,,,,,,0
buy,0.01,0.01,XAUUSD,4423.123,4421.381,4421.381,4426.991,-0.11,-1.74,sl,2026-01-05 20:31:11,2026-01-05 20:31:30,,,,,,,,,,0
buy,0.01,0.01,XAUUSD,4424.006,4423.116,4423.116,4434.239,-0.11,-0.89,sl,2026-01-05 20:33:04,2026-01-05 20:35:12,,,,,,,,,,0
buy,0.01,0.01,XAUUSD,4419.901,4419.887,4420.316,4425.017,-0.11,-0.01,sl,2026-01-05 20:36:10,2026-01-05 20:37:37,,,,,,,,,,0
buy,0.01,0.01,XAUUSD,4421.026,4422.129,4417.939,4424.647,-0.11,1.1,user,2026-01-05 20:38:36,2026-01-05 20:39:05,,,,,,,,,,0
buy,0.01,0.01,XAUUSD,4424.003,4424.369,4421.901,4429.623,-0.11,0.37,user,2026-01-05 20:41:16,2026-01-05 20:41:22,,,,,,,,,,0
buy,0.01,0.01,XAUUSD,4430.079,4430.726,4427.705,4435.425,-0.11,0.65,user,2026-01-05 20:45:05,2026-01-05 20:45:10,,,,,,,,,,0
buy,0.01,0.01,XAUUSD,4428.736,4429.488,4426.091,4433.811,-0.11,0.75,user,2026-01-05 20:45:36,2026-01-05 20:45:39,,,,,,,,,,0
buy,0.01,0.01,XAUUSD,4431.624,4432.234,4425.275,4434.964,-0.11,0.61,user,2026-01-05 20:46:11,2026-01-05 20:46:17,,,,,,,,,,0
buy,0.01,0.01,XAUUSD,4437.372,4437.73,4435.637,4439.16,-0.11,0.36,user,2026-01-05 20:54:21,2026-01-05 20:54:28,,,,,,,,,,0
buy,0.01,0.01,XAUUSD,4440.486,4439.448,4439.448,4441.919,-0.11,-1.04,sl,2026-01-05 20:56:06,2026-01-05 20:56:22,,,,,,,,,,0
buy,0.01,0.01,XAUUSD,4439.995,4437.8,4437.485,4443.549,-0.11,-2.2,user,2026-01-05 20:57:18,2026-01-05 20:57:48,,,,,,,,,,0
buy,0.01,0.01,XAUUSD,4437.721,4436.288,,4443.87,-0.11,-1.43,user,2026-01-05 20:57:50,2026-01-05 20:57:55,,,,,,,,,,0
buy,0.01,0.01,XAUUSD,4437.183,4440.803,4435.868,4440.803,-0.11,3.62,tp,2026-01-05 20:59:27,2026-01-05 21:00:04,,,,,,,,,,0
buy,0.01,0.01,XAUUSD,4444.019,4448.309,4436.85,4454.636,-0.11,4.29,user,2026-01-05 21:01:42,2026-01-05 21:03:08,,,,,,,,,,0
buy,0.01,0.01,XAUUSD,4452.615,4451.209,4451.46,4457.12,-0.11,-1.41,sl,2026-01-05 21:06:36,2026-01-05 21:06:43,,,,,,,,,,0
buy,0.01,0.01,XAUUSD,4452.621,4453.472,4447.908,4458.508,-0.11,0.85,user,2026-01-05 21:09:09,2026-01-05 21:09:13,,,,,,,,,,0
buy,0.01,0.01,XAUUSD,4453.466,4453.71,4449.785,4460.385,-0.11,0.24,user,2026-01-05 21:08:58,2026-01-05 21:09:23,,,,,,,,,,0
buy,0.01,0.01,XAUUSD,4452.169,4451.229,4451.229,4459.63,-0.11,-0.94,sl,2026-01-05 21:10:24,2026-01-05 21:10:29,,,,,,,,,,0
buy,0.01,0.01,XAUUSD,4452.069,4449.697,4450.569,4458.969,-0.11,-2.37,sl,2026-01-05 21:10:36,2026-01-05 21:10:48,,,,,,,,,,0
sell,0.01,0.01,XAUUSD,4450.077,4449.658,4451.464,4443.064,-0.11,0.42,user,2026-01-05 21:11:06,2026-01-05 21:11:23,,,,,,,,,,0
buy,0.01,0.01,XAUUSD,4448.33,4448.934,4445.388,4452.935,-0.11,0.6,user,2026-01-05 21:14:23,2026-01-05 21:16:35,,,,,,,,,,0
buy,0.01,0.01,XAUUSD,4449.909,4448.968,4448.968,4457.831,-0.11,-0.94,sl,2026-01-05 21:18:17,2026-01-05 21:18:21,,,,,,,,,,0
buy,0.01,0.01,XAUUSD,4448.791,4450.097,4447.613,4456.27,-0.11,1.31,user,2026-01-05 21:20:35,2026-01-05 21:20:49,,,,,,,,,,0
buy,0.01,0.01,XAUUSD,4450.246,4450.078,4445.388,4457.807,-0.11,-0.17,user,2026-01-05 21:20:08,2026-01-05 21:21:18,,,,,,,,,,0
buy,0.01,0.01,XAUUSD,4449.497,4450.852,4445.291,4453.032,-0.11,1.35,user,2026-01-05 21:23:44,2026-01-05 21:24:29,,,,,,,,,,0
buy,0.01,0.01,XAUUSD,4449.587,4447.731,4444.102,4456.522,-0.11,-1.86,user,2026-01-05 21:24:41,2026-01-05 21:25:02,,,,,,,,,,0
buy,0.01,0.01,XAUUSD,4445.243,4447.702,4447.702,4453.301,-0.11,2.46,sl,2026-01-05 21:25:27,2026-01-05 21:27:41,,,,,,,,,,0
buy,0.01,0.01,XAUUSD,4445.872,4445.735,4445.735,4453.476,-0.11,-0.13,sl,2026-01-05 21:28:39,2026-01-05 21:28:40,,,,,,,,,,0
buy,0.01,0.01,XAUUSD,4445.162,4443.486,4443.831,4446.85,-0.11,-1.67,sl,2026-01-05 21:29:19,2026-01-05 21:30:06,,,,,,,,,,0
buy,0.01,0.01,XAUUSD,4443.775,4441.077,4441.077,4454.847,-0.11,-2.7,sl,2026-01-05 21:31:37,2026-01-05 21:34:07,,,,,,,,,,0
buy,0.01,0.02,XAUUSD,4443.026,4444.579,4439.051,4454.475,,1.55,user,2026-01-05 21:34:49,2026-01-05 21:35:24,,,,,,,,,,0
buy,0.01,0.02,XAUUSD,4443.026,4439.051,4439.051,4454.475,-0.22,-3.98,sl,2026-01-05 21:34:49,2026-01-05 21:36:44,,,,,,,,,,0
buy,0.02,0.02,XAUUSD,4438.855,4436.031,4436.031,4454.545,-0.22,-5.65,sl,2026-01-05 21:38:03,2026-01-05 21:38:47,,,,,,,,,,0
buy,0.02,0.02,XAUUSD,4438.913,4440.241,4436.101,4454.616,-0.22,2.65,user,2026-01-05 21:40:09,2026-01-05 21:41:29,,,,,,,,,,0
buy,0.02,0.02,XAUUSD,4444.587,4446.697,4441.195,4450.715,-0.22,4.22,user,2026-01-05 21:44:19,2026-01-05 21:44:28,,,,,,,,,,0
buy,0.01,0.01,XAUUSD,4442.941,4443.179,4443.179,4453.774,-0.11,0.24,sl,2026-01-05 21:43:08,2026-01-05 21:49:06,,,,,,,,,,0
buy,0.01,0.01,XAUUSD,4443.702,4444.284,4439.97,4449.49,-0.11,0.58,user,2026-01-05 21:49:34,2026-01-05 21:54:26,,,,,,,,,,0
buy,0.01,0.01,XAUUSD,4448.633,4451.463,4444.659,4456.403,-0.11,2.83,user,2026-01-05 21:59:45,2026-01-05 22:01:19,,,,,,,,,,0
buy,0.01,0.01,XAUUSD,4449.668,4444.953,4445.36,4455.498,-0.11,-4.72,sl,2026-01-05 22:01:47,2026-01-05 22:06:21,,,,,,,,,,0
buy,0.01,0.01,XAUUSD,4446.002,4444.848,4445.358,4452.693,-0.11,-1.15,sl,2026-01-05 22:06:16,2026-01-05 22:06:21,,,,,,,,,,0
buy,0.01,0.01,XAUUSD,4441.558,4439.725,4439.725,4444.565,-0.11,-1.83,sl,2026-01-05 22:08:35,2026-01-05 22:10:54,,,,,,,,,,0
buy,0.01,0.02,XAUUSD,4443.278,4441.96,4439.236,4446.652,,-1.32,user,2026-01-05 22:11:17,2026-01-05 22:11:39,,,,,,,,,,0
buy,0.01,0.02,XAUUSD,4443.278,4441.368,4439.236,4446.652,-0.22,-1.91,user,2026-01-05 22:11:17,2026-01-05 22:11:52,,,,,,,,,,0
buy,0.01,0.03,XAUUSD,4446.185,4445.997,4442.153,4450.901,,-0.19,user,2026-01-05 22:14:11,2026-01-05 22:14:25,,,,,,,,,,0
buy,0.02,0.03,XAUUSD,4446.185,4446.627,4442.153,4450.901,-0.33,0.88,user,2026-01-05 22:14:11,2026-01-05 22:14:58,,,,,,,,,,0
buy,0.01,0.01,XAUUSD,4446.216,4444.134,4444.736,4449.568,-0.11,-2.09,sl,2026-01-05 22:17:54,2026-01-05 22:21:39,,,,,,,,,,0
sell,0.01,0.02,XAUUSD,4445.285,4445.558,4447.569,4442.027,,-0.27,user,2026-01-05 22:21:55,2026-01-05 22:23:11,,,,,,,,,,0
sell,0.01,0.02,XAUUSD,4445.285,4442.027,4447.569,4442.027,-0.22,3.26,tp,2026-01-05 22:21:55,2026-01-05 22:26:32,,,,,,,,,,0
buy,0.01,0.01,XAUUSD,4443.076,4442.027,4442.027,4445.979,-0.11,-1.05,sl,2026-01-05 22:28:25,2026-01-05 22:28:51,,,,,,,,,,0
buy,0.05,0.05,XAUUSD,4446.121,4443.706,4443.706,4448.788,-0.55,-12.08,sl,2026-01-05 22:35:18,2026-01-05 22:36:12,,,,,,,,,,0
buy,0.05,0.05,XAUUSD,4444.953,4443.905,4442.635,4447.717,-0.55,-5.24,user,2026-01-05 22:35:51,2026-01-05 22:37:48,,,,,,,,,,0
buy,0.05,0.05,XAUUSD,4444.575,4445.431,,,-0.55,4.28,user,2026-01-05 22:41:29,2026-01-05 22:43:06,,,,,,,,,,0
buy,0.05,0.05,XAUUSD,4445.698,4445.533,,4455.468,-0.55,-0.82,user,2026-01-05 22:41:03,2026-01-05 22:46:38,,,,,,,,,,0
buy,0.05,0.05,XAUUSD,4447.917,4451.307,,4454.958,-0.55,16.95,user,2026-01-05 22:49:16,2026-01-05 22:50:15,,,,,,,,,,0
buy,0.01,0.01,XAUUSD,4453.257,4448.102,,,-0.11,-5.16,user,2026-01-05 22:52:53,2026-01-05 22:56:55,,,,,,,,,,0
buy,0.01,0.01,XAUUSD,4452.308,4448.102,,,-0.11,-4.21,user,2026-01-05 22:55:06,2026-01-05 22:56:55,,,,,,,,,,0
buy,0.01,0.01,XAUUSD,4451.729,4448.102,,,-0.11,-3.63,user,2026-01-05 22:55:23,2026-01-05 22:56:55,,,,,,,,,,0
buy,0.05,0.05,XAUUSD,4448.874,4442.677,,4457.245,-0.55,-30.98,user,2026-01-05 22:57:05,2026-01-05 22:59:37,,,,,,,,,,0
buy,0.05,0.05,XAUUSD,4444.142,4439.378,4439.378,4452.498,-0.55,-23.82,sl,2026-01-05 22:59:13,2026-01-05 23:00:15,,,,,,,,,,0
sell,0.05,0.05,XAUUSD,4440.188,4441.793,4445.067,4431.947,-0.55,-8.03,so,2026-01-05 23:00:54,2026-01-05 23:01:03,,,,,,,,,,0
buy,0.01,0.01,BTCUSD,90782.06,90626.95,90629.01,91080.6,-0.16,-1.55,sl,2026-01-12 1:06:03,2026-01-12 1:47:01,,,,,,,,,,0
buy,0.01,0.01,XAUUSD,4523.411,4532.33,4508.781,4538.64,-0.11,8.92,user,2026-01-12 5:05:21,2026-01-12 5:19:34,,,,,,,,,,0
buy,0.01,0.01,XAUUSD,4542.132,4538.904,4539.262,4547.159,-0.11,-3.23,sl,2026-01-12 5:51:59,2026-01-12 5:56:37,,,,,,,,,,0
buy,0.02,0.02,XAUUSD,4541.833,4543.538,,4543.538,-0.22,3.41,tp,2026-01-12 6:02:51,2026-01-12 6:04:00,,,,,,,,,,0
buy,0.01,0.02,XAUUSD,4594.122,4595.393,4578.633,4770.146,,1.27,user,2026-01-12 14:48:34,2026-01-12 14:50:42,,,,,,,,,,0
buy,0.01,0.01,XAUUSD,4597.508,4597.638,4595.111,,-0.11,0.13,user,2026-01-12 15:11:02,2026-01-12 15:13:52,,,,,,,,,,0
buy,0.01,0.01,XAUUSD,4588.331,4592.125,4588.271,4596.905,-0.11,3.8,user,2026-01-12 16:35:36,2026-01-12 16:40:41,,,,,,,,,,0
buy,0.01,0.01,XAUUSD,4595.07,4593.9,4593.9,4599.357,-0.11,-1.17,sl,2026-01-12 16:57:54,2026-01-12 17:00:02,,,,,,,,,,0
buy,0.01,0.01,XAUUSD,4585.312,4582.903,4582.903,4589.794,-0.11,-2.41,sl,2026-01-12 17:53:49,2026-01-12 17:56:18,,,,,,,,,,0
buy,0.01,0.01,XAUUSD,4584.913,4584.958,4583.477,,-0.11,0.05,user,2026-01-12 18:34:05,2026-01-12 18:35:10,,,,,,,,,,0
buy,0.01,0.01,XAUUSD,4584.658,4589.177,4583.484,,-0.11,4.52,user,2026-01-12 18:36:11,2026-01-12 18:51:32,,,,,,,,,,0
buy,0.01,0.01,XAUUSD,4583.318,4588.764,4569.696,,-0.11,5.44,user,2026-01-12 17:59:34,2026-01-12 18:57:13,,,,,,,,,,0
buy,0.01,0.01,XAUUSD,4592.131,4594.9,,,-0.11,2.77,user,2026-01-12 19:01:40,2026-01-12 19:03:40,,,,,,,,,,0
buy,0.01,0.02,XAUUSD,4594.122,4607.671,4578.633,4770.146,-0.22,13.55,user,2026-01-12 14:48:34,2026-01-12 19:21:09,,,,,,,,,,0
buy,0.01,0.02,XAUUSD,4608.015,4608.831,4606.266,4614.599,,0.81,user,2026-01-12 19:35:29,2026-01-12 19:35:57,,,,,,,,,,0
buy,0.01,0.02,XAUUSD,4608.015,4614.599,4606.266,4614.599,-0.22,6.58,tp,2026-01-12 19:35:29,2026-01-12 19:48:05,,,,,,,,,,0
buy,0.01,0.01,XAUUSD,4613.027,4608.867,4608.867,,-0.11,-4.16,sl,2026-01-12 20:01:17,2026-01-12 20:02:50,,,,,,,,,,0
buy,0.01,0.01,XAUUSD,4604.592,4598.157,4598.157,,-0.11,-6.43,sl,2026-01-12 20:04:20,2026-01-12 20:08:49,,,,,,,,,,0
buy,0.02,0.02,XAUUSD,4595.953,4597.975,4589.524,,-0.22,4.04,user,2026-01-12 20:11:26,2026-01-12 20:11:53,,,,,,,,,,0
buy,0.01,0.01,XAUUSD,4595.97,4596.814,4592.581,4600.191,-0.11,0.84,user,2026-01-12 20:13:29,2026-01-12 20:13:38,,,,,,,,,,0
buy,0.01,0.01,XAUUSD,4593.863,4594.93,4590.435,4614.127,-0.11,1.07,user,2026-01-12 20:17:00,2026-01-12 20:17:19,,,,,,,,,,0
buy,0.01,0.01,XAUUSD,4597.732,4595.841,4589.686,4618.009,-0.11,-1.89,user,2026-01-12 20:18:46,2026-01-12 20:19:48,,,,,,,,,,0
buy,0.01,0.01,XAUUSD,4593.338,4587.973,4589.27,4617.6,-0.11,-5.37,sl,2026-01-12 20:25:47,2026-01-12 20:25:59,,,,,,,,,,0
buy,0.01,0.01,XAUUSD,4590.828,4588.828,4563.776,,-0.11,-2,user,2026-01-12 20:28:29,2026-01-12 20:29:55,,,,,,,,,,0
buy,0.01,0.01,XAUUSD,4596.269,4615.456,4593.893,,-0.11,19.19,user,2026-01-12 20:36:33,2026-01-12 21:07:51,,,,,,,,,,0
buy,0.01,0.01,XAUUSD,4615.122,4621.607,4615.014,4622.53,-0.11,6.49,user,2026-01-12 21:23:02,2026-01-12 21:26:32,,,,,,,,,,0
buy,0.01,0.01,XAUUSD,4619.89,4625.306,4620.139,4626.893,-0.11,5.42,user,2026-01-12 21:28:30,2026-01-12 21:37:03,,,,,,,,,,0
buy,0.01,0.01,XAUUSD,4620.511,4618.372,4618.372,4629.734,-0.11,-2.14,sl,2026-01-12 21:46:49,2026-01-12 21:55:36,,,,,,,,,,0
buy,0.01,0.02,XAUUSD,4622.073,4622.64,4620.686,4626.361,,0.57,user,2026-01-12 22:00:42,2026-01-12 22:01:17,,,,,,,,,,0
buy,0.01,0.02,XAUUSD,4622.073,4620.686,4620.686,4626.361,-0.22,-1.38,sl,2026-01-12 22:00:42,2026-01-12 22:01:51,,,,,,,,,,0
buy,0.01,0.01,XAUUSD,4623.457,4622.59,4622.59,4628.822,-0.11,-0.87,sl,2026-01-12 22:07:32,2026-01-12 22:12:23,,,,,,,,,,0
buy,0.01,0.01,XAUUSD,4629.329,4627.539,4627.832,,-0.11,-1.79,sl,2026-01-12 22:16:19,2026-01-12 22:18:53,,,,,,,,,,0
buy,0.01,0.01,XAUUSD,4629.405,4628.487,4622.652,,-0.11,-0.92,user,2026-01-12 22:20:43,2026-01-12 22:22:09,,,,,,,,,,0
buy,0.01,0.01,XAUUSD,4624.439,4622.296,4622.65,,-0.11,-2.14,sl,2026-01-12 22:24:08,2026-01-12 22:24:42,,,,,,,,,,0
buy,0.01,0.01,XAUUSD,4613.928,4612.841,4612.841,4619.12,-0.11,-1.09,sl,2026-01-13 1:15:15,2026-01-13 1:22:12,,,,,,,,,,0
buy,0.01,0.01,XAUUSD,4597.347,4593.884,4594.43,,-0.11,-3.47,sl,2026-01-13 6:02:43,2026-01-13 6:04:37,,,,,,,,,,0
buy,0.01,0.01,XAUUSD,4589.175,4589.902,,,-0.11,0.72,user,2026-01-13 6:53:20,2026-01-13 6:53:36,,,,,,,,,,0
buy,0.01,0.01,XAUUSD,4584.073,4582.601,,,-0.11,-1.47,user,2026-01-13 7:02:44,2026-01-13 7:02:55,,,,,,,,,,0
buy,0.01,0.01,XAUUSD,4595.279,4581.816,4581.816,,-0.11,-13.46,sl,2026-01-13 6:07:04,2026-01-13 7:04:38,,,,,,,,,,0
buy,0.01,0.01,XAUUSD,4590.802,4594.467,4586.807,,-0.11,3.67,user,2026-01-13 7:09:26,2026-01-13 7:12:48,,,,,,,,,,0
buy,0.01,0.01,XAUUSD,4586.098,4585.889,4585.889,4593.299,-0.11,-0.21,sl,2026-01-13 7:20:31,2026-01-13 7:26:25,,,,,,,,,,0
buy,0.01,0.01,XAUUSD,4579.75,4581.174,4575.712,,-0.11,1.42,user,2026-01-13 7:36:26,2026-01-13 7:38:03,,,,,,,,,,0
buy,0.01,0.01,XAUUSD,4585.018,4583.366,4583.366,,-0.11,-1.65,sl,2026-01-13 7:41:36,2026-01-13 7:42:04,,,,,,,,,,0
buy,0.02,0.02,XAUUSD,4584.925,4582.693,4582.693,,-0.22,-4.46,sl,2026-01-13 7:43:19,2026-01-13 7:43:54,,,,,,,,,,0
buy,0.01,0.01,XAUUSD,4584.685,4582.327,4582.806,4591.222,-0.11,-2.36,sl,2026-01-13 7:46:08,2026-01-13 7:46:54,,,,,,,,,,0
sell,0.03,0.03,XAUUSD,4582.187,4581.049,4583.757,4579.487,-0.33,3.41,user,2026-01-13 7:51:54,2026-01-13 7:53:56,,,,,,,,,,0
buy,0.03,0.03,XAUUSD,4585.832,4584.92,4584.92,4587.632,-0.33,-2.74,sl,2026-01-13 8:25:42,2026-01-13 8:26:41,,,,,,,,,,0
buy,0.05,0.05,XAUUSD,4585.454,4584.666,4584.666,,-0.55,-3.94,sl,2026-01-13 8:27:22,2026-01-13 8:27:43,,,,,,,,,,0
sell,0.05,0.05,XAUUSD,4585.46,4584.418,4585.905,4584.418,-0.55,5.21,tp,2026-01-13 8:28:18,2026-01-13 8:29:04,,,,,,,,,,0
buy,0.01,0.01,XAUUSD,4585.264,4587.336,4584.942,,-0.11,2.08,user,2026-01-13 8:30:47,2026-01-13 8:43:15,,,,,,,,,,0
buy,0.02,0.05,XAUUSD,4590.085,4590.705,4587.766,4655.352,,1.24,user,2026-01-13 8:45:05,2026-01-13 8:45:33,,,,,,,,,,0
buy,0.01,0.05,XAUUSD,4590.085,4592.53,4587.766,4655.352,,2.44,user,2026-01-13 8:45:05,2026-01-13 8:46:12,,,,,,,,,,0
buy,0.01,0.05,XAUUSD,4590.085,4593,4587.766,4655.352,,2.91,user,2026-01-13 8:45:05,2026-01-13 8:46:46,,,,,,,,,,0
buy,0.01,0.05,XAUUSD,4590.085,4592.997,4587.766,4655.352,-0.55,2.91,user,2026-01-13 8:45:05,2026-01-13 8:57:34,,,,,,,,,,0
buy,0.01,0.01,XAUUSD,4595.557,4597.052,4593.83,4599.382,-0.11,1.49,user,2026-01-13 9:06:29,2026-01-13 9:11:16,,,,,,,,,,0
buy,0.01,0.01,XAUUSD,4585.494,4589.496,4583.66,4594.765,-0.11,4.01,user,2026-01-13 14:17:26,2026-01-13 14:21:11,,,,,,,,,,0
buy,0.01,0.01,XAUUSD,4587.807,4587.028,4587.028,,-0.11,-0.78,sl,2026-01-13 14:22:39,2026-01-13 14:23:01,,,,,,,,,,0
buy,0.01,0.01,XAUUSD,4587.831,4590.963,4587.889,4590.963,-0.11,3.13,tp,2026-01-13 14:24:05,2026-01-13 14:26:14,,,,,,,,,,0
buy,0.01,0.01,USOIL,59.532,59.582,58.774,61.656,-0.13,0.5,user,2026-01-13 9:03:50,2026-01-13 14:33:43,,,,,,,,,,0
buy,0.01,0.01,XAUUSD,4592.222,4589.311,4589.921,4597.705,-0.11,-2.91,sl,2026-01-13 15:18:37,2026-01-13 15:25:10,,,,,,,,,,0
sell,0.01,0.01,XAUUSD,4589.358,4589.343,4590.35,4584.489,-0.11,0.02,user,2026-01-13 15:30:39,2026-01-13 15:32:27,,,,,,,,,,0
sell,0.01,0.01,XAUUSD,4589.749,4588.992,4591.453,4584.772,-0.11,0.76,user,2026-01-13 15:28:05,2026-01-13 15:37:04,,,,,,,,,,0
buy,0.01,0.01,XAUUSD,4590.369,4588.011,4588.328,4593.751,-0.11,-2.36,sl,2026-01-13 15:40:04,2026-01-13 15:42:10,,,,,,,,,,0
buy,0.01,0.01,XAUUSD,4591.06,4589.879,4589.879,4596.115,-0.11,-1.18,sl,2026-01-13 15:44:56,2026-01-13 15:45:16,,,,,,,,,,0
buy,0.01,0.01,XAUUSD,4591.153,4589.525,4589.525,4595.765,-0.11,-1.62,sl,2026-01-13 15:45:42,2026-01-13 15:47:20,,,,,,,,,,0
buy,0.01,0.01,XAUUSD,4588.643,4587.72,4586.919,4592.624,-0.11,-0.92,user,2026-01-13 15:48:15,2026-01-13 15:48:53,,,,,,,,,,0
buy,0.01,0.01,XAUUSD,4591.508,4598.538,4589.387,4598.538,-0.11,7.03,tp,2026-01-13 18:53:58,2026-01-13 19:09:42,,,,,,,,,,0
buy,0.01,0.03,XAUUSD,4607.252,4612.401,4590.702,,,5.15,user,2026-01-13 19:30:05,2026-01-13 19:30:28,,,,,,,,,,0
buy,0.01,0.03,XAUUSD,4607.252,4606.909,4590.702,,,-0.34,user,2026-01-13 19:30:05,2026-01-13 19:31:30,,,,,,,,,,0
buy,0.01,0.01,XAUUSD,4615.454,4612.662,4612.662,4620.135,-0.11,-2.79,sl,2026-01-13 19:54:01,2026-01-13 19:54:23,,,,,,,,,,0
buy,0.01,0.03,XAUUSD,4607.252,4611.633,4590.702,,-0.33,4.38,user,2026-01-13 19:30:05,2026-01-13 19:55:31,,,,,,,,,,0
buy,0.01,0.01,XAUUSD,4615.12,4622.618,4614.591,,-0.11,7.5,user,2026-01-13 20:07:56,2026-01-13 20:25:03,,,,,,,,,,0
buy,0.01,0.01,XAUUSD,4621.612,4620.605,4620.605,,-0.11,-1,sl,2026-01-13 20:28:06,2026-01-13 20:28:23,,,,,,,,,,0
buy,0.01,0.01,XAUUSD,4627.338,4625.605,,,-0.11,-1.73,user,2026-01-13 21:01:08,2026-01-13 21:01:20,,,,,,,,,,0
buy,0.01,0.01,XAUUSD,4619.323,4619.189,,,-0.11,-0.13,user,2026-01-13 21:08:09,2026-01-13 21:08:14,,,,,,,,,,0
buy,0.01,0.01,XAUUSD,4619.696,4618.85,4618.85,,-0.11,-0.85,sl,2026-01-13 21:08:27,2026-01-13 21:08:38,,,,,,,,,,0
buy,0.01,0.01,XAUUSD,4617.788,4618.811,4616.031,,-0.11,1.02,user,2026-01-13 21:09:13,2026-01-13 21:09:25,,,,,,,,,,0
buy,0.01,0.01,XAUUSD,4621.19,4623.128,4618.913,,-0.11,1.94,user,2026-01-13 21:11:03,2026-01-13 21:11:09,,,,,,,,,,0
buy,0.01,0.01,XAUUSD,4622.581,4621.968,4620.875,,-0.11,-0.61,user,2026-01-13 21:12:04,2026-01-13 21:12:13,,,,,,,,,,0
buy,0.01,0.01,XAUUSD,4623.765,4623.752,4621.48,,-0.11,-0.02,user,2026-01-13 21:13:14,2026-01-13 21:13:20,,,,,,,,,,0
buy,0.01,0.01,XAUUSD,4622.425,4619.246,4619.543,,-0.11,-3.18,sl,2026-01-13 21:14:39,2026-01-13 21:15:55,,,,,,,,,,0
buy,0.01,0.01,XAUUSD,4617.179,4615.304,4615.304,4624.871,-0.11,-1.88,sl,2026-01-13 21:16:41,2026-01-13 21:17:41,,,,,,,,,,0
buy,0.01,0.01,XAUUSD,4605.839,4607.652,4603.568,,-0.11,1.81,user,2026-01-13 21:19:06,2026-01-13 21:19:18,,,,,,,,,,0
sell,0.01,0.01,XAUUSD,4608.569,4606.957,4611.005,4605.218,-0.11,1.61,user,2026-01-13 21:23:11,2026-01-13 21:23:24,,,,,,,,,,0
sell,0.01,0.01,XAUUSD,4606.566,4607.869,4610.192,4603.206,-0.11,-1.3,user,2026-01-13 21:27:03,2026-01-13 21:27:16,,,,,,,,,,0
buy,0.01,0.01,XAUUSD,4607.974,4609.962,4605.454,,-0.11,1.99,user,2026-01-13 21:30:52,2026-01-13 21:31:03,,,,,,,,,,0
buy,0.01,0.01,XAUUSD,4607.453,4608.989,4605.85,,-0.11,1.54,user,2026-01-13 21:41:21,2026-01-13 21:41:39,,,,,,,,,,0
buy,0.01,0.01,XAUUSD,4615.097,4614.823,4612.297,,-0.11,-0.28,user,2026-01-13 21:45:48,2026-01-13 21:45:52,,,,,,,,,,0
sell,0.01,0.01,XAUUSD,4584.394,4585.166,4587.676,,-0.11,-0.78,user,2026-01-14 2:45:17,2026-01-14 2:46:20,,,,,,,,,,0
buy,0.01,0.01,XAUUSD,4598.509,4606.028,4598.046,4609.484,-0.11,7.52,user,2026-01-14 5:56:14,2026-01-14 6:10:11,,,,,,,,,,0
buy,0.01,0.01,XAUUSD,4605.991,4604.787,4604.787,4621.986,-0.11,-1.2,sl,2026-01-14 6:13:22,2026-01-14 6:21:17,,,,,,,,,,0
buy,0.01,0.01,XAUUSD,4604.317,4608.887,4601.856,4608.887,-0.11,4.57,tp,2026-01-14 6:24:26,2026-01-14 6:26:58,,,,,,,,,,0
buy,0.01,0.01,XAUUSD,4609.028,4610.114,4607.856,4612.204,-0.11,1.08,user,2026-01-14 6:31:31,2026-01-14 6:33:34,,,,,,,,,,0
buy,0.01,0.01,XAUUSD,4607.767,4606.837,4607.521,,-0.11,-0.93,sl,2026-01-14 6:57:47,2026-01-14 7:00:03,,,,,,,,,,0
buy,0.01,0.01,XAUUSD,4615.234,4618.111,4614.978,4619.171,-0.11,2.88,user,2026-01-14 7:35:36,2026-01-14 7:37:38,,,,,,,,,,0
buy,0.01,0.01,BTCUSD,95343.6,95276.09,95276.09,95931.13,-0.16,-0.68,sl,2026-01-14 7:10:15,2026-01-14 7:39:40,,,,,,,,,,0
buy,0.01,0.01,XAUUSD,4615.58,4614.905,4615.468,4620.345,-0.11,-0.67,sl,2026-01-14 7:44:07,2026-01-14 7:48:44,,,,,,,,,,0
buy,0.01,0.01,XAUUSD,4614.322,4617.347,4613.769,4620.387,-0.11,3.03,user,2026-01-14 7:50:49,2026-01-14 7:52:41,,,,,,,,,,0
sell,0.01,0.01,XAUUSD,4629.044,4630.909,4630.909,4624.051,-0.11,-1.87,sl,2026-01-14 12:40:21,2026-01-14 12:41:03,,,,,,,,,,0
buy,0.01,0.01,XAUUSD,4632.308,4631.517,4631.517,,-0.11,-0.79,sl,2026-01-14 12:50:38,2026-01-14 12:51:38,,,,,,,,,,0
buy,0.01,0.01,XAUUSD,4632.017,4632.621,4629.666,4641.005,-0.11,0.6,user,2026-01-14 12:45:08,2026-01-14 12:54:04,,,,,,,,,,0
buy,0.01,0.01,XAUUSD,4631.762,4636.827,4630.673,4646.378,-0.11,5.07,user,2026-01-14 12:53:24,2026-01-14 12:59:48,,,,,,,,,,0
buy,0.01,0.01,XAUUSD,4635.448,4632.662,4632.662,4641.43,-0.11,-2.79,sl,2026-01-14 13:00:07,2026-01-14 13:06:50,,,,,,,,,,0
buy,0.01,0.01,XAUUSD,4633.4,4632.205,4632.205,4639.293,-0.11,-1.19,sl,2026-01-14 13:10:38,2026-01-14 13:11:30,,,,,,,,,,0
buy,0.01,0.01,XAUUSD,4633.336,4638.387,4634.248,4641.529,-0.11,5.05,user,2026-01-14 13:13:06,2026-01-14 13:28:22,,,,,,,,,,0
buy,0.01,0.01,XAUUSD,4635.672,4633.271,4633.271,4641.56,-0.11,-2.4,sl,2026-01-14 13:30:54,2026-01-14 13:55:36,,,,,,,,,,0
buy,0.01,0.01,BTCUSD,95174.14,95235.29,95142.48,,-0.16,0.61,user,2026-01-14 14:20:21,2026-01-14 14:20:49,,,,,,,,,,0
buy,0.01,0.01,XAUUSD,4624.8,4623.599,4623.599,,-0.11,-1.2,sl,2026-01-14 14:25:34,2026-01-14 14:26:02,,,,,,,,,,0
buy,0.01,0.01,XAUUSD,4624.776,4622.857,4622.857,,-0.11,-1.92,sl,2026-01-14 14:26:17,2026-01-14 14:27:25,,,,,,,,,,0
buy,0.01,0.01,XAUUSD,4623.414,4622.14,4622.14,,-0.11,-1.27,sl,2026-01-14 14:28:23,2026-01-14 14:28:34,,,,,,,,,,0
buy,0.01,0.01,XAUUSD,4625.487,4627.141,4625.027,4632.844,-0.11,1.65,user,2026-01-14 14:29:17,2026-01-14 14:33:51,,,,,,,,,,0
buy,0.01,0.01,BTCUSD,95260.22,94987.69,94993.45,96901.04,-0.16,-2.72,sl,2026-01-14 14:03:36,2026-01-14 14:38:00,,,,,,,,,,0
buy,0.01,0.01,XAUUSD,4629.611,4635,4628.556,4637.318,-0.11,5.39,user,2026-01-14 14:36:45,2026-01-14 14:46:28,,,,,,,,,,0
buy,0.01,0.01,XAUUSD,4636.569,4638.659,4636.102,4641.197,-0.11,2.09,user,2026-01-14 15:11:05,2026-01-14 15:14:43,,,,,,,,,,0
buy,0.01,0.01,XAUUSD,4631.551,4629.229,4629.602,4639.586,-0.11,-2.32,sl,2026-01-14 16:06:55,2026-01-14 16:08:42,,,,,,,,,,0
buy,0.01,0.01,XAUUSD,4630.58,4637.003,4635.016,4638.889,-0.11,6.42,user,2026-01-14 16:12:42,2026-01-14 16:43:30,,,,,,,,,,0
buy,0.01,0.01,XAUUSD,4634.551,4634.905,4634.905,4638.979,-0.11,0.36,sl,2026-01-14 17:09:02,2026-01-14 17:18:24,,,,,,,,,,0
buy,0.01,0.01,XAUUSD,4636.822,4632.989,4627.426,4646.761,-0.11,-3.83,user,2026-01-14 19:02:00,2026-01-14 19:05:46,,,,,,,,,,0
buy,0.01,0.01,XAUUSD,4634.244,4632.091,4632.091,,-0.11,-2.15,sl,2026-01-14 19:24:43,2026-01-14 19:25:42,,,,,,,,,,0
buy,0.01,0.01,XAUUSD,4632.322,4629.396,4629.396,,-0.11,-2.92,sl,2026-01-14 19:31:04,2026-01-14 19:32:02,,,,,,,,,,0
buy,0.01,0.01,XAUUSD,4632.65,4631.773,4631.773,,-0.11,-0.88,sl,2026-01-14 19:40:49,2026-01-14 19:50:19,,,,,,,,,,0
buy,0.01,0.02,XAUUSD,4633.659,4635.234,4632.936,4635.862,,1.57,user,2026-01-14 19:53:16,2026-01-14 19:56:30,,,,,,,,,,0
buy,0.01,0.02,XAUUSD,4633.659,4635.862,4632.936,4635.862,-0.22,2.2,tp,2026-01-14 19:53:16,2026-01-14 19:59:45,,,,,,,,,,0
buy,0.01,0.01,XAUUSD,4637.82,4635.409,4635.409,,-0.11,-2.41,sl,2026-01-14 20:03:23,2026-01-14 20:05:32,,,,,,,,,,0
buy,0.01,0.01,XAGUSD,92.002,91.884,91.884,92.419,-1,-5.9,sl,2026-01-14 20:06:20,2026-01-14 20:07:49,,,,,,,,,,0
buy,0.01,0.01,XAGUSD,91.932,91.787,91.787,92.314,-1,-7.25,sl,2026-01-14 20:10:38,2026-01-14 20:11:04,,,,,,,,,,0
buy,0.01,0.01,XAGUSD,91.968,91.844,91.844,92.13,-1,-6.2,sl,2026-01-14 20:28:27,2026-01-14 20:30:01,,,,,,,,,,0
buy,0.02,0.02,XAGUSD,91.403,91.526,91.219,91.746,-2,12.3,user,2026-01-14 20:33:22,2026-01-14 20:33:29,,,,,,,,,,0
sell,0.01,0.02,XAGUSD,91.131,91.097,91.613,90.842,,1.7,user,2026-01-14 20:38:14,2026-01-14 20:38:26,,,,,,,,,,0
sell,0.01,0.02,XAGUSD,91.131,91.077,91.613,90.842,-2,2.7,user,2026-01-14 20:38:14,2026-01-14 20:39:17,,,,,,,,,,0
sell,0.01,0.02,XAGUSD,90.797,90.705,,,,4.6,user,2026-01-14 20:40:04,2026-01-14 20:42:50,,,,,,,,,,0
sell,0.01,0.02,XAGUSD,90.797,90.581,,,-2,10.8,user,2026-01-14 20:40:04,2026-01-14 20:43:34,,,,,,,,,,0
sell,0.01,0.01,XAUUSD,4617.837,4609.717,4620.825,4609.717,-0.11,8.12,tp,2026-01-14 20:45:02,2026-01-14 20:48:42,,,,,,,,,,0
sell,0.01,0.01,XAUUSD,4615.053,4618.187,4619.276,4608.135,-0.11,-3.14,user,2026-01-14 20:55:02,2026-01-14 20:58:17,,,,,,,,,,0
sell,0.01,0.01,XAUUSD,4613.972,4606.057,4616.993,4604.403,-0.11,7.91,user,2026-01-14 21:01:08,2026-01-14 21:02:15,,,,,,,,,,0
sell,0.01,0.01,XAUUSD,4604.235,4609.626,4609.626,4596.988,-0.11,-5.39,sl,2026-01-14 21:06:02,2026-01-14 21:06:39,,,,,,,,,,0
sell,0.01,0.01,XAUUSD,4608.938,4600.677,4609.209,4600.677,-0.11,8.26,tp,2026-01-14 21:07:21,2026-01-14 21:09:11,,,,,,,,,,0
sell,0.01,0.01,XAUUSD,4613.252,4615.288,4617.808,4601.337,-0.11,-2.04,user,2026-01-14 21:12:58,2026-01-14 21:13:23,,,,,,,,,,0
sell,0.01,0.01,XAUUSD,4614.805,4616.683,4616.683,4603.982,-0.11,-1.87,sl,2026-01-14 21:15:10,2026-01-14 21:15:53,,,,,,,,,,0
buy,0.01,0.01,XAUUSD,4637.846,4636.733,4636.733,,-0.11,-1.12,sl,2026-01-15 1:07:27,2026-01-15 1:07:56,,,,,,,,,,0
buy,0.01,0.01,XAUUSD,4636.198,4634.827,4634.827,4639.381,-0.11,-1.37,sl,2026-01-15 1:13:06,2026-01-15 1:15:53,,,,,,,,,,0
buy,0.01,0.01,BTCUSD,96928.21,97351.72,97085.94,97528.76,-0.16,4.24,user,2026-01-15 1:11:07,2026-01-15 1:26:15,,,,,,,,,,0
buy,0.01,0.01,XAUUSD,4609.342,4606.453,4606.453,4622.46,-0.11,-2.89,sl,2026-01-15 13:01:28,2026-01-15 13:07:53,,,,,,,,,,0
buy,0.01,0.01,XAUUSD,4607.439,4606.603,4606.603,,-0.11,-0.84,sl,2026-01-15 13:06:19,2026-01-15 13:07:53,,,,,,,,,,0
buy,0.01,0.01,XAUUSD,4606.018,4613.302,4608.39,4616.185,-0.11,7.28,user,2026-01-15 13:08:21,2026-01-15 13:19:09,,,,,,,,,,0
sell,0.01,0.01,XAUUSD,4583.833,4590.68,4590.68,,-0.11,-6.85,sl,2026-01-15 20:02:24,2026-01-15 20:03:28,,,,,,,,,,0
buy,0.01,0.02,XAUUSD,4598.428,4601.638,4595.865,4604.823,,3.21,user,2026-01-15 20:14:51,2026-01-15 20:22:42,,,,,,,,,,0
buy,0.01,0.02,XAUUSD,4598.428,4604.823,4595.865,4604.823,-0.22,6.39,tp,2026-01-15 20:14:51,2026-01-15 20:24:29,,,,,,,,,,0
buy,0.01,0.01,XAUUSD,4619.994,4617.135,4617.871,,-0.11,-2.85,sl,2026-01-16 5:05:32,2026-01-16 5:06:50,,,,,,,,,,0
buy,0.01,0.01,XAUUSD,4618.923,4614.812,4614.812,,-0.11,-4.11,sl,2026-01-16 5:02:21,2026-01-16 5:14:21,,,,,,,,,,0
sell,0.01,0.01,XAUUSD,4613.009,4610.955,4610.955,4605.449,-0.11,2.05,sl,2026-01-16 5:26:10,2026-01-16 5:37:29,,,,,,,,,,0
buy,0.01,0.01,XAUUSD,4609.976,4607.835,4607.835,4614.815,-0.11,-2.14,sl,2026-01-16 6:00:08,2026-01-16 6:02:21,,,,,,,,,,0
buy,0.01,0.01,XAUUSD,4608.365,4607.848,4607.848,4614.957,-0.11,-0.52,sl,2026-01-16 6:22:28,2026-01-16 6:24:25,,,,,,,,,,0
buy,0.01,0.01,XAUUSD,4600.702,4599.884,4599.884,,-0.11,-0.82,sl,2026-01-16 6:47:11,2026-01-16 6:50:03,,,,,,,,,,0
sell,0.01,0.01,XAUUSD,4600.209,4602.071,4602.071,4591.076,-0.11,-1.86,sl,2026-01-16 6:51:10,2026-01-16 6:56:10,,,,,,,,,,0
sell,0.01,0.01,XAUUSD,4597.877,4600.116,4600.116,,-0.11,-2.24,sl,2026-01-16 7:05:38,2026-01-16 7:08:01,,,,,,,,,,0
buy,0.01,0.01,XAUUSD,4602.611,4606.743,4601.716,4610.341,-0.11,4.13,user,2026-01-16 7:19:51,2026-01-16 7:26:07,,,,,,,,,,0
buy,0.01,0.01,XAUUSD,4605.751,4604.92,4604.92,4609.657,-0.11,-0.83,sl,2026-01-16 7:28:57,2026-01-16 7:31:55,,,,,,,,,,0
buy,0.01,0.01,XAUUSD,4605.77,4608.022,4604.966,,-0.11,2.25,user,2026-01-16 7:41:17,2026-01-16 7:41:45,,,,,,,,,,0
buy,0.01,0.01,XAUUSD,4606.309,4605.704,4605.704,,-0.11,-0.61,sl,2026-01-16 7:42:11,2026-01-16 7:42:15,,,,,,,,,,0
buy,0.01,0.01,XAUUSD,4606.132,4607.696,4605.454,,-0.11,1.57,user,2026-01-16 7:43:02,2026-01-16 7:43:08,,,,,,,,,,0
buy,0.01,0.01,XAUUSD,4606.439,4605.27,,,-0.11,-1.17,user,2026-01-16 7:44:42,2026-01-16 7:45:01,,,,,,,,,,0
buy,0.01,0.01,XAUUSD,4602.291,4601.914,4601.914,,-0.11,-0.38,sl,2026-01-16 7:52:37,2026-01-16 7:52:40,,,,,,,,,,0
buy,0.01,0.01,XAUUSD,4598.597,4597.952,4598.253,,-0.11,-0.65,sl,2026-01-16 10:30:13,2026-01-16 10:30:16,,,,,,,,,,0
buy,0.01,0.01,XAUUSD,4606.573,4605.055,4605.055,4617.665,-0.11,-1.51,sl,2026-01-16 13:22:44,2026-01-16 13:23:31,,,,,,,,,,0
buy,0.01,0.01,XAUUSD,4606.092,4605.203,4605.672,4618.082,-0.11,-0.89,sl,2026-01-16 13:24:35,2026-01-16 13:41:29,,,,,,,,,,0
buy,0.01,0.01,XAUUSD,4608.091,4606.809,4606.809,,-0.11,-1.28,sl,2026-01-16 13:50:37,2026-01-16 13:52:48,,,,,,,,,,0
buy,0.01,0.01,XAUUSD,4607.7,4606.946,4606.946,4613.166,-0.11,-0.75,sl,2026-01-16 13:53:04,2026-01-16 14:00:00,,,,,,,,,,0
buy,0.01,0.01,XAUUSD,4609.171,4607.933,4607.933,,-0.11,-1.24,sl,2026-01-16 14:02:03,2026-01-16 14:02:21,,,,,,,,,,0
buy,0.01,0.01,XAUUSD,4608.531,4607.956,4607.956,,-0.11,-0.57,sl,2026-01-16 14:04:08,2026-01-16 14:05:15,,,,,,,,,,0
buy,0.01,0.01,XAUUSD,4608.083,4606.706,4606.941,4610.904,-0.11,-1.37,sl,2026-01-16 14:05:42,2026-01-16 14:08:31,,,,,,,,,,0
buy,0.01,0.01,XAUUSD,4605.661,4606.743,4605.949,4608.78,-0.11,1.08,user,2026-01-16 14:09:59,2026-01-16 14:12:20,,,,,,,,,,0
buy,0.01,0.01,XAUUSD,4607.487,4606.377,4606.625,,-0.11,-1.11,sl,2026-01-16 14:12:44,2026-01-16 14:13:14,,,,,,,,,,0
buy,0.01,0.01,XAUUSD,4606.63,4605.943,4605.943,4608.797,-0.11,-0.69,sl,2026-01-16 14:13:51,2026-01-16 14:14:06,,,,,,,,,,0
sell,0.01,0.01,XAUUSD,4605.036,4606.546,4606.546,4602.316,-0.11,-1.51,sl,2026-01-16 14:15:25,2026-01-16 14:16:16,,,,,,,,,,0
buy,0.01,0.01,XAUUSD,4607.098,4606.728,4606.728,,-0.11,-0.37,sl,2026-01-16 14:20:07,2026-01-16 14:21:47,,,,,,,,,,0
buy,0.01,0.01,XAUUSD,4607.902,4608.564,4607.135,,-0.11,0.66,user,2026-01-16 14:23:51,2026-01-16 14:24:24,,,,,,,,,,0
buy,0.01,0.01,XAUUSD,4609.007,4609.324,4607.948,,-0.11,0.31,user,2026-01-16 14:27:11,2026-01-16 14:27:54,,,,,,,,,,0
buy,0.01,0.01,XAUUSD,4608.844,4609.397,4607.98,,-0.11,0.56,user,2026-01-16 14:28:02,2026-01-16 14:28:59,,,,,,,,,,0
buy,0.01,0.01,XAUUSD,4608.396,4607.992,4607.992,,-0.11,-0.41,sl,2026-01-16 14:32:07,2026-01-16 14:32:50,,,,,,,,,,0
buy,0.01,0.01,XAUUSD,4607.592,4606.727,4607.245,,-0.11,-0.86,sl,2026-01-16 14:33:56,2026-01-16 14:34:22,,,,,,,,,,0
buy,0.01,0.01,XAUUSD,4605.423,4604.934,4604.934,,-0.11,-0.49,sl,2026-01-16 14:36:46,2026-01-16 14:36:59,,,,,,,,,,0
buy,0.01,0.01,XAUUSD,4606.181,4604.735,4604.735,4608.639,-0.11,-1.44,sl,2026-01-16 14:35:04,2026-01-16 14:37:00,,,,,,,,,,0
buy,0.02,0.02,XAUUSD,4604.529,4603.967,4603.967,,-0.22,-1.13,sl,2026-01-16 14:37:34,2026-01-16 14:37:41,,,,,,,,,,0
buy,0.01,0.02,XAUUSD,4604.357,4605.054,4603.887,4609.127,,0.69,user,2026-01-16 14:38:21,2026-01-16 14:39:21,,,,,,,,,,0
buy,0.01,0.02,XAUUSD,4604.357,4603.887,4603.887,4609.127,-0.22,-0.47,sl,2026-01-16 14:38:21,2026-01-16 14:40:35,,,,,,,,,,0
buy,0.02,0.02,XAUUSD,4605.051,4603.866,4603.866,4608.628,-0.22,-2.37,sl,2026-01-16 14:42:57,2026-01-16 14:43:36,,,,,,,,,,0
buy,0.02,0.02,XAUUSD,4602.399,4602.456,4601.902,4603.513,-0.22,0.11,user,2026-01-16 14:45:23,2026-01-16 14:45:50,,,,,,,,,,0
buy,0.02,0.02,XAUUSD,4602.353,4601.874,4601.874,4603.19,-0.22,-0.96,sl,2026-01-16 14:47:03,2026-01-16 14:47:30,,,,,,,,,,0
sell,0.03,0.03,XAUUSD,4602.545,4603.256,4603.256,4598.89,-0.33,-2.13,sl,2026-01-16 14:48:20,2026-01-16 14:48:56,,,,,,,,,,0
buy,0.01,0.01,XAUUSD,4606.912,4605.089,4605.089,4610.553,-0.11,-1.82,sl,2026-01-16 14:55:35,2026-01-16 14:55:55,,,,,,,,,,0
buy,0.02,0.02,XAUUSD,4605.529,4604.549,,,-0.22,-1.96,user,2026-01-16 14:56:08,2026-01-16 14:56:28,,,,,,,,,,0
sell,0.01,0.03,XAUUSD,4604.455,4603.24,4604.89,4599.114,,1.22,user,2026-01-16 14:57:22,2026-01-16 14:59:20,,,,,,,,,,0
sell,0.01,0.03,XAUUSD,4604.455,4602.868,4604.89,4599.114,,1.59,user,2026-01-16 14:57:22,2026-01-16 14:59:41,,,,,,,,,,0
sell,0.01,0.03,XAUUSD,4604.455,4603.265,4604.89,4599.114,-0.33,1.19,user,2026-01-16 14:57:22,2026-01-16 15:00:00,,,,,,,,,,0
buy,0.01,0.01,XAUUSD,4603.242,4604.405,4603.255,4605.344,-0.11,1.17,user,2026-01-16 15:03:11,2026-01-16 15:03:53,,,,,,,,,,0
buy,0.01,0.01,XAUUSD,4604.161,4605.298,4603.026,4606.693,-0.11,1.14,user,2026-01-16 15:04:26,2026-01-16 15:05:25,,,,,,,,,,0
sell,0.01,0.01,XAUUSD,4606.17,4603.301,4606.46,4603.165,-0.11,2.87,user,2026-01-16 15:09:47,2026-01-16 15:15:59,,,,,,,,,,0
buy,0.01,0.01,XAUUSD,4603.694,4602.029,4602.3,4607.516,-0.11,-1.66,sl,2026-01-16 15:18:34,2026-01-16 15:24:01,,,,,,,,,,0
sell,0.01,0.01,XAUUSD,4599.671,4600.627,4601.047,4596.56,-0.11,-0.96,user,2026-01-16 15:33:23,2026-01-16 15:38:40,,,,,,,,,,0
buy,0.01,0.01,XAUUSD,4607.173,4609.959,4604.722,4611.605,-0.11,2.79,user,2026-01-16 17:15:17,2026-01-16 17:25:30,,,,,,,,,,0
buy,0.01,0.01,XAUUSD,4613.375,4612.701,4611.784,4618.779,-0.11,-0.68,user,2026-01-16 17:36:07,2026-01-16 17:37:11,,,,,,,,,,0
buy,0.04,0.04,BTCUSD,95361.16,95286.63,95286.63,95559.69,-0.64,-2.98,sl,2026-01-16 17:38:20,2026-01-16 17:44:43,,,,,,,,,,0
buy,0.01,0.01,XAUUSD,4613.79,4611.799,4611.799,4621.824,-0.11,-1.99,sl,2026-01-16 17:49:16,2026-01-16 18:00:21,,,,,,,,,,0
buy,0.02,0.02,XAUUSD,4611.12,4609.656,4609.656,4616.241,-0.22,-2.93,sl,2026-01-16 18:05:50,2026-01-16 18:06:02,,,,,,,,,,0
buy,0.01,0.01,XAUUSD,4611.021,4606.304,4606.304,,-0.11,-4.72,sl,2026-01-16 18:06:50,2026-01-16 18:24:09,,,,,,,,,,0
buy,0.01,0.01,XAUUSD,4605.89,4607.334,4604.848,4615.906,-0.11,1.44,user,2026-01-16 18:25:52,2026-01-16 18:26:48,,,,,,,,,,0
buy,0.01,0.01,XAUUSD,4606.709,4604.297,4604.78,4616.878,-0.11,-2.41,sl,2026-01-16 18:29:16,2026-01-16 18:30:38,,,,,,,,,,0
buy,0.04,0.04,BTCUSD,95392.98,95378.12,95378.12,103255.67,-0.64,-0.6,sl,2026-01-16 17:47:42,2026-01-16 18:49:45,,,,,,,,,,0
buy,0.01,0.01,XAUUSD,4604.492,4598.208,,4614.443,-0.11,-6.28,user,2026-01-16 18:50:49,2026-01-16 18:53:07,,,,,,,,,,0
buy,0.01,0.01,XAUUSD,4602.677,4598.407,4598.407,4612.737,-0.11,-4.27,sl,2026-01-16 18:56:44,2026-01-16 19:04:58,,,,,,,,,,0
buy,0.01,0.02,XAUUSD,4599.785,4602.773,4597.879,4609.057,,2.98,user,2026-01-16 19:06:16,2026-01-16 19:07:27,,,,,,,,,,0
buy,0.01,0.01,XAUUSD,4601.497,4599.467,4599.88,4611.209,-0.11,-2.03,sl,2026-01-16 19:08:13,2026-01-16 19:08:49,,,,,,,,,,0
buy,0.01,0.02,XAUUSD,4599.785,4597.879,4597.879,4609.057,-0.22,-1.91,sl,2026-01-16 19:06:16,2026-01-16 19:09:54,,,,,,,,,,0
sell,0.01,0.01,XAUUSD,4597.512,4596.186,4599.059,4590.596,-0.11,1.32,user,2026-01-16 19:14:40,2026-01-16 19:15:47,,,,,,,,,,0
sell,0.01,0.01,XAUUSD,4596.477,4590.034,4599.179,4590.619,-0.11,6.45,tp,2026-01-16 19:13:11,2026-01-16 19:16:46,,,,,,,,,,0
sell,0.01,0.01,XAUUSD,4591.193,4594.587,4594.209,4578.658,-0.11,-3.4,sl,2026-01-16 19:24:49,2026-01-16 19:33:11,,,,,,,,,,0
buy,0.01,0.01,XAUUSD,4595.805,4595.061,4591.482,4606.419,-0.11,-0.75,user,2026-01-16 19:34:05,2026-01-16 19:35:00,,,,,,,,,,0
sell,0.02,0.02,XAUUSD,4594.781,4598.02,4598.02,4580.433,-0.22,-6.48,sl,2026-01-16 19:35:14,2026-01-16 19:35:41,,,,,,,,,,0
buy,0.01,0.01,XAUUSD,4597.72,4593.692,4593.692,4607.447,-0.11,-4.03,sl,2026-01-16 19:36:44,2026-01-16 19:39:01,,,,,,,,,,0
buy,0.01,0.01,BTCUSD,95406.66,95324.77,95324.77,95863.99,-0.16,-0.82,sl,2026-01-16 19:10:15,2026-01-16 19:39:37,,,,,,,,,,0
sell,0.01,0.02,XAUUSD,4592.623,4596.062,4596.418,4578.776,,-3.44,user,2026-01-16 19:40:33,2026-01-16 19:41:18,,,,,,,,,,0
sell,0.01,0.02,XAUUSD,4592.623,4596.418,4596.418,4578.776,-0.22,-3.8,sl,2026-01-16 19:40:33,2026-01-16 19:41:18,,,,,,,,,,0
buy,0.01,0.01,XAUUSD,4599.911,4601.417,4594.267,4625.207,-0.11,1.51,user,2026-01-16 19:48:16,2026-01-16 19:50:04,,,,,,,,,,0
buy,0.01,0.01,XAUUSD,4598.694,4600.887,4594.904,4610.055,-0.11,2.2,user,2026-01-16 19:44:17,2026-01-16 19:57:27,,,,,,,,,,0
buy,0.01,0.01,XAUUSD,4599.355,4602.175,4597.769,4624.32,-0.11,2.82,user,2026-01-16 20:03:31,2026-01-16 20:04:46,,,,,,,,,,0
buy,0.01,0.01,XAUUSD,4604.519,4603.496,4603.496,4610.631,-0.11,-1.02,sl,2026-01-16 20:08:19,2026-01-16 20:10:01,,,,,,,,,,0
buy,0.01,0.01,XAUUSD,4595.449,4607.398,4602.328,4617.068,-0.11,11.95,user,2026-01-16 19:42:19,2026-01-16 20:14:35,,,,,,,,,,0
buy,0.01,0.01,XAUUSD,4605.191,4602.243,4602.243,4613.667,-0.11,-2.95,sl,2026-01-16 20:21:07,2026-01-16 20:24:50,,,,,,,,,,0
buy,0.01,0.01,XAUUSD,4603.619,4602.243,4602.243,4607.42,-0.11,-1.38,sl,2026-01-16 20:23:41,2026-01-16 20:24:51,,,,,,,,,,0
buy,0.01,0.01,XAUUSD,4602.688,4602.01,4602.01,4606.725,-0.11,-0.68,sl,2026-01-16 20:24:37,2026-01-16 20:24:59,,,,,,,,,,0
buy,0.01,0.01,XAUUSD,4605.444,4604.23,4604.23,4609.41,-0.11,-1.21,sl,2026-01-16 20:26:58,2026-01-16 20:27:05,,,,,,,,,,0
sell,0.01,0.01,XAUUSD,4597.542,4601.243,4601.243,4593.441,-0.11,-3.7,sl,2026-01-16 20:31:32,2026-01-16 20:32:00,,,,,,,,,,0
buy,0.01,0.05,XAUUSD,4607.929,4610.121,4604.707,,,2.19,user,2026-01-16 20:35:14,2026-01-16 20:36:40,,,,,,,,,,0
buy,0.01,0.05,XAUUSD,4607.929,4610.433,4604.707,,,2.5,user,2026-01-16 20:35:14,2026-01-16 20:36:48,,,,,,,,,,0
buy,0.01,0.05,XAUUSD,4607.929,4610.004,4604.707,,,2.07,user,2026-01-16 20:35:14,2026-01-16 20:37:13,,,,,,,,,,0
buy,0.01,0.05,XAUUSD,4607.929,4607,4604.707,,,-0.93,user,2026-01-16 20:35:14,2026-01-16 20:38:55,,,,,,,,,,0
buy,0.01,0.05,XAUUSD,4607.929,4604.707,4604.707,,-0.55,-3.22,sl,2026-01-16 20:35:14,2026-01-16 20:39:57,,,,,,,,,,0
buy,0.01,0.05,XAUUSD,4608.122,4609.833,4607.148,,,1.71,user,2026-01-16 20:40:53,2026-01-16 20:45:27,,,,,,,,,,0
buy,0.01,0.05,XAUUSD,4608.122,4608.222,4607.148,,,0.1,user,2026-01-16 20:40:53,2026-01-16 20:46:07,,,,,,,,,,0
buy,0.01,0.05,XAUUSD,4608.122,4608.808,4607.148,,,0.69,user,2026-01-16 20:40:53,2026-01-16 20:46:17,,,,,,,,,,0
buy,0.03,0.03,XAUUSD,4612.563,4612.951,,,-0.33,1.16,user,2026-01-16 20:48:23,2026-01-16 20:48:39,,,,,,,,,,0
buy,0.01,0.05,XAUUSD,4608.122,4614.152,4607.148,,,6.03,user,2026-01-16 20:40:53,2026-01-16 20:50:05,,,,,,,,,,0
buy,0.01,0.01,XAUUSD,4611.843,4612.845,4609.318,,-0.11,1.01,user,2026-01-16 20:51:00,2026-01-16 20:51:26,,,,,,,,,,0
buy,0.01,0.05,XAUUSD,4608.122,4609.041,4607.148,,-0.55,0.92,user,2026-01-16 20:40:53,2026-01-16 20:59:30,,,,,,,,,,0
buy,0.05,0.05,XAUUSD,4610.601,4611.647,4608.964,4616.978,-0.55,5.23,user,2026-01-16 21:01:09,2026-01-16 21:01:19,,,,,,,,,,0
buy,0.01,0.01,USOIL,59.795,59.369,59.369,62.257,-0.13,-4.26,sl,2026-01-16 17:31:36,2026-01-16 21:01:55,,,,,,,,,,0
buy,0.05,0.05,XAUUSD,4610.581,4611.935,4608.785,4617.903,-0.55,6.77,user,2026-01-16 21:02:27,2026-01-16 21:02:35,,,,,,,,,,0
buy,0.05,0.05,XAUUSD,4617.002,4616.633,4614.729,4626.371,-0.55,-1.84,user,2026-01-16 21:09:10,2026-01-16 21:09:37,,,,,,,,,,0
buy,0.05,0.05,XAUUSD,4616.906,4616.333,4614.819,4620.659,-0.55,-2.86,user,2026-01-16 21:09:58,2026-01-16 21:10:57,,,,,,,,,,0
buy,0.05,0.05,XAUUSD,4616.958,4617.237,4614.799,4626.178,-0.55,1.4,user,2026-01-16 21:11:34,2026-01-16 21:11:38,,,,,,,,,,0
buy,0.05,0.05,XAUUSD,4617.117,4617.223,4614.799,4626.782,-0.55,0.53,user,2026-01-16 21:12:17,2026-01-16 21:12:52,,,,,,,,,,0
buy,0.05,0.05,XAUUSD,4618.05,4616.901,4614.817,4626.801,-0.55,-5.74,user,2026-01-16 21:13:11,2026-01-16 21:13:20,,,,,,,,,,0
buy,0.05,0.05,XAUUSD,4616.483,4614.799,4614.799,4618.287,-0.55,-8.42,sl,2026-01-16 21:14:03,2026-01-16 21:16:07,,,,,,,,,,0
buy,0.05,0.1,XAUUSD,4617.02,4616.3,4614.687,4623.589,,-3.6,user,2026-01-16 21:17:17,2026-01-16 21:17:43,,,,,,,,,,0
buy,0.05,0.1,XAUUSD,4617.02,4614.418,4614.687,4623.589,-1.1,-13.01,sl,2026-01-16 21:17:17,2026-01-16 21:18:35,,,,,,,,,,0
buy,0.01,0.01,XAUUSD,4613.106,4612.2,4612.2,4625.958,-0.11,-0.91,sl,2026-01-16 21:03:14,2026-01-16 21:18:36,,,,,,,,,,0
sell,0.1,0.1,XAUUSD,4614.04,4607.799,4617.899,4607.799,-1.1,62.41,tp,2026-01-16 21:19:12,2026-01-16 21:19:53,,,,,,,,,,0
sell,0.01,0.01,XAUUSD,4598.371,4592.613,4602.767,4592.613,-0.11,5.76,tp,2026-01-16 21:23:43,2026-01-16 21:24:03,,,,,,,,,,0
sell,0.01,0.01,XAUUSD,4545.287,4540.856,4557.145,4529.632,-0.11,4.43,user,2026-01-16 21:34:52,2026-01-16 21:35:03,,,,,,,,,,0
sell,0.01,0.01,XAUUSD,4551.387,4549.18,4555.982,4533.223,-0.11,2.21,user,2026-01-16 21:39:25,2026-01-16 21:39:47,,,,,,,,,,0
buy,0.01,0.01,XAUUSD,4555.347,4560.585,4552.451,4572.906,-0.11,5.24,user,2026-01-16 21:44:48,2026-01-16 21:45:13,,,,,,,,,,0
buy,0.01,0.01,XAUUSD,4564.28,4567.028,4560.186,4580.636,-0.11,2.75,user,2026-01-16 21:46:37,2026-01-16 21:47:54,,,,,,,,,,0
buy,0.01,0.01,XAUUSD,4568.166,4566.515,4566.809,4585.081,-0.11,-1.65,sl,2026-01-16 21:49:10,2026-01-16 21:49:26,,,,,,,,,,0
buy,0.01,0.01,XAUUSD,4572.291,4573.155,4569.858,4588.285,-0.11,0.87,user,2026-01-16 21:55:34,2026-01-16 21:55:58,,,,,,,,,,0
buy,0.01,0.01,XAUUSD,4572.483,4569.998,4569.998,4580.632,-0.11,-2.48,sl,2026-01-16 21:56:15,2026-01-16 21:57:03,,,,,,,,,,0
buy,0.01,0.01,XAUUSD,4573.843,4570.749,4570.749,4589.169,-0.11,-3.09,sl,2026-01-16 22:02:10,2026-01-16 22:02:36,,,,,,,,,,0
sell,0.01,0.01,XAUUSD,4577.822,4580.43,4580.071,4562.613,-0.11,-2.61,sl,2026-01-16 22:04:56,2026-01-16 22:05:04,,,,,,,,,,0
buy,0.01,0.01,XAUUSD,4580.545,4585.183,,4596.176,-0.11,4.63,user,2026-01-16 22:06:46,2026-01-16 22:06:53,,,,,,,,,,0
buy,0.01,0.01,XAUUSD,4587.699,4585.856,4585.856,4607.582,-0.11,-1.84,sl,2026-01-16 22:08:43,2026-01-16 22:16:46,,,,,,,,,,0
buy,0.01,0.01,XAUUSD,4587.278,4590.063,4578.627,4601.187,-0.11,2.78,user,2026-01-16 22:20:51,2026-01-16 22:21:04,,,,,,,,,,0
buy,0.01,0.01,XAUUSD,4591.327,4593.188,4584.343,4607.888,-0.11,1.86,user,2026-01-16 22:20:26,2026-01-16 22:23:04,,,,,,,,,,0
buy,0.01,0.01,XAUUSD,4592.312,4589.995,4590.585,4607.119,-0.11,-2.31,sl,2026-01-16 22:25:38,2026-01-16 22:26:40,,,,,,,,,,0
buy,0.02,0.02,XAUUSD,4593.168,4592.656,,4606.051,-0.22,-1.03,user,2026-01-16 22:27:11,2026-01-16 22:27:18,,,,,,,,,,0
buy,0.02,0.02,XAUUSD,4592.299,4593.3,,4606.67,-0.22,2,user,2026-01-16 22:27:28,2026-01-16 22:27:51,,,,,,,,,,0
buy,0.02,0.02,XAUUSD,4594.495,4595.072,,4610.913,-0.22,1.15,user,2026-01-16 22:28:01,2026-01-16 22:28:07,,,,,,,,,,0
buy,0.01,0.01,XAUUSD,4593.721,4591.575,4591.575,4610.233,-0.11,-2.14,sl,2026-01-16 22:29:03,2026-01-16 22:29:27,,,,,,,,,,0
buy,0.01,0.01,XAUUSD,4594.623,4591.575,4591.575,4610.988,-0.11,-3.04,sl,2026-01-16 22:28:42,2026-01-16 22:29:27,,,,,,,,,,0
buy,0.02,0.02,XAUUSD,4591.974,4594.136,4589.785,4608.925,-0.22,4.32,user,2026-01-16 22:31:49,2026-01-16 22:32:02,,,,,,,,,,0
buy,0.01,0.01,XAUUSD,4590.611,4589.59,4588.884,4608.624,-0.11,-1.02,user,2026-01-16 22:32:50,2026-01-16 22:33:34,,,,,,,,,,0
buy,0.01,0.01,XAUUSD,4590.693,4593.721,4588.103,4594.32,-0.11,3.03,user,2026-01-16 22:35:02,2026-01-16 22:35:43,,,,,,,,,,0
buy,0.01,0.01,XAUUSD,4593.072,4590.004,4590.004,,-0.11,-3.07,sl,2026-01-16 22:48:09,2026-01-16 22:48:45,,,,,,,,,,0
buy,0.01,0.01,XAUUSD,4596.438,4589.496,4589.496,,-0.11,-6.94,sl,2026-01-16 22:41:03,2026-01-16 22:48:54,,,,,,,,,,0
sell,0.01,0.01,XAUUSD,4587.209,4588.669,4589.595,,-0.11,-1.46,user,2026-01-16 22:55:53,2026-01-16 22:58:07,,,,,,,,,,0
sell,0.01,0.01,XAUUSD,4588.396,4589.645,4589.645,4576.488,-0.11,-1.25,sl,2026-01-16 22:52:06,2026-01-16 22:58:17,,,,,,,,,,0
sell,0.01,0.01,XAUUSD,4578.589,4578.066,,,-0.11,0.52,user,2026-01-16 23:30:05,2026-01-16 23:30:19,,,,,,,,,,0
sell,0.01,0.01,XAUUSD,4581.418,4584.399,4584.399,4572.245,-0.11,-2.98,sl,2026-01-16 23:30:47,2026-01-16 23:32:26,,,,,,,,,,0
sell,0.01,0.01,XAUUSD,4583.827,4586.502,4586.502,4573.551,-0.11,-2.67,sl,2026-01-16 23:33:01,2026-01-16 23:38:33,,,,,,,,,,0
sell,0.01,0.01,XAUUSD,4583.138,4580.909,4585.267,4578.833,-0.11,2.23,user,2026-01-16 23:41:36,2026-01-16 23:45:06,,,,,,,,,,0
sell,0.01,0.01,XAUUSD,4583.001,4585.186,4585.186,4577.546,-0.11,-2.19,sl,2026-01-16 23:51:17,2026-01-17 0:03:36,,,,,,,,,,0
buy,0.01,0.01,XAUUSD,4589.636,4590.435,4588.382,4591.704,-0.11,0.8,user,2026-01-17 1:45:07,2026-01-17 1:45:48,,,,,,,,,,0
buy,0.01,0.01,XAUUSD,4589.827,4590.311,4588.371,4591.684,-0.11,0.48,user,2026-01-17 1:46:18,2026-01-17 1:48:25,,,,,,,,,,0
buy,0.01,0.01,XAUUSD,4591.302,4591.861,,,-0.11,0.56,user,2026-01-17 1:56:09,2026-01-17 1:56:17,,,,,,,,,,0
buy,0.01,0.01,XAUUSD,4591.55,4590.51,4590.51,,-0.11,-1.04,sl,2026-01-17 1:57:03,2026-01-17 1:59:15,,,,,,,,,,0
sell,0.01,0.01,XAUUSD,4594.554,4592.624,4596.036,4592.624,-0.11,1.93,tp,2026-01-17 2:08:49,2026-01-17 2:12:35,,,,,,,,,,0
sell,0.01,0.01,XAUUSD,4588.964,4585.918,4591.082,4584.116,-0.11,3.04,user,2026-01-17 2:20:39,2026-01-17 2:30:19,,,,,,,,,,0
sell,0.01,0.01,XAUUSD,4585.364,4585.181,,,-0.11,0.18,user,2026-01-17 2:36:31,2026-01-17 2:36:54,,,,,,,,,,0
buy,0.01,0.01,XAUUSD,4585.945,4586.415,4585.016,4586.814,-0.11,0.47,user,2026-01-17 2:40:18,2026-01-17 2:41:23,,,,,,,,,,0
sell,0.01,0.01,XAUUSD,4584.899,4584.738,4587.246,4582.594,-0.11,0.16,user,2026-01-17 2:45:41,2026-01-17 2:46:34,,,,,,,,,,0
buy,0.01,0.01,XAUUSD,4586.89,4587.543,4585.878,,-0.11,0.65,user,2026-01-17 2:52:31,2026-01-17 2:53:24,,,,,,,,,,0
buy,0.01,0.01,XAUUSD,4588.466,4586.46,4586.46,,-0.11,-2.01,sl,2026-01-17 2:55:28,2026-01-17 2:56:10,,,,,,,,,,0
buy,0.01,0.01,XAUUSD,4582.808,4584.719,4581.952,4592.911,-0.11,1.91,user,2026-01-17 3:04:09,2026-01-17 3:13:02,,,,,,,,,,0
buy,0.01,0.01,BTCUSD,95467.98,95369.99,95369.99,,-0.16,-0.98,sl,2026-01-17 5:36:09,2026-01-17 7:40:25,,,,,,,,,,0
buy,0.01,0.01,XAUUSD,4662.346,4661.146,4661.146,,-0.11,-1.2,sl,2026-01-19 5:16:03,2026-01-19 5:18:14,,,,,,,,,,0
buy,0.01,0.01,XAUUSD,4662.7,4666.439,4654.781,,-0.11,3.74,user,2026-01-19 5:20:04,2026-01-19 5:20:55,,,,,,,,,,0
buy,0.01,0.01,XAGUSD,93.228,93.492,93.198,93.76,-1,13.2,user,2026-01-19 5:27:03,2026-01-19 5:30:51,,,,,,,,,,0
buy,0.01,0.01,XAGUSD,93.623,93.506,93.506,94.333,-1,-5.85,sl,2026-01-19 5:34:10,2026-01-19 5:34:12,,,,,,,,,,0
sell,0.01,0.01,XAGUSD,93.488,93.414,93.729,92.794,-1,3.7,user,2026-01-19 5:36:43,2026-01-19 5:37:51,,,,,,,,,,0
buy,0.01,0.01,XAUUSD,4666.738,4665.213,4664.772,,-0.11,-1.53,user,2026-01-19 6:13:56,2026-01-19 6:14:36,,,,,,,,,,0
buy,0.01,0.01,XAUUSD,4668.828,4677.557,4659.609,4693.322,-0.11,8.73,user,2026-01-19 5:41:19,2026-01-19 6:23:28,,,,,,,,,,0
buy,0.01,0.01,XAUUSD,4676.999,4674.305,4673.841,,-0.11,-2.69,user,2026-01-19 6:25:53,2026-01-19 6:30:03,,,,,,,,,,0
buy,0.01,0.01,XAUUSD,4677.617,4677.601,4675.866,4688.956,-0.11,-0.02,user,2026-01-19 6:34:28,2026-01-19 6:35:03,,,,,,,,,,0
buy,0.01,0.01,XAUUSD,4679.309,4679.101,4677.231,4689.889,-0.11,-0.21,user,2026-01-19 6:39:36,2026-01-19 6:39:40,,,,,,,,,,0
buy,0.01,0.01,XAUUSD,4677.72,4678.59,4677.373,4689.691,-0.11,0.87,user,2026-01-19 6:40:27,2026-01-19 6:40:43,,,,,,,,,,0
buy,0.01,0.01,XAUUSD,4659.248,4656.935,4656.935,4673.472,-0.11,-2.31,sl,2026-01-19 7:26:03,2026-01-19 7:39:06,,,,,,,,,,0
buy,0.01,0.01,XAUUSD,4660.857,4656.591,,,-0.11,-4.27,user,2026-01-19 7:38:04,2026-01-19 7:39:10,,,,,,,,,,0
buy,0.01,0.03,XAUUSD,4658.03,4657.076,4657.348,4672.817,,-0.95,user,2026-01-19 7:39:35,2026-01-19 7:39:48,,,,,,,,,,0
buy,0.01,0.03,XAUUSD,4658.03,4660.64,4657.348,4672.817,,2.61,user,2026-01-19 7:39:35,2026-01-19 7:40:18,,,,,,,,,,0
buy,0.01,0.03,XAUUSD,4658.03,4657.348,4657.348,4672.817,-0.33,-0.68,sl,2026-01-19 7:39:35,2026-01-19 7:42:01,,,,,,,,,,0
buy,0.01,0.03,XAUUSD,4662.446,4664.229,4661.914,4671.024,,1.78,user,2026-01-19 7:47:23,2026-01-19 7:50:08,,,,,,,,,,0
buy,0.01,0.03,XAUUSD,4662.446,4662.483,4661.914,4671.024,,0.03,user,2026-01-19 7:47:23,2026-01-19 7:54:38,,,,,,,,,,0
buy,0.01,0.03,XAUUSD,4662.446,4661.914,4661.914,4671.024,-0.33,-0.54,sl,2026-01-19 7:47:23,2026-01-19 7:55:43,,,,,,,,,,0
buy,0.01,0.01,XAUUSD,4656.008,4653.942,,,-0.11,-2.07,user,2026-01-19 8:01:05,2026-01-19 8:02:01,,,,,,,,,,0
buy,0.03,0.03,XAUUSD,4655.354,4653.747,4653.747,4659.611,-0.33,-4.82,sl,2026-01-19 8:03:25,2026-01-19 8:03:49,,,,,,,,,,0
buy,0.05,0.05,XAUUSD,4654.304,4655.022,,,-0.55,3.59,user,2026-01-19 8:03:57,2026-01-19 8:04:02,,,,,,,,,,0
buy,0.05,0.05,XAUUSD,4654.916,4655.501,,,-0.55,2.93,user,2026-01-19 8:04:17,2026-01-19 8:05:02,,,,,,,,,,0
sell,0.03,0.05,XAUUSD,4662.434,4663.028,4664.13,4658.334,,-1.78,user,2026-01-19 8:10:01,2026-01-19 8:10:26,,,,,,,,,,0
sell,0.02,0.05,XAUUSD,4662.434,4664.13,4664.13,4658.334,-0.55,-3.39,sl,2026-01-19 8:10:01,2026-01-19 8:11:02,,,,,,,,,,0
buy,0.02,0.05,XAUUSD,4664.968,4662.402,,,,-5.14,user,2026-01-19 8:11:05,2026-01-19 8:11:44,,,,,,,,,,0
buy,0.03,0.05,XAUUSD,4664.968,4662.513,,,-0.55,-7.36,user,2026-01-19 8:11:05,2026-01-19 8:11:51,,,,,,,,,,0
sell,0.1,0.1,XAUUSD,4662.156,4660.866,4663.596,,-1.1,12.9,user,2026-01-19 8:13:18,2026-01-19 8:13:28,,,,,,,,,,0
sell,0.05,0.1,XAUUSD,4659.957,4660.221,4662.604,4655.1,,-1.32,user,2026-01-19 8:12:52,2026-01-19 8:14:03,,,,,,,,,,0
sell,0.02,0.1,XAUUSD,4659.957,4660.869,4662.604,4655.1,,-1.83,user,2026-01-19 8:12:52,2026-01-19 8:14:38,,,,,,,,,,0
sell,0.01,0.1,XAUUSD,4659.957,4661.262,4662.604,4655.1,,-1.3,user,2026-01-19 8:12:52,2026-01-19 8:16:34,,,,,,,,,,0
sell,0.01,0.1,XAUUSD,4659.957,4661.682,4662.604,4655.1,,-1.72,user,2026-01-19 8:12:52,2026-01-19 8:18:24,,,,,,,,,,0
sell,0.05,0.1,XAUUSD,4659.502,4658.185,4660.807,4656.74,,6.58,user,2026-01-19 8:22:47,2026-01-19 8:23:45,,,,,,,,,,0
sell,0.05,0.1,XAUUSD,4659.502,4657.589,4660.807,4656.74,-1.1,9.56,user,2026-01-19 8:22:47,2026-01-19 8:23:55,,,,,,,,,,0
sell,0.01,0.1,XAUUSD,4659.957,4660.477,4662.604,4655.1,-1.1,-0.52,user,2026-01-19 8:12:52,2026-01-19 8:30:04,,,,,,,,,,0
buy,0.01,0.01,XAUUSD,4660.85,4662.993,,,-0.11,2.14,user,2026-01-19 8:30:10,2026-01-19 8:30:30,,,,,,,,,,0
buy,0.01,0.01,XAUUSD,4660.698,4662.649,,,-0.11,1.95,user,2026-01-19 8:31:03,2026-01-19 8:31:39,,,,,,,,,,0
buy,0.01,0.01,XAUUSD,4661.416,4659.701,4659.94,,-0.11,-1.72,sl,2026-01-19 8:33:28,2026-01-19 8:33:56,,,,,,,,,,0
buy,0.01,0.01,XAUUSD,4660.266,4659.416,,,-0.11,-0.85,user,2026-01-19 8:35:05,2026-01-19 8:35:16,,,,,,,,,,0
buy,0.01,0.01,XAUUSD,4658.047,4660.517,4657.348,4663.441,-0.11,2.47,user,2026-01-19 8:42:06,2026-01-19 8:52:34,,,,,,,,,,0
buy,0.01,0.01,XAUUSD,4670.777,4668.893,4668.893,4675.836,-0.11,-1.89,sl,2026-01-19 11:35:29,2026-01-19 11:39:30,,,,,,,,,,0
buy,0.01,0.01,XAUUSD,4664.643,4668.495,4662.947,,-0.11,3.86,user,2026-01-19 11:43:55,2026-01-19 11:46:59,,,,,,,,,,0
buy,0.01,0.01,XAUUSD,4668.059,4671.008,4664.171,4678.206,-0.11,2.95,user,2026-01-19 11:41:26,2026-01-19 11:56:58,,,,,,,,,,0
buy,0.01,0.01,XAUUSD,4669.865,4667.358,4667.358,4678.967,-0.11,-2.51,sl,2026-01-19 12:00:32,2026-01-19 12:06:46,,,,,,,,,,0
buy,0.01,0.01,USOIL,59.055,59.047,59.047,60.122,-0.13,-0.08,sl,2026-01-19 5:08:45,2026-01-19 12:15:29,,,,,,,,,,0
buy,0.01,0.01,XAUUSD,4669.35,4674.065,4666.887,4677.668,-0.11,4.72,user,2026-01-19 12:16:57,2026-01-19 12:36:02,,,,,,,,,,0
buy,0.01,0.01,XAUUSD,4674.968,4675.536,4673.924,,-0.11,0.57,user,2026-01-19 12:51:22,2026-01-19 12:52:07,,,,,,,,,,0
buy,0.01,0.01,XAUUSD,4672.645,4669.91,4669.91,,-0.11,-2.74,sl,2026-01-19 18:34:35,2026-01-19 18:50:10,,,,,,,,,,0
buy,0.01,0.01,XAUUSD,4670.873,4667.877,4667.877,4689.275,-0.11,-2.99,sl,2026-01-19 19:01:14,2026-01-19 19:42:25,,,,,,,,,,0
buy,0.01,0.02,BTCUSD,92917.54,93029.18,92747.42,93136.68,,1.11,user,2026-01-19 19:31:01,2026-01-19 19:44:34,,,,,,,,,,0
buy,0.01,0.02,BTCUSD,92917.54,92747.42,92747.42,93136.68,-0.32,-1.71,sl,2026-01-19 19:31:01,2026-01-19 20:09:21,,,,,,,,,,0
buy,0.01,0.02,XAUUSD,4665.783,4666.819,4663.883,4672.506,,1.04,user,2026-01-19 20:41:24,2026-01-19 20:43:23,,,,,,,,,,0
buy,0.01,0.02,XAUUSD,4665.783,4666.744,4663.883,4672.506,-0.22,0.96,user,2026-01-19 20:41:24,2026-01-19 20:44:13,,,,,,,,,,0
buy,0.01,0.01,XAUUSD,4666.557,4669.516,4663.905,4674.485,-0.11,2.96,user,2026-01-19 20:18:28,2026-01-19 21:03:17,,,,,,,,,,0
buy,0.01,0.01,XAUUSD,4665.583,4666.598,4663.907,4669.338,-0.11,1.02,user,2026-01-19 21:23:14,2026-01-19 21:32:45,,,,,,,,,,0
sell,0.02,0.02,BTCUSD,92879.49,93016.94,93008.62,92670.1,-0.32,-2.75,sl,2026-01-19 21:32:11,2026-01-19 21:34:04,,,,,,,,,,0
sell,0.01,0.01,XAUUSD,4671.541,4672.086,4672.086,4670.278,-0.11,-0.55,sl,2026-01-19 22:22:31,2026-01-19 22:23:00,,,,,,,,,,0
sell,0.01,0.01,XAUUSD,4672.135,4671.916,4673.075,4670.137,-0.11,0.22,user,2026-01-19 22:25:24,2026-01-19 22:32:32,,,,,,,,,,0
sell,0.01,0.01,XAUUSD,4672.544,4671.251,4674.535,4668.355,-0.11,1.29,user,2026-01-19 22:06:00,2026-01-19 22:36:42,,,,,,,,,,0
buy,0.01,0.01,XAUUSD,4669.861,4671.449,4666.795,4677.548,-0.11,1.59,user,2026-01-20 7:59:05,2026-01-20 8:02:10,,,,,,,,,,0
buy,0.01,0.01,XAUUSD,4668.952,4665.916,4665.916,4677.286,-0.11,-3.03,sl,2026-01-20 8:05:09,2026-01-20 8:12:38,,,,,,,,,,0
buy,0.01,0.01,XAUUSD,4667.986,4670.31,4666.95,,-0.11,2.32,user,2026-01-20 8:21:04,2026-01-20 8:26:22,,,,,,,,,,0
buy,0.01,0.01,XAUUSD,4699.105,4698.616,4696.651,4703.914,-0.11,-0.49,user,2026-01-20 11:15:18,2026-01-20 11:20:52,,,,,,,,,,0
buy,0.01,0.01,XAUUSD,4696.038,4696.481,,,-0.11,0.44,user,2026-01-20 11:29:53,2026-01-20 11:30:07,,,,,,,,,,0
buy,0.01,0.01,XAUUSD,4698.522,4694.893,4694.893,4703.894,-0.11,-3.63,sl,2026-01-20 11:26:28,2026-01-20 11:30:46,,,,,,,,,,0
buy,0.01,0.01,XAUUSD,4700.295,4704.885,4697.81,,-0.11,4.59,user,2026-01-20 11:32:08,2026-01-20 11:37:31,,,,,,,,,,0
sell,0.01,0.01,BTCUSD,91603.95,91757.41,91744.06,91272.74,-0.16,-1.53,sl,2026-01-20 11:48:08,2026-01-20 11:51:59,,,,,,,,,,0
buy,0.01,0.01,XAUUSD,4710.293,4714.956,4707.381,,-0.11,4.67,user,2026-01-20 12:02:10,2026-01-20 12:06:08,,,,,,,,,,0
buy,0.01,0.01,XAUUSD,4714.59,4713.554,4713.554,4717.494,-0.11,-1.04,sl,2026-01-20 12:08:47,2026-01-20 12:09:03,,,,,,,,,,0
buy,0.01,0.01,XAUUSD,4718.839,4716.502,4716.045,,-0.11,-2.34,user,2026-01-20 13:51:39,2026-01-20 13:55:40,,,,,,,,,,0
buy,0.01,0.01,XAUUSD,4717.519,4715.972,4715.972,4721.49,-0.11,-1.55,sl,2026-01-20 13:56:42,2026-01-20 13:58:06,,,,,,,,,,0
buy,0.01,0.02,XAUUSD,4716.823,4718.986,4715.969,4721.637,,2.17,user,2026-01-20 14:01:48,2026-01-20 14:02:22,,,,,,,,,,0
buy,0.01,0.02,XAUUSD,4716.823,4720.595,4715.969,4721.637,-0.22,3.78,user,2026-01-20 14:01:48,2026-01-20 14:04:43,,,,,,,,,,0
buy,0.02,0.02,XAUUSD,4719.151,4719.951,,,-0.22,1.6,user,2026-01-20 14:05:23,2026-01-20 14:05:28,,,,,,,,,,0
buy,0.01,0.01,XAUUSD,4719.795,4721.312,4718.968,,-0.11,1.51,user,2026-01-20 14:07:26,2026-01-20 14:07:53,,,,,,,,,,0
buy,0.01,0.01,XAUUSD,4730.073,4731.281,4727.929,,-0.11,1.21,user,2026-01-20 17:41:03,2026-01-20 17:41:51,,,,,,,,,,0
buy,0.01,0.01,XAUUSD,4732.341,4732.22,4731.455,4735.397,-0.11,-0.12,user,2026-01-20 17:45:26,2026-01-20 17:49:47,,,,,,,,,,0
buy,0.01,0.01,XAUUSD,4726.784,4728.232,4725.833,4729.696,-0.11,1.45,user,2026-01-20 18:26:46,2026-01-20 18:27:40,,,,,,,,,,0
buy,0.01,0.01,XAUUSD,4727.591,4726.987,,,-0.11,-0.6,user,2026-01-20 18:28:24,2026-01-20 18:29:50,,,,,,,,,,0
buy,0.02,0.02,XAUUSD,4725.016,4725.847,4724.165,,-0.22,1.66,user,2026-01-20 18:38:26,2026-01-20 18:40:00,,,,,,,,,,0
buy,0.01,0.01,XAUUSD,4725.768,4727.57,4724.251,4733.456,-0.11,1.8,user,2026-01-20 18:37:54,2026-01-20 18:46:48,,,,,,,,,,0
buy,0.01,0.02,XAUUSD,4726.218,4726.955,4724.85,,,0.74,user,2026-01-20 18:45:12,2026-01-20 18:50:09,,,,,,,,,,0
buy,0.01,0.02,XAUUSD,4726.218,4727.945,4724.85,,-0.22,1.73,user,2026-01-20 18:45:12,2026-01-20 18:59:59,,,,,,,,,,0
buy,0.01,0.01,XAUUSD,4725.328,4726.698,4723.796,,-0.11,1.37,user,2026-01-20 19:01:02,2026-01-20 19:03:07,,,,,,,,,,0
buy,0.01,0.01,XAUUSD,4725.794,4724.359,,,-0.11,-1.43,user,2026-01-20 19:03:12,2026-01-20 19:03:29,,,,,,,,,,0
buy,0.01,0.01,XAUUSD,4722.954,4724.908,4719.851,,-0.11,1.96,user,2026-01-20 19:04:26,2026-01-20 19:04:56,,,,,,,,,,0
buy,0.01,0.01,XAUUSD,4722.907,4725.657,4719.783,,-0.11,2.75,user,2026-01-20 19:05:10,2026-01-20 19:06:39,,,,,,,,,,0
buy,0.01,0.01,XAUUSD,4723.978,4719.858,4719.858,4753.304,-0.11,-4.12,sl,2026-01-20 19:09:05,2026-01-20 19:21:57,,,,,,,,,,0
buy,0.02,0.02,XAUUSD,4721.756,4717.288,,,-0.22,-8.93,user,2026-01-20 19:21:38,2026-01-20 19:22:11,,,,,,,,,,0
sell,0.02,0.03,XAUUSD,4720.541,4720.419,4723.395,4716.16,,0.24,user,2026-01-20 19:24:05,2026-01-20 19:25:04,,,,,,,,,,0
sell,0.01,0.03,XAUUSD,4720.541,4720.819,4723.395,4716.16,-0.33,-0.28,user,2026-01-20 19:24:05,2026-01-20 19:25:22,,,,,,,,,,0
sell,0.03,0.03,XAUUSD,4716.759,4722.661,4722.428,4709.529,-0.33,-17.7,sl,2026-01-20 19:33:58,2026-01-20 19:34:17,,,,,,,,,,0
buy,0.02,0.03,XAUUSD,4723.267,4720.908,,4729.607,,-4.71,user,2026-01-20 19:35:05,2026-01-20 19:36:04,,,,,,,,,,0
buy,0.1,0.1,XAUUSD,4721.78,4721.771,,4726.632,-1.1,-0.09,user,2026-01-20 19:37:11,2026-01-20 19:37:34,,,,,,,,,,0
buy,0.1,0.1,XAUUSD,4724.57,4721.4,,4728.721,-1.1,-31.7,user,2026-01-20 19:38:54,2026-01-20 19:39:33,,,,,,,,,,0
sell,0.02,0.02,BTCUSD,90837.21,91007.22,91007.22,90467.5,-0.32,-3.4,sl,2026-01-20 19:31:52,2026-01-20 19:40:00,,,,,,,,,,0
buy,0.1,0.1,XAUUSD,4722.03,4722.484,4720.076,4724.742,-1.1,4.54,user,2026-01-20 19:40:14,2026-01-20 19:40:21,,,,,,,,,,0
buy,0.12,0.12,XAUUSD,4726.813,4727.154,4725.556,4730.222,-1.32,4.09,user,2026-01-20 19:42:56,2026-01-20 19:43:44,,,,,,,,,,0
buy,0.01,0.03,XAUUSD,4723.267,4729.607,,4729.607,-0.33,6.34,tp,2026-01-20 19:35:05,2026-01-20 19:44:33,,,,,,,,,,0
buy,0.1,0.1,XAUUSD,4728.541,4729.951,4727.535,,-1.1,14.1,user,2026-01-20 19:47:22,2026-01-20 19:47:30,,,,,,,,,,0
buy,0.03,0.05,XAUUSD,4728.173,4732.078,4727.858,,,11.71,user,2026-01-20 19:45:32,2026-01-20 19:50:44,,,,,,,,,,0
buy,0.01,0.05,XAUUSD,4728.173,4731.96,4727.858,,,3.79,user,2026-01-20 19:45:32,2026-01-20 19:52:44,,,,,,,,,,0
buy,0.01,0.05,XAUUSD,4728.173,4727.858,4727.858,,-0.55,-0.31,sl,2026-01-20 19:45:32,2026-01-20 19:53:19,,,,,,,,,,0
buy,0.05,0.1,XAUUSD,4729.907,4730.353,4729.573,4733.433,,2.23,user,2026-01-20 19:53:40,2026-01-20 19:54:04,,,,,,,,,,0
buy,0.05,0.1,XAUUSD,4729.907,4732.416,4729.573,4733.433,-1.1,12.54,user,2026-01-20 19:53:40,2026-01-20 19:55:02,,,,,,,,,,0
buy,0.1,0.1,XAUUSD,4735.211,4735.844,4733.547,,-1.1,6.33,user,2026-01-20 19:57:37,2026-01-20 19:57:55,,,,,,,,,,0
buy,0.1,0.1,XAUUSD,4742.685,4739.837,4739.837,,-1.1,-28.48,sl,2026-01-20 20:05:12,2026-01-20 20:05:23,,,,,,,,,,0
buy,0.1,0.1,XAUUSD,4736.713,4735.322,4735.322,,-1.1,-13.91,sl,2026-01-20 20:06:35,2026-01-20 20:06:39,,,,,,,,,,0
buy,0.01,0.01,XAUUSD,4740.234,4733.52,4733.52,,-0.11,-6.71,sl,2026-01-20 20:00:45,2026-01-20 20:07:02,,,,,,,,,,0
buy,0.05,0.05,XAUUSD,4733.803,4734.718,4732.406,,-0.55,4.57,user,2026-01-20 20:08:32,2026-01-20 20:08:58,,,,,,,,,,0
buy,0.05,0.05,XAUUSD,4735.91,4738.617,4733.212,,-0.55,13.54,user,2026-01-20 20:10:28,2026-01-20 20:11:47,,,,,,,,,,0
buy,0.02,0.05,XAUUSD,4735.435,4740.64,4735.224,,,10.41,user,2026-01-20 20:09:36,2026-01-20 20:12:54,,,,,,,,,,0
buy,0.01,0.05,XAUUSD,4735.435,4739.07,4735.224,,,3.63,user,2026-01-20 20:09:36,2026-01-20 20:14:01,,,,,,,,,,0
buy,0.01,0.05,XAUUSD,4735.435,4740.616,4735.224,,,5.18,user,2026-01-20 20:09:36,2026-01-20 20:14:59,,,,,,,,,,0
buy,0.05,0.05,XAUUSD,4742.286,4742.467,4741.424,,-0.55,0.91,user,2026-01-20 20:18:00,2026-01-20 20:18:21,,,,,,,,,,0
buy,0.05,0.05,XAUUSD,4743.953,4742.471,4742.471,,-0.55,-7.41,sl,2026-01-20 20:24:16,2026-01-20 20:24:16,,,,,,,,,,0
buy,0.01,0.05,XAUUSD,4735.435,4741.824,4735.224,,-0.55,6.38,user,2026-01-20 20:09:36,2026-01-20 20:24:45,,,,,,,,,,0
buy,0.1,0.1,XAUUSD,4743.559,4744.812,4740.86,4746.899,-1.1,12.53,user,2026-01-20 20:27:14,2026-01-20 20:27:28,,,,,,,,,,0
buy,0.05,0.05,XAUUSD,4748.896,4748.941,4746.738,4752.496,-0.55,0.23,user,2026-01-20 20:28:55,2026-01-20 20:29:44,,,,,,,,,,0
buy,0.01,0.02,XAUUSD,4741.54,4741.361,4735.592,4749.762,,-0.18,user,2026-01-20 20:31:30,2026-01-20 20:32:46,,,,,,,,,,0
buy,0.01,0.02,XAUUSD,4741.54,4735.592,4735.592,4749.762,-0.22,-5.95,sl,2026-01-20 20:31:30,2026-01-20 20:33:58,,,,,,,,,,0
sell,0.05,0.05,XAUUSD,4730.194,4730.098,4736.295,4718.612,-0.55,0.48,user,2026-01-20 20:36:48,2026-01-20 20:37:05,,,,,,,,,,0
sell,0.03,0.03,XAUUSD,4731.813,4737.491,4736.295,4725.404,-0.33,-17.03,sl,2026-01-20 20:38:00,2026-01-20 20:38:56,,,,,,,,,,0
buy,0.05,0.1,XAUUSD,4739.216,4737.014,4731.845,4746.6,,-11.01,user,2026-01-20 20:40:25,2026-01-20 20:42:20,,,,,,,,,,0
buy,0.03,0.1,XAUUSD,4739.216,4737.565,4731.845,4746.6,,-4.95,user,2026-01-20 20:40:25,2026-01-20 20:43:30,,,,,,,,,,0
buy,0.1,0.1,XAUUSD,4737.575,4738.491,4733.869,4744.646,-1.1,9.16,user,2026-01-20 20:46:32,2026-01-20 20:46:38,,,,,,,,,,0
buy,0.1,0.1,XAUUSD,4737.664,4735.384,4735.296,4746.073,-1.1,-22.8,so,2026-01-20 20:47:46,2026-01-20 20:47:49,,,,,,,,,,0
buy,0.02,0.1,XAUUSD,4739.216,4735.384,4731.845,4746.6,-1.1,-7.66,so,2026-01-20 20:40:25,2026-01-20 20:47:49,,,,,,,,,,0
buy,0.1,0.1,XAUUSD,4739.957,4735.358,4735.592,4746.369,-1.1,-45.99,sl,2026-01-20 20:46:18,2026-01-20 20:47:49,,,,,,,,,,0
buy,0.02,0.02,XAUUSD,4736.337,4738.793,4732.837,,-0.22,4.92,user,2026-01-20 20:54:11,2026-01-20 20:54:24,,,,,,,,,,0
sell,0.02,0.02,XAUUSD,4740.044,4738.395,4744.381,,-0.22,3.3,user,2026-01-20 20:57:53,2026-01-20 20:58:08,,,,,,,,,,0
sell,0.01,0.02,XAUUSD,4737.511,4740.131,4742.844,4733.966,,-2.62,user,2026-01-20 20:56:25,2026-01-20 20:59:35,,,,,,,,,,0
sell,0.01,0.02,XAUUSD,4737.511,4740.933,4742.844,4733.966,-0.22,-3.42,user,2026-01-20 20:56:25,2026-01-20 20:59:37,,,,,,,,,,0
buy,0.01,0.02,XAUUSD,4743.984,4743.703,4737.69,4750.999,,-0.28,user,2026-01-20 21:01:22,2026-01-20 21:01:43,,,,,,,,,,0
buy,0.02,0.02,XAUUSD,4743.89,4745.922,,,-0.22,4.06,user,2026-01-20 21:02:21,2026-01-20 21:02:43,,,,,,,,,,0
buy,0.02,0.02,XAUUSD,4744.585,4745.188,,,-0.22,1.21,user,2026-01-20 21:04:21,2026-01-20 21:04:30,,,,,,,,,,0
buy,0.01,0.02,XAUUSD,4743.984,4747.135,4737.69,4750.999,-0.22,3.16,user,2026-01-20 21:01:22,2026-01-20 21:05:00,,,,,,,,,,0
buy,0.01,0.02,XAUUSD,4744.742,4746.713,4743.178,,,1.97,user,2026-01-20 21:05:46,2026-01-20 21:06:09,,,,,,,,,,0
buy,0.02,0.02,XAUUSD,4744.327,4746.113,4743.6,,-0.22,3.58,user,2026-01-20 21:06:35,2026-01-20 21:06:45,,,,,,,,,,0
buy,0.01,0.02,XAUUSD,4744.742,4744.065,4743.178,,-0.22,-0.67,user,2026-01-20 21:05:46,2026-01-20 21:06:57,,,,,,,,,,0
buy,0.05,0.05,XAUUSD,4746.84,4744.315,4744.742,,-0.55,-12.62,sl,2026-01-20 21:08:17,2026-01-20 21:08:56,,,,,,,,,,0
buy,0.05,0.05,XAUUSD,4745.814,4743.873,4743.873,4751.694,-0.55,-9.7,sl,2026-01-20 21:10:29,2026-01-20 21:10:45,,,,,,,,,,0
buy,0.01,0.01,XAUUSD,4745.859,4744.218,4736.281,4775.391,-0.11,-1.64,so,2026-01-20 21:11:17,2026-01-20 21:12:00,,,,,,,,,,0
sell,0.06,0.06,XAUUSD,4731.305,4729.175,4733.7,4725.474,-0.66,12.78,user,2026-01-20 21:41:05,2026-01-20 21:41:35,,,,,,,,,,0
buy,0.03,0.04,XAUUSD,4738.311,4737.727,4735.759,4743.49,,-1.75,user,2026-01-20 21:51:13,2026-01-20 21:53:42,,,,,,,,,,0
buy,0.01,0.04,XAUUSD,4738.311,4735.759,4735.759,4743.49,-0.44,-2.55,sl,2026-01-20 21:51:13,2026-01-20 21:55:02,,,,,,,,,,0
sell,0.1,0.1,XAUUSD,4735.652,4734.926,4738.59,4730.495,-1.1,7.26,user,2026-01-20 21:55:21,2026-01-20 21:55:36,,,,,,,,,,0
buy,0.03,0.05,XAUUSD,4735.175,4737.971,4732.156,4741.38,,8.38,user,2026-01-20 21:59:12,2026-01-20 21:59:39,,,,,,,,,,0
buy,0.02,0.05,XAUUSD,4735.175,4737.585,4732.156,4741.38,-0.55,4.82,user,2026-01-20 21:59:12,2026-01-20 21:59:57,,,,,,,,,,0
buy,0.05,0.05,XAUUSD,4736.482,4737.992,4734.581,4742.677,-0.55,7.55,user,2026-01-20 22:02:08,2026-01-20 22:03:01,,,,,,,,,,0
buy,0.05,0.05,XAUUSD,4734.779,4733.342,4731.867,4739.963,-0.55,-7.19,user,2026-01-20 22:04:18,2026-01-20 22:04:34,,,,,,,,,,0
sell,0.05,0.05,XAUUSD,4731.28,4730.575,4735.213,4725.498,-0.55,3.52,user,2026-01-20 22:05:19,2026-01-20 22:05:34,,,,,,,,,,0
buy,0.03,0.05,XAUUSD,4733.055,4735.974,4729.77,4738.554,,8.75,user,2026-01-20 22:07:31,2026-01-20 22:07:56,,,,,,,,,,0
buy,0.02,0.05,XAUUSD,4733.055,4735.396,4729.77,4738.554,-0.55,4.68,user,2026-01-20 22:07:31,2026-01-20 22:08:06,,,,,,,,,,0
buy,0.05,0.05,XAUUSD,4743.535,4742.827,4741.846,4749.263,-0.55,-3.54,user,2026-01-20 22:16:46,2026-01-20 22:17:31,,,,,,,,,,0
sell,0.1,0.1,XAUUSD,4741.064,4743.025,4742.759,4738.384,-1.1,-19.61,sl,2026-01-20 22:20:03,2026-01-20 22:20:55,,,,,,,,,,0
sell,0.05,0.1,XAUUSD,4740.414,4736.445,4744.381,4734.304,,19.84,user,2026-01-20 22:22:38,2026-01-20 22:25:25,,,,,,,,,,0
sell,0.05,0.1,XAUUSD,4740.414,4735.871,4744.381,4734.304,-1.1,22.71,user,2026-01-20 22:22:38,2026-01-20 22:25:52,,,,,,,,,,0
buy,0.05,0.05,XAUUSD,4742.595,4743.225,4740.837,4744.265,-0.55,3.15,user,2026-01-20 22:33:30,2026-01-20 22:34:16,,,,,,,,,,0
buy,0.05,0.05,XAUUSD,4742.927,4743.355,4741.841,4744.615,-0.55,2.14,user,2026-01-20 22:36:16,2026-01-20 22:36:37,,,,,,,,,,0
buy,0.05,0.05,XAUUSD,4743.255,4743.231,4741.878,4744.461,-0.55,-0.12,user,2026-01-20 22:37:08,2026-01-20 22:37:34,,,,,,,,,,0
buy,0.02,0.02,XAUUSD,4745.121,4744.927,4742.038,4748.964,-0.22,-0.39,user,2026-01-20 22:40:04,2026-01-20 22:41:14,,,,,,,,,,0
buy,0.05,0.05,XAUUSD,4745.552,4745.498,4743.649,4747.572,-0.55,-0.27,user,2026-01-20 22:44:25,2026-01-20 22:44:57,,,,,,,,,,0
buy,0.1,0.1,XAUUSD,4747.248,4747.814,4745.611,4749.299,-1.1,5.66,user,2026-01-20 22:48:19,2026-01-20 22:49:02,,,,,,,,,,0
buy,0.05,0.05,XAUUSD,4747.421,4748.535,4745.838,4749.517,-0.55,5.57,user,2026-01-20 22:52:30,2026-01-20 22:52:57,,,,,,,,,,0
buy,0.02,0.05,XAUUSD,4748.403,4751.601,4747.325,4753.473,,6.39,user,2026-01-20 23:04:05,2026-01-20 23:04:44,,,,,,,,,,0
buy,0.01,0.05,XAUUSD,4748.403,4748.913,4747.325,4753.473,,0.51,user,2026-01-20 23:04:05,2026-01-20 23:09:51,,,,,,,,,,0
buy,0.02,0.05,XAUUSD,4748.403,4747.325,4747.325,4753.473,-0.55,-2.16,sl,2026-01-20 23:04:05,2026-01-20 23:10:21,,,,,,,,,,0
buy,0.03,0.05,XAUUSD,4753.04,4755.353,4751.867,4759.313,,6.94,user,2026-01-20 23:15:08,2026-01-20 23:17:47,,,,,,,,,,0
buy,0.01,0.05,XAUUSD,4753.04,4754.219,4751.867,4759.313,,1.18,user,2026-01-20 23:15:08,2026-01-20 23:19:06,,,,,,,,,,0
buy,0.01,0.05,XAUUSD,4753.04,4752.965,4751.867,4759.313,-0.55,-0.07,user,2026-01-20 23:15:08,2026-01-20 23:20:22,,,,,,,,,,0
sell,0.01,0.03,XAUUSD,4753.074,4753.124,4756.195,4748.699,,-0.05,user,2026-01-20 23:25:33,2026-01-20 23:25:53,,,,,,,,,,0
sell,0.01,0.03,XAUUSD,4753.074,4753.808,4756.195,4748.699,,-0.74,user,2026-01-20 23:25:33,2026-01-20 23:27:21,,,,,,,,,,0
sell,0.01,0.03,XAUUSD,4753.074,4756.195,4756.195,4748.699,-0.33,-3.13,sl,2026-01-20 23:25:33,2026-01-20 23:29:14,,,,,,,,,,0
buy,0.1,0.1,XAUUSD,4755.493,4753.865,4753.865,4757.411,-1.1,-16.28,sl,2026-01-20 23:30:45,2026-01-20 23:33:04,,,,,,,,,,0
buy,0.1,0.1,XAUUSD,4753.437,4754.475,4752.253,4757.088,-1.1,10.38,user,2026-01-20 23:34:26,2026-01-20 23:36:01,,,,,,,,,,0
buy,0.05,0.05,XAUUSD,4754.696,4753.736,4753.736,4757.566,-0.55,-4.8,sl,2026-01-20 23:37:57,2026-01-20 23:37:57,,,,,,,,,,0
buy,0.05,0.05,XAUUSD,4755.257,4753.671,4753.671,4757.964,-0.55,-7.93,sl,2026-01-20 23:37:36,2026-01-20 23:37:57,,,,,,,,,,0
buy,0.1,0.1,XAUUSD,4754.236,4753.375,4753.375,4755.734,-1.1,-8.61,sl,2026-01-20 23:39:13,2026-01-20 23:41:13,,,,,,,,,,0
buy,0.1,0.2,XAUUSD,4753.064,4754.106,4751.921,4754.865,,10.42,user,2026-01-20 23:41:49,2026-01-20 23:43:52,,,,,,,,,,0
buy,0.1,0.2,XAUUSD,4753.064,4754.865,4751.921,4754.865,-2.2,18.01,tp,2026-01-20 23:41:49,2026-01-20 23:44:46,,,,,,,,,,0
buy,0.1,0.1,XAUUSD,4759.094,4759.239,4757.366,4761.262,-1.1,1.45,user,2026-01-20 23:56:26,2026-01-20 23:56:54,,,,,,,,,,0
buy,0.1,0.1,XAUUSD,4760.172,4759.717,4759.323,4763.717,-1.1,-4.55,user,2026-01-20 23:59:11,2026-01-20 23:59:47,,,,,,,,,,0
buy,0.05,0.1,XAUUSD,4760.285,4762.66,4758.895,4763.289,,11.87,user,2026-01-21 0:01:00,2026-01-21 0:01:37,,,,,,,,,,0
buy,0.05,0.1,XAUUSD,4760.285,4762.725,4758.895,4763.289,-1.1,12.2,user,2026-01-21 0:01:00,2026-01-21 0:01:40,,,,,,,,,,0
buy,0.01,0.02,XAUUSD,4761.68,4761.251,4759.915,4765.116,,-0.43,user,2026-01-21 0:03:07,2026-01-21 0:04:45,,,,,,,,,,0
buy,0.01,0.02,XAUUSD,4761.68,4759.915,4759.915,4765.116,-0.22,-1.76,sl,2026-01-21 0:03:07,2026-01-21 0:05:08,,,,,,,,,,0
buy,0.1,0.1,XAUUSD,4760.81,4762.065,4759.846,4762.764,-1.1,12.55,user,2026-01-21 0:06:02,2026-01-21 0:06:16,,,,,,,,,,0
buy,0.02,0.02,XAUUSD,4761.642,4762.847,,,-0.22,2.41,user,2026-01-21 0:06:55,2026-01-21 0:07:14,,,,,,,,,,0
buy,0.01,0.02,XAUUSD,4763.387,4764.712,4762.211,,,1.32,user,2026-01-21 0:10:42,2026-01-21 0:12:06,,,,,,,,,,0
buy,0.01,0.02,XAUUSD,4763.387,4762.211,4762.211,,-0.22,-1.18,sl,2026-01-21 0:10:42,2026-01-21 0:13:48,,,,,,,,,,0
buy,0.02,0.02,XAUUSD,4764.326,4765.18,4763.128,,-0.22,1.71,user,2026-01-21 0:16:26,2026-01-21 0:17:26,,,,,,,,,,0
buy,0.02,0.02,XAUUSD,4764.828,4765.378,4763.893,4767.251,-0.22,1.1,user,2026-01-21 0:19:18,2026-01-21 0:20:37,,,,,,,,,,0
buy,0.02,0.02,XAUUSD,4765.097,4764.443,4764.443,4767.938,-0.22,-1.3,sl,2026-01-21 0:21:29,2026-01-21 0:21:55,,,,,,,,,,0
buy,0.05,0.05,XAUUSD,4763.998,4763.596,,,-0.55,-2.01,user,2026-01-21 0:23:13,2026-01-21 0:23:18,,,,,,,,,,0
buy,0.1,0.1,XAUUSD,4763.908,4763.204,,,-1.1,-7.04,user,2026-01-21 0:23:33,2026-01-21 0:23:59,,,,,,,,,,0
buy,0.05,0.1,XAUUSD,4761.304,4761.333,4759.921,4764.978,,0.15,user,2026-01-21 0:28:19,2026-01-21 0:29:47,,,,,,,,,,0
buy,0.03,0.1,XAUUSD,4761.304,4762.632,4759.921,4764.978,,3.99,user,2026-01-21 0:28:19,2026-01-21 0:32:40,,,,,,,,,,0
buy,0.02,0.1,XAUUSD,4761.304,4759.921,4759.921,4764.978,-1.1,-2.77,sl,2026-01-21 0:28:19,2026-01-21 0:35:51,,,,,,,,,,0
buy,0.1,0.1,XAUUSD,4760.793,4759.832,4759.832,,-1.1,-9.61,sl,2026-01-21 0:37:06,2026-01-21 0:37:31,,,,,,,,,,0
sell,0.1,0.1,XAUUSD,4758.707,4757.363,4760.161,4756.604,-1.1,13.44,user,2026-01-21 0:44:38,2026-01-21 0:46:22,,,,,,,,,,0
buy,0.05,0.05,XAUUSD,4759.231,4757.073,4757.421,4763.195,-0.55,-10.79,sl,2026-01-21 0:50:01,2026-01-21 0:51:49,,,,,,,,,,0
buy,0.05,0.05,XAUUSD,4758.1,4757.145,4757.145,4762.848,-0.55,-4.77,sl,2026-01-21 0:51:30,2026-01-21 0:51:49,,,,,,,,,,0
buy,0.1,0.2,XAUUSD,4757.836,4758.331,4756.911,4761.336,,4.95,user,2026-01-21 0:52:27,2026-01-21 0:53:00,,,,,,,,,,0
buy,0.1,0.2,XAUUSD,4757.836,4756.911,4756.911,4761.336,-2.2,-9.25,sl,2026-01-21 0:52:27,2026-01-21 0:53:13,,,,,,,,,,0
sell,0.1,0.1,XAUUSD,4754.29,4759.554,,,-1.1,-52.64,user,2026-01-21 0:54:35,2026-01-21 0:58:54,,,,,,,,,,0
sell,0.1,0.1,XAUUSD,4756.394,4759.554,4759.681,,-1.1,-31.6,user,2026-01-21 0:55:31,2026-01-21 0:58:54,,,,,,,,,,0
sell,0.1,0.1,XAUUSD,4757.859,4759.388,,,-1.1,-15.29,so,2026-01-21 1:04:23,2026-01-21 1:06:35,,,,,,,,,,0
sell,0.1,0.1,XAUUSD,4758.866,4759.388,4760.439,4752.637,-1.1,-5.22,so,2026-01-21 1:01:30,2026-01-21 1:06:35,,,,,,,,,,0