ticket,opening_time_utc,closing_time_utc,type,lots,original_position_size,symbol,opening_price,closing_price,stop_loss,take_profit,commission_usd,swap_usd,profit_usd,equity_usd,margin_level,close_reason
1952727629,2026-01-20T19:01:29.505000,2026-01-20T19:06:34.922000,sell,0.1,0.1,XAUUSD,4758.866,4759.388,4760.439,4752.637,-1.1,0,-5.22,-0.33,,so
1952730118,2026-01-20T19:04:23.237000,2026-01-20T19:06:34.921000,sell,0.1,0.1,XAUUSD,4757.859,4759.388,,,-1.1,0,-15.29,-0.33,,so
1952721283,2026-01-20T18:55:31.356000,2026-01-20T18:58:54.021000,sell,0.1,0.1,XAUUSD,4756.394,4759.554,4759.681,,-1.1,0,-31.6,,,user
1952720172,2026-01-20T18:54:34.773000,2026-01-20T18:58:54.010000,sell,0.1,0.1,XAUUSD,4754.29,4759.554,,,-1.1,0,-52.64,,,user
1952716547,2026-01-20T18:52:26.942000,2026-01-20T18:53:13.060000,buy,0.1,0.2,XAUUSD,4757.836,4756.911,4756.911,4761.336,-2.2,0,-9.25,,,sl
1952716547,2026-01-20T18:52:26.942000,2026-01-20T18:52:59.993000,buy,0.1,0.2,XAUUSD,4757.836,4758.331,4756.911,4761.336,,0,4.95,,,user
1952715549,2026-01-20T18:51:30.391000,2026-01-20T18:51:49.360000,buy,0.05,0.05,XAUUSD,4758.1,4757.145,4757.145,4762.848,-0.55,0,-4.77,,,sl
1952714475,2026-01-20T18:50:00.871000,2026-01-20T18:51:49.235000,buy,0.05,0.05,XAUUSD,4759.231,4757.073,4757.421,4763.195,-0.55,0,-10.79,,,sl
1952710028,2026-01-20T18:44:37.777000,2026-01-20T18:46:21.860000,sell,0.1,0.1,XAUUSD,4758.707,4757.363,4760.161,4756.604,-1.1,0,13.44,,,user
1952701268,2026-01-20T18:37:06.239000,2026-01-20T18:37:31.190000,buy,0.1,0.1,XAUUSD,4760.793,4759.832,4759.832,,-1.1,0,-9.61,,,sl
1952694324,2026-01-20T18:28:19.270000,2026-01-20T18:35:51.473000,buy,0.02,0.1,XAUUSD,4761.304,4759.921,4759.921,4764.978,-1.1,0,-2.77,,,sl
1952694324,2026-01-20T18:28:19.270000,2026-01-20T18:32:39.784000,buy,0.03,0.1,XAUUSD,4761.304,4762.6320000000005,4759.921,4764.978,,0,3.99,,,user
1952694324,2026-01-20T18:28:19.270000,2026-01-20T18:29:46.951000,buy,0.05,0.1,XAUUSD,4761.304,4761.3330000000005,4759.921,4764.978,,0,0.15,,,user
1952687714,2026-01-20T18:23:32.631000,2026-01-20T18:23:58.725000,buy,0.1,0.1,XAUUSD,4763.908,4763.204,,,-1.1,0,-7.04,,,user
1952687258,2026-01-20T18:23:12.627000,2026-01-20T18:23:17.742000,buy,0.05,0.05,XAUUSD,4763.998,4763.5960000000005,,,-0.55,0,-2.01,,,user
1952685239,2026-01-20T18:21:28.509000,2026-01-20T18:21:55.486000,buy,0.02,0.02,XAUUSD,4765.097,4764.443,4764.443,4767.938,-0.22,0,-1.3,,,sl
1952682171,2026-01-20T18:19:18.224000,2026-01-20T18:20:37.031000,buy,0.02,0.02,XAUUSD,4764.828,4765.378,4763.893,4767.251,-0.22,0,1.1,,,user
1952678684,2026-01-20T18:16:25.688000,2026-01-20T18:17:25.714000,buy,0.02,0.02,XAUUSD,4764.326,4765.18,4763.128,,-0.22,0,1.71,,,user
1952669936,2026-01-20T18:10:41.938000,2026-01-20T18:13:47.983000,buy,0.01,0.02,XAUUSD,4763.387,4762.211,4762.211,,-0.22,0,-1.18,,,sl
1952669936,2026-01-20T18:10:41.938000,2026-01-20T18:12:06.480000,buy,0.01,0.02,XAUUSD,4763.387,4764.712,4762.211,,,0,1.32,,,user
1952664615,2026-01-20T18:06:54.825000,2026-01-20T18:07:14.180000,buy,0.02,0.02,XAUUSD,4761.642,4762.847,,,-0.22,0,2.41,,,user
1952663474,2026-01-20T18:06:01.957000,2026-01-20T18:06:15.664000,buy,0.1,0.1,XAUUSD,4760.81,4762.0650000000005,4759.846,4762.764,-1.1,0,12.55,,,user
1952660341,2026-01-20T18:03:06.564000,2026-01-20T18:05:08.155000,buy,0.01,0.02,XAUUSD,4761.68,4759.915,4759.915,4765.116,-0.22,0,-1.76,,,sl
1952660341,2026-01-20T18:03:06.564000,2026-01-20T18:04:45.461000,buy,0.01,0.02,XAUUSD,4761.68,4761.251,4759.915,4765.116,,0,-0.43,,,user
1952655818,2026-01-20T18:01:00.119000,2026-01-20T18:01:39.905000,buy,0.05,0.1,XAUUSD,4760.285,4762.725,4758.895,4763.289,-1.1,0,12.2,,,user
1952655818,2026-01-20T18:01:00.119000,2026-01-20T18:01:37.430000,buy,0.05,0.1,XAUUSD,4760.285,4762.66,4758.895,4763.289,,0,11.87,,,user
1952653120,2026-01-20T17:59:11.176000,2026-01-20T17:59:46.521000,buy,0.1,0.1,XAUUSD,4760.172,4759.717000000001,4759.323,4763.717,-1.1,0,-4.55,,,user
1952647986,2026-01-20T17:56:26.232000,2026-01-20T17:56:53.720000,buy,0.1,0.1,XAUUSD,4759.094,4759.2390000000005,4757.366,4761.262,-1.1,0,1.45,,,user
1952625016,2026-01-20T17:41:48.998000,2026-01-20T17:44:45.786000,buy,0.1,0.2,XAUUSD,4753.064,4754.865,4751.921,4754.865,-2.2,0,18.01,,,tp
1952625016,2026-01-20T17:41:48.998000,2026-01-20T17:43:51.502000,buy,0.1,0.2,XAUUSD,4753.064,4754.106,4751.921,4754.865,,0,10.42,,,user
1952622320,2026-01-20T17:39:13.162000,2026-01-20T17:41:12.646000,buy,0.1,0.1,XAUUSD,4754.236,4753.375,4753.375,4755.734,-1.1,0,-8.61,,,sl
1952620430,2026-01-20T17:37:35.819000,2026-01-20T17:37:57.459000,buy,0.05,0.05,XAUUSD,4755.257,4753.671,4753.671,4757.964,-0.55,0,-7.93,,,sl
1952620762,2026-01-20T17:37:56.960000,2026-01-20T17:37:57.326000,buy,0.05,0.05,XAUUSD,4754.696,4753.736,4753.736,4757.566,-0.55,0,-4.8,,,sl
1952614624,2026-01-20T17:34:25.657000,2026-01-20T17:36:00.554000,buy,0.1,0.1,XAUUSD,4753.437,4754.475,4752.253,4757.088,-1.1,0,10.38,,,user
1952609536,2026-01-20T17:30:45.209000,2026-01-20T17:33:03.549000,buy,0.1,0.1,XAUUSD,4755.493,4753.865,4753.865,4757.411,-1.1,0,-16.28,,,sl
1952601235,2026-01-20T17:25:32.668000,2026-01-20T17:29:14.117000,sell,0.01,0.03,XAUUSD,4753.074,4756.195,4756.195,4748.699,-0.33,0,-3.13,,,sl
1952601235,2026-01-20T17:25:32.668000,2026-01-20T17:27:21.261000,sell,0.01,0.03,XAUUSD,4753.074,4753.808,4756.195,4748.699,,0,-0.74,,,user
1952601235,2026-01-20T17:25:32.668000,2026-01-20T17:25:52.942000,sell,0.01,0.03,XAUUSD,4753.074,4753.124,4756.195,4748.699,,0,-0.05,,,user
1952585962,2026-01-20T17:15:07.688000,2026-01-20T17:20:22.080000,buy,0.01,0.05,XAUUSD,4753.04,4752.965,4751.867,4759.313,-0.55,0,-0.07,,,user
1952585962,2026-01-20T17:15:07.688000,2026-01-20T17:19:05.631000,buy,0.01,0.05,XAUUSD,4753.04,4754.219,4751.867,4759.313,,0,1.18,,,user
1952585962,2026-01-20T17:15:07.688000,2026-01-20T17:17:46.706000,buy,0.03,0.05,XAUUSD,4753.04,4755.353,4751.867,4759.313,,0,6.94,,,user
1952567127,2026-01-20T17:04:04.825000,2026-01-20T17:10:21.417000,buy,0.02,0.05,XAUUSD,4748.403,4747.325,4747.325,4753.473,-0.55,0,-2.16,,,sl
1952567127,2026-01-20T17:04:04.825000,2026-01-20T17:09:51.146000,buy,0.01,0.05,XAUUSD,4748.403,4748.9130000000005,4747.325,4753.473,,0,0.51,,,user
1952567127,2026-01-20T17:04:04.825000,2026-01-20T17:04:43.620000,buy,0.02,0.05,XAUUSD,4748.403,4751.601,4747.325,4753.473,,0,6.39,,,user
1952530803,2026-01-20T16:52:29.891000,2026-01-20T16:52:56.871000,buy,0.05,0.05,XAUUSD,4747.421,4748.535,4745.838,4749.517,-0.55,0,5.57,,,user
1952522876,2026-01-20T16:48:19.143000,2026-01-20T16:49:01.854000,buy,0.1,0.1,XAUUSD,4747.248,4747.814,4745.611,4749.299,-1.1,0,5.66,,,user
1952515463,2026-01-20T16:44:25.099000,2026-01-20T16:44:56.964000,buy,0.05,0.05,XAUUSD,4745.552,4745.4980000000005,4743.649,4747.572,-0.55,0,-0.27,,,user
1952508832,2026-01-20T16:40:03.683000,2026-01-20T16:41:13.875000,buy,0.02,0.02,XAUUSD,4745.121,4744.927,4742.038,4748.964,-0.22,0,-0.39,,,user
1952504163,2026-01-20T16:37:08.403000,2026-01-20T16:37:33.979000,buy,0.05,0.05,XAUUSD,4743.255,4743.231,4741.878,4744.461,-0.55,0,-0.12,,,user
1952502966,2026-01-20T16:36:15.500000,2026-01-20T16:36:37.388000,buy,0.05,0.05,XAUUSD,4742.927,4743.3550000000005,4741.841,4744.615,-0.55,0,2.14,,,user
1952499569,2026-01-20T16:33:30.023000,2026-01-20T16:34:15.911000,buy,0.05,0.05,XAUUSD,4742.595,4743.225,4740.837,4744.265,-0.55,0,3.15,,,user
1952480312,2026-01-20T16:22:37.683000,2026-01-20T16:25:51.561000,sell,0.05,0.1,XAUUSD,4740.414,4735.871,4744.381,4734.304,-1.1,0,22.71,,,user
1952480312,2026-01-20T16:22:37.683000,2026-01-20T16:25:25.436000,sell,0.05,0.1,XAUUSD,4740.414,4736.445,4744.381,4734.304,,0,19.84,,,user
1952475899,2026-01-20T16:20:03.403000,2026-01-20T16:20:54.669000,sell,0.1,0.1,XAUUSD,4741.064,4743.025000000001,4742.759,4738.384,-1.1,0,-19.61,,,sl
1952470201,2026-01-20T16:16:45.981000,2026-01-20T16:17:31.129000,buy,0.05,0.05,XAUUSD,4743.535,4742.827,4741.846,4749.263,-0.55,0,-3.54,,,user
1952450397,2026-01-20T16:07:31.342000,2026-01-20T16:08:05.724000,buy,0.02,0.05,XAUUSD,4733.055,4735.396,4729.77,4738.554,-0.55,0,4.68,,,user
1952450397,2026-01-20T16:07:31.342000,2026-01-20T16:07:56.238000,buy,0.03,0.05,XAUUSD,4733.055,4735.974,4729.77,4738.554,,0,8.75,,,user
1952444495,2026-01-20T16:05:19.149000,2026-01-20T16:05:34.465000,sell,0.05,0.05,XAUUSD,4731.28,4730.575,4735.213,4725.498,-0.55,0,3.52,,,user
1952441608,2026-01-20T16:04:17.689000,2026-01-20T16:04:34.262000,buy,0.05,0.05,XAUUSD,4734.779,4733.342000000001,4731.867,4739.963,-0.55,0,-7.19,,,user
1952437305,2026-01-20T16:02:08.429000,2026-01-20T16:03:01.184000,buy,0.05,0.05,XAUUSD,4736.482,4737.992,4734.581,4742.677,-0.55,0,7.55,,,user
1952430203,2026-01-20T15:59:11.549000,2026-01-20T15:59:56.624000,buy,0.02,0.05,XAUUSD,4735.175,4737.585,4732.156,4741.38,-0.55,0,4.82,,,user
1952430203,2026-01-20T15:59:11.549000,2026-01-20T15:59:38.688000,buy,0.03,0.05,XAUUSD,4735.175,4737.9710000000005,4732.156,4741.38,,0,8.38,,,user
1952421270,2026-01-20T15:55:20.601000,2026-01-20T15:55:35.995000,sell,0.1,0.1,XAUUSD,4735.652,4734.926,4738.59,4730.495,-1.1,0,7.26,,,user
1952413412,2026-01-20T15:51:13.095000,2026-01-20T15:55:01.623000,buy,0.01,0.04,XAUUSD,4738.311,4735.759,4735.759,4743.49,-0.44,0,-2.55,,,sl
1952413412,2026-01-20T15:51:13.095000,2026-01-20T15:53:42.365000,buy,0.03,0.04,XAUUSD,4738.311,4737.727,4735.759,4743.49,,0,-1.75,,,user
1952389041,2026-01-20T15:41:05.381000,2026-01-20T15:41:35.306000,sell,0.06,0.06,XAUUSD,4731.305,4729.175,4733.7,4725.474,-0.66,0,12.78,,,user
1952281586,2026-01-20T15:11:16.727000,2026-01-20T15:11:59.867000,buy,0.01,0.01,XAUUSD,4745.859,4744.218,4736.281,4775.391,-0.11,0,-1.64,-0.01,,so
1952279517,2026-01-20T15:10:29.194000,2026-01-20T15:10:44.860000,buy,0.05,0.05,XAUUSD,4745.814,4743.873,4743.873,4751.694,-0.55,0,-9.7,,,sl
1952272828,2026-01-20T15:08:16.828000,2026-01-20T15:08:56.497000,buy,0.05,0.05,XAUUSD,4746.84,4744.3150000000005,4744.742,,-0.55,0,-12.62,,,sl
1952262757,2026-01-20T15:05:45.677000,2026-01-20T15:06:56.884000,buy,0.01,0.02,XAUUSD,4744.742,4744.0650000000005,4743.178,,-0.22,0,-0.67,,,user
1952266107,2026-01-20T15:06:35.046000,2026-01-20T15:06:44.591000,buy,0.02,0.02,XAUUSD,4744.327,4746.113,4743.6,,-0.22,0,3.58,,,user
1952262757,2026-01-20T15:05:45.677000,2026-01-20T15:06:09.181000,buy,0.01,0.02,XAUUSD,4744.742,4746.713,4743.178,,,0,1.97,,,user
1952249353,2026-01-20T15:01:21.563000,2026-01-20T15:04:59.867000,buy,0.01,0.02,XAUUSD,4743.984,4747.135,4737.69,4750.999,-0.22,0,3.16,,,user
1952259051,2026-01-20T15:04:21.428000,2026-01-20T15:04:30.188000,buy,0.02,0.02,XAUUSD,4744.585,4745.188,,,-0.22,0,1.21,,,user
1952253308,2026-01-20T15:02:20.580000,2026-01-20T15:02:43.275000,buy,0.02,0.02,XAUUSD,4743.89,4745.9220000000005,,,-0.22,0,4.06,,,user
1952249353,2026-01-20T15:01:21.563000,2026-01-20T15:01:43.312000,buy,0.01,0.02,XAUUSD,4743.984,4743.703,4737.69,4750.999,,0,-0.28,,,user
1952233768,2026-01-20T14:56:24.968000,2026-01-20T14:59:36.717000,sell,0.01,0.02,XAUUSD,4737.511,4740.933,4742.844,4733.966,-0.22,0,-3.42,,,user
1952233768,2026-01-20T14:56:24.968000,2026-01-20T14:59:34.829000,sell,0.01,0.02,XAUUSD,4737.511,4740.131,4742.844,4733.966,,0,-2.62,,,user
1952236667,2026-01-20T14:57:52.664000,2026-01-20T14:58:07.645000,sell,0.02,0.02,XAUUSD,4740.044,4738.395,4744.381,,-0.22,0,3.3,,,user
1952228181,2026-01-20T14:54:11.258000,2026-01-20T14:54:23.639000,buy,0.02,0.02,XAUUSD,4736.337,4738.793,4732.837,,-0.22,0,4.92,,,user
1952198764,2026-01-20T14:46:18.290000,2026-01-20T14:47:49.102000,buy,0.1,0.1,XAUUSD,4739.957,4735.358,4735.592,4746.369,-1.1,0,-45.99,,,sl
1952176379,2026-01-20T14:40:25.175000,2026-01-20T14:47:49.069000,buy,0.02,0.1,XAUUSD,4739.216,4735.384,4731.845,4746.6,-1.1,0,-7.66,-1.04,,so
1952205127,2026-01-20T14:47:45.715000,2026-01-20T14:47:49.068000,buy,0.1,0.1,XAUUSD,4737.664,4735.384,4735.296,4746.073,-1.1,0,-22.8,-1.04,,so
1952199556,2026-01-20T14:46:32.368000,2026-01-20T14:46:37.765000,buy,0.1,0.1,XAUUSD,4737.575,4738.491,4733.869,4744.646,-1.1,0,9.16,,,user
1952176379,2026-01-20T14:40:25.175000,2026-01-20T14:43:30.123000,buy,0.03,0.1,XAUUSD,4739.216,4737.5650000000005,4731.845,4746.6,,0,-4.95,,,user
1952176379,2026-01-20T14:40:25.175000,2026-01-20T14:42:19.589000,buy,0.05,0.1,XAUUSD,4739.216,4737.014,4731.845,4746.6,,0,-11.01,,,user
1952163107,2026-01-20T14:38:00.228000,2026-01-20T14:38:55.933000,sell,0.03,0.03,XAUUSD,4731.813,4737.491,4736.295,4725.404,-0.33,0,-17.03,,,sl
1952157888,2026-01-20T14:36:47.772000,2026-01-20T14:37:04.748000,sell,0.05,0.05,XAUUSD,4730.194,4730.098,4736.295,4718.612,-0.55,0,0.48,,,user
1952129162,2026-01-20T14:31:30.239000,2026-01-20T14:33:58.411000,buy,0.01,0.02,XAUUSD,4741.54,4735.592,4735.592,4749.762,-0.22,0,-5.95,,,sl
1952129162,2026-01-20T14:31:30.239000,2026-01-20T14:32:46.492000,buy,0.01,0.02,XAUUSD,4741.54,4741.361,4735.592,4749.762,,0,-0.18,,,user
1952111906,2026-01-20T14:28:54.658000,2026-01-20T14:29:44.278000,buy,0.05,0.05,XAUUSD,4748.896,4748.941,4746.738,4752.496,-0.55,0,0.23,,,user
1952102356,2026-01-20T14:27:14.102000,2026-01-20T14:27:27.997000,buy,0.1,0.1,XAUUSD,4743.559,4744.812,4740.86,4746.899,-1.1,0,12.53,,,user
1952044971,2026-01-20T14:09:36.270000,2026-01-20T14:24:44.734000,buy,0.01,0.05,XAUUSD,4735.435,4741.8240000000005,4735.224,,-0.55,0,6.38,,,user
1952093622,2026-01-20T14:24:15.800000,2026-01-20T14:24:16.322000,buy,0.05,0.05,XAUUSD,4743.953,4742.471,4742.471,,-0.55,0,-7.41,,,sl
1952075035,2026-01-20T14:18:00.007000,2026-01-20T14:18:21.230000,buy,0.05,0.05,XAUUSD,4742.286,4742.467000000001,4741.424,,-0.55,0,0.91,,,user
1952044971,2026-01-20T14:09:36.270000,2026-01-20T14:14:59.231000,buy,0.01,0.05,XAUUSD,4735.435,4740.616,4735.224,,,0,5.18,,,user
1952044971,2026-01-20T14:09:36.270000,2026-01-20T14:14:00.629000,buy,0.01,0.05,XAUUSD,4735.435,4739.07,4735.224,,,0,3.63,,,user
1952044971,2026-01-20T14:09:36.270000,2026-01-20T14:12:54.256000,buy,0.02,0.05,XAUUSD,4735.435,4740.64,4735.224,,,0,10.41,,,user
1952049705,2026-01-20T14:10:27.685000,2026-01-20T14:11:47.157000,buy,0.05,0.05,XAUUSD,4735.91,4738.617,4733.212,,-0.55,0,13.54,,,user
1952041719,2026-01-20T14:08:32.493000,2026-01-20T14:08:58.456000,buy,0.05,0.05,XAUUSD,4733.803,4734.718,4732.406,,-0.55,0,4.57,,,user
1951995281,2026-01-20T14:00:45.228000,2026-01-20T14:07:02.249000,buy,0.01,0.01,XAUUSD,4740.234,4733.52,4733.52,,-0.11,0,-6.71,,,sl
1952031844,2026-01-20T14:06:34.919000,2026-01-20T14:06:39.393000,buy,0.1,0.1,XAUUSD,4736.713,4735.322,4735.322,,-1.1,0,-13.91,,,sl
1952023625,2026-01-20T14:05:12.094000,2026-01-20T14:05:23.230000,buy,0.1,0.1,XAUUSD,4742.685,4739.837,4739.837,,-1.1,0,-28.48,,,sl
1951980113,2026-01-20T13:57:36.847000,2026-01-20T13:57:54.848000,buy,0.1,0.1,XAUUSD,4735.211,4735.844,4733.547,,-1.1,0,6.33,,,user
1951965811,2026-01-20T13:53:39.676000,2026-01-20T13:55:01.936000,buy,0.05,0.1,XAUUSD,4729.907,4732.416,4729.573,4733.433,-1.1,0,12.54,,,user
1951965811,2026-01-20T13:53:39.676000,2026-01-20T13:54:03.771000,buy,0.05,0.1,XAUUSD,4729.907,4730.353,4729.573,4733.433,,0,2.23,,,user
1951937882,2026-01-20T13:45:32.049000,2026-01-20T13:53:18.578000,buy,0.01,0.05,XAUUSD,4728.173,4727.858,4727.858,,-0.55,0,-0.31,,,sl
1951937882,2026-01-20T13:45:32.049000,2026-01-20T13:52:44.440000,buy,0.01,0.05,XAUUSD,4728.173,4731.96,4727.858,,,0,3.79,,,user
1951937882,2026-01-20T13:45:32.049000,2026-01-20T13:50:44.087000,buy,0.03,0.05,XAUUSD,4728.173,4732.078,4727.858,,,0,11.71,,,user
1951942965,2026-01-20T13:47:21.724000,2026-01-20T13:47:30.110000,buy,0.1,0.1,XAUUSD,4728.541,4729.951,4727.535,,-1.1,0,14.1,,,user
1951897650,2026-01-20T13:35:04.601000,2026-01-20T13:44:32.805000,buy,0.01,0.03,XAUUSD,4723.267,4729.607,,4729.607,-0.33,0,6.34,,,tp
1951928164,2026-01-20T13:42:55.707000,2026-01-20T13:43:43.637000,buy,0.12,0.12,XAUUSD,4726.813,4727.154,4725.556,4730.222,-1.32,0,4.09,,,user
1951917365,2026-01-20T13:40:14.327000,2026-01-20T13:40:20.683000,buy,0.1,0.1,XAUUSD,4722.03,4722.484,4720.076,4724.742,-1.1,0,4.54,,,user
1951874819,2026-01-20T13:31:51.749000,2026-01-20T13:39:59.894000,sell,0.02,0.02,BTCUSD,90837.21,91007.22,91007.22,90467.5,-0.32,0,-3.4,,,sl
1951912884,2026-01-20T13:38:54.161000,2026-01-20T13:39:32.579000,buy,0.1,0.1,XAUUSD,4724.57,4721.400000000001,,4728.721,-1.1,0,-31.7,,,user
1951907458,2026-01-20T13:37:10.840000,2026-01-20T13:37:34.137000,buy,0.1,0.1,XAUUSD,4721.78,4721.771,,4726.632,-1.1,0,-0.09,,,user
1951897650,2026-01-20T13:35:04.601000,2026-01-20T13:36:03.845000,buy,0.02,0.03,XAUUSD,4723.267,4720.908,,4729.607,,0,-4.71,,,user
1951884240,2026-01-20T13:33:58.476000,2026-01-20T13:34:17.372000,sell,0.03,0.03,XAUUSD,4716.759,4722.661,4722.428,4709.529,-0.33,0,-17.7,,,sl
1951850552,2026-01-20T13:24:04.710000,2026-01-20T13:25:22.166000,sell,0.01,0.03,XAUUSD,4720.541,4720.819,4723.395,4716.16,-0.33,0,-0.28,,,user
1951850552,2026-01-20T13:24:04.710000,2026-01-20T13:25:03.597000,sell,0.02,0.03,XAUUSD,4720.541,4720.419,4723.395,4716.16,,0,0.24,,,user
1951834264,2026-01-20T13:21:38.017000,2026-01-20T13:22:10.644000,buy,0.02,0.02,XAUUSD,4721.756,4717.2880000000005,,,-0.22,0,-8.93,,,user
1951799198,2026-01-20T13:09:04.700000,2026-01-20T13:21:57.330000,buy,0.01,0.01,XAUUSD,4723.978,4719.858,4719.858,4753.304,-0.11,0,-4.12,,,sl
1951789159,2026-01-20T13:05:10.388000,2026-01-20T13:06:38.510000,buy,0.01,0.01,XAUUSD,4722.907,4725.657,4719.783,,-0.11,0,2.75,,,user
1951786000,2026-01-20T13:04:25.547000,2026-01-20T13:04:55.617000,buy,0.01,0.01,XAUUSD,4722.954,4724.908,4719.851,,-0.11,0,1.96,,,user
1951780302,2026-01-20T13:03:12.487000,2026-01-20T13:03:29.109000,buy,0.01,0.01,XAUUSD,4725.794,4724.359,,,-0.11,0,-1.43,,,user
1951773899,2026-01-20T13:01:02.456000,2026-01-20T13:03:07.430000,buy,0.01,0.01,XAUUSD,4725.328,4726.698,4723.796,,-0.11,0,1.37,,,user
1951750702,2026-01-20T12:45:11.956000,2026-01-20T12:59:58.628000,buy,0.01,0.02,XAUUSD,4726.218,4727.945,4724.85,,-0.22,0,1.73,,,user
1951750702,2026-01-20T12:45:11.956000,2026-01-20T12:50:08.906000,buy,0.01,0.02,XAUUSD,4726.218,4726.955,4724.85,,,0,0.74,,,user
1951735804,2026-01-20T12:37:53.964000,2026-01-20T12:46:48.103000,buy,0.01,0.01,XAUUSD,4725.768,4727.57,4724.251,4733.456,-0.11,0,1.8,,,user
1951736373,2026-01-20T12:38:26.161000,2026-01-20T12:39:59.914000,buy,0.02,0.02,XAUUSD,4725.016,4725.847,4724.165,,-0.22,0,1.66,,,user
1951714916,2026-01-20T12:28:23.765000,2026-01-20T12:29:49.516000,buy,0.01,0.01,XAUUSD,4727.591,4726.987,,,-0.11,0,-0.6,,,user
1951710785,2026-01-20T12:26:46.282000,2026-01-20T12:27:40.189000,buy,0.01,0.01,XAUUSD,4726.784,4728.232,4725.833,4729.696,-0.11,0,1.45,,,user
1951635886,2026-01-20T11:45:25.899000,2026-01-20T11:49:47.282000,buy,0.01,0.01,XAUUSD,4732.341,4732.22,4731.455,4735.397,-0.11,0,-0.12,,,user
1951627083,2026-01-20T11:41:03.436000,2026-01-20T11:41:50.911000,buy,0.01,0.01,XAUUSD,4730.073,4731.281,4727.929,,-0.11,0,1.21,,,user
1951151085,2026-01-20T08:07:25.560000,2026-01-20T08:07:53.344000,buy,0.01,0.01,XAUUSD,4719.795,4721.312,4718.968,,-0.11,0,1.51,,,user
1951147533,2026-01-20T08:05:23.484000,2026-01-20T08:05:27.956000,buy,0.02,0.02,XAUUSD,4719.151,4719.951,,,-0.22,0,1.6,,,user
1951135849,2026-01-20T08:01:47.582000,2026-01-20T08:04:43.200000,buy,0.01,0.02,XAUUSD,4716.823,4720.595,4715.969,4721.637,-0.22,0,3.78,,,user
1951135849,2026-01-20T08:01:47.582000,2026-01-20T08:02:21.743000,buy,0.01,0.02,XAUUSD,4716.823,4718.986,4715.969,4721.637,,0,2.17,,,user
1951124444,2026-01-20T07:56:42.297000,2026-01-20T07:58:05.503000,buy,0.01,0.01,XAUUSD,4717.519,4715.972,4715.972,4721.49,-0.11,0,-1.55,,,sl
1951114704,2026-01-20T07:51:38.654000,2026-01-20T07:55:40.267000,buy,0.01,0.01,XAUUSD,4718.839,4716.502,4716.045,,-0.11,0,-2.34,,,user
1950874913,2026-01-20T06:08:47.342000,2026-01-20T06:09:03.025000,buy,0.01,0.01,XAUUSD,4714.59,4713.554,4713.554,4717.494,-0.11,0,-1.04,,,sl
1950854960,2026-01-20T06:02:09.763000,2026-01-20T06:06:07.632000,buy,0.01,0.01,XAUUSD,4710.293,4714.956,4707.381,,-0.11,0,4.67,,,user
1950799437,2026-01-20T05:48:07.619000,2026-01-20T05:51:59.137000,sell,0.01,0.01,BTCUSD,91603.95,91757.41,91744.06,91272.74,-0.16,0,-1.53,,,sl
1950745654,2026-01-20T05:32:08.177000,2026-01-20T05:37:30.749000,buy,0.01,0.01,XAUUSD,4700.295,4704.885,4697.81,,-0.11,0,4.59,,,user
1950731380,2026-01-20T05:26:27.614000,2026-01-20T05:30:45.636000,buy,0.01,0.01,XAUUSD,4698.522,4694.893,4694.893,4703.894,-0.11,0,-3.63,,,sl
1950736861,2026-01-20T05:29:53.462000,2026-01-20T05:30:07.089000,buy,0.01,0.01,XAUUSD,4696.038,4696.481,,,-0.11,0,0.44,,,user
1950706118,2026-01-20T05:15:18.381000,2026-01-20T05:20:52.394000,buy,0.01,0.01,XAUUSD,4699.105,4698.616,4696.651,4703.914,-0.11,0,-0.49,,,user
1950325834,2026-01-20T02:21:04.460000,2026-01-20T02:26:21.531000,buy,0.01,0.01,XAUUSD,4667.986,4670.31,4666.95,,-0.11,0,2.32,,,user
1950300377,2026-01-20T02:05:08.755000,2026-01-20T02:12:37.876000,buy,0.01,0.01,XAUUSD,4668.952,4665.916,4665.916,4677.286,-0.11,0,-3.03,,,sl
1950290935,2026-01-20T01:59:05.103000,2026-01-20T02:02:10.039000,buy,0.01,0.01,XAUUSD,4669.861,4671.4490000000005,4666.795,4677.548,-0.11,0,1.59,,,user
1949765800,2026-01-19T16:05:59.877000,2026-01-19T16:36:42.223000,sell,0.01,0.01,XAUUSD,4672.544,4671.251,4674.535,4668.355,-0.11,0,1.29,,,user
1949790601,2026-01-19T16:25:24.074000,2026-01-19T16:32:31.902000,sell,0.01,0.01,XAUUSD,4672.135,4671.916,4673.075,4670.137,-0.11,0,0.22,,,user
1949787759,2026-01-19T16:22:30.761000,2026-01-19T16:23:00.047000,sell,0.01,0.01,XAUUSD,4671.541,4672.086,4672.086,4670.278,-0.11,0,-0.55,,,sl
1949703659,2026-01-19T15:32:11.009000,2026-01-19T15:34:04.070000,sell,0.02,0.02,BTCUSD,92879.49,93016.94,93008.62,92670.1,-0.32,0,-2.75,,,sl
1949691877,2026-01-19T15:23:13.724000,2026-01-19T15:32:44.740000,buy,0.01,0.01,XAUUSD,4665.583,4666.598,4663.907,4669.338,-0.11,0,1.02,,,user
1949564208,2026-01-19T14:18:27.758000,2026-01-19T15:03:16.724000,buy,0.01,0.01,XAUUSD,4666.557,4669.5160000000005,4663.905,4674.485,-0.11,0,2.96,,,user
1949615884,2026-01-19T14:41:24.303000,2026-01-19T14:44:13.405000,buy,0.01,0.02,XAUUSD,4665.783,4666.744,4663.883,4672.506,-0.22,0,0.96,,,user
1949615884,2026-01-19T14:41:24.303000,2026-01-19T14:43:23.014000,buy,0.01,0.02,XAUUSD,4665.783,4666.819,4663.883,4672.506,,0,1.04,,,user
1949455063,2026-01-19T13:31:01.354000,2026-01-19T14:09:21.441000,buy,0.01,0.02,BTCUSD,92917.54,92747.42,92747.42,93136.68,-0.32,0,-1.71,,,sl
1949455063,2026-01-19T13:31:01.354000,2026-01-19T13:44:33.897000,buy,0.01,0.02,BTCUSD,92917.54,93029.18000000001,92747.42,93136.68,,0,1.11,,,user
1949400125,2026-01-19T13:01:13.977000,2026-01-19T13:42:24.946000,buy,0.01,0.01,XAUUSD,4670.873,4667.877,4667.877,4689.275,-0.11,0,-2.99,,,sl
1949352831,2026-01-19T12:34:34.737000,2026-01-19T12:50:09.566000,buy,0.01,0.01,XAUUSD,4672.645,4669.91,4669.91,,-0.11,0,-2.74,,,sl
1948774117,2026-01-19T06:51:22.367000,2026-01-19T06:52:07.073000,buy,0.01,0.01,XAUUSD,4674.968,4675.536,4673.924,,-0.11,0,0.57,,,user
1948720127,2026-01-19T06:16:56.646000,2026-01-19T06:36:01.544000,buy,0.01,0.01,XAUUSD,4669.35,4674.0650000000005,4666.887,4677.668,-0.11,0,4.72,,,user
1947951042,2026-01-18T23:08:45.465000,2026-01-19T06:15:29.421000,buy,0.01,0.01,USOIL,59.055,59.047,59.047,60.122,-0.13,0,-0.08,,,sl
1948699740,2026-01-19T06:00:31.520000,2026-01-19T06:06:46.158000,buy,0.01,0.01,XAUUSD,4669.865,4667.358,4667.358,4678.967,-0.11,0,-2.51,,,sl
1948661500,2026-01-19T05:41:26.013000,2026-01-19T05:56:57.929000,buy,0.01,0.01,XAUUSD,4668.059,4671.008,4664.171,4678.206,-0.11,0,2.95,,,user
1948667373,2026-01-19T05:43:55.231000,2026-01-19T05:46:59.217000,buy,0.01,0.01,XAUUSD,4664.643,4668.495,4662.947,,-0.11,0,3.86,,,user
1948650606,2026-01-19T05:35:28.839000,2026-01-19T05:39:29.870000,buy,0.01,0.01,XAUUSD,4670.777,4668.893,4668.893,4675.836,-0.11,0,-1.89,,,sl
1948393695,2026-01-19T02:42:05.537000,2026-01-19T02:52:34.198000,buy,0.01,0.01,XAUUSD,4658.047,4660.517,4657.348,4663.441,-0.11,0,2.47,,,user
1948383762,2026-01-19T02:35:05.040000,2026-01-19T02:35:16.165000,buy,0.01,0.01,XAUUSD,4660.266,4659.416,,,-0.11,0,-0.85,,,user
1948381365,2026-01-19T02:33:27.841000,2026-01-19T02:33:56.002000,buy,0.01,0.01,XAUUSD,4661.416,4659.701,4659.94,,-0.11,0,-1.72,,,sl
1948377231,2026-01-19T02:31:02.917000,2026-01-19T02:31:38.638000,buy,0.01,0.01,XAUUSD,4660.698,4662.649,,,-0.11,0,1.95,,,user
1948375170,2026-01-19T02:30:09.842000,2026-01-19T02:30:29.698000,buy,0.01,0.01,XAUUSD,4660.85,4662.993,,,-0.11,0,2.14,,,user
1948351419,2026-01-19T02:12:51.563000,2026-01-19T02:30:04.167000,sell,0.01,0.1,XAUUSD,4659.957,4660.477,4662.604,4655.1,-1.1,0,-0.52,,,user
1948365856,2026-01-19T02:22:46.997000,2026-01-19T02:23:55.118000,sell,0.05,0.1,XAUUSD,4659.502,4657.589,4660.807,4656.74,-1.1,0,9.56,,,user
1948365856,2026-01-19T02:22:46.997000,2026-01-19T02:23:45.013000,sell,0.05,0.1,XAUUSD,4659.502,4658.185,4660.807,4656.74,,0,6.58,,,user
1948351419,2026-01-19T02:12:51.563000,2026-01-19T02:18:23.785000,sell,0.01,0.1,XAUUSD,4659.957,4661.682,4662.604,4655.1,,0,-1.72,,,user
1948351419,2026-01-19T02:12:51.563000,2026-01-19T02:16:34.358000,sell,0.01,0.1,XAUUSD,4659.957,4661.262,4662.604,4655.1,,0,-1.3,,,user
1948351419,2026-01-19T02:12:51.563000,2026-01-19T02:14:38.411000,sell,0.02,0.1,XAUUSD,4659.957,4660.869,4662.604,4655.1,,0,-1.83,,,user
1948351419,2026-01-19T02:12:51.563000,2026-01-19T02:14:03.296000,sell,0.05,0.1,XAUUSD,4659.957,4660.2210000000005,4662.604,4655.1,,0,-1.32,,,user
1948352187,2026-01-19T02:13:18.256000,2026-01-19T02:13:27.960000,sell,0.1,0.1,XAUUSD,4662.156,4660.866,4663.596,,-1.1,0,12.9,,,user
1948347801,2026-01-19T02:11:05.421000,2026-01-19T02:11:50.891000,buy,0.03,0.05,XAUUSD,4664.968,4662.513,,,-0.55,0,-7.36,,,user
1948347801,2026-01-19T02:11:05.421000,2026-01-19T02:11:44.359000,buy,0.02,0.05,XAUUSD,4664.968,4662.402,,,,0,-5.14,,,user
1948345657,2026-01-19T02:10:00.926000,2026-01-19T02:11:01.570000,sell,0.02,0.05,XAUUSD,4662.434,4664.13,4664.13,4658.334,-0.55,0,-3.39,,,sl
1948345657,2026-01-19T02:10:00.926000,2026-01-19T02:10:26.081000,sell,0.03,0.05,XAUUSD,4662.434,4663.028,4664.13,4658.334,,0,-1.78,,,user
1948331494,2026-01-19T02:04:17.020000,2026-01-19T02:05:01.611000,buy,0.05,0.05,XAUUSD,4654.916,4655.501,,,-0.55,0,2.93,,,user
1948330984,2026-01-19T02:03:56.564000,2026-01-19T02:04:01.607000,buy,0.05,0.05,XAUUSD,4654.304,4655.022,,,-0.55,0,3.59,,,user
1948329959,2026-01-19T02:03:25.029000,2026-01-19T02:03:48.775000,buy,0.03,0.03,XAUUSD,4655.354,4653.747,4653.747,4659.611,-0.33,0,-4.82,,,sl
1948322629,2026-01-19T02:01:05.438000,2026-01-19T02:02:01.087000,buy,0.01,0.01,XAUUSD,4656.008,4653.942,,,-0.11,0,-2.07,,,user
1948295390,2026-01-19T01:47:22.792000,2026-01-19T01:55:42.641000,buy,0.01,0.03,XAUUSD,4662.446,4661.914,4661.914,4671.024,-0.33,0,-0.54,,,sl
1948295390,2026-01-19T01:47:22.792000,2026-01-19T01:54:37.935000,buy,0.01,0.03,XAUUSD,4662.446,4662.483,4661.914,4671.024,,0,0.03,,,user
1948295390,2026-01-19T01:47:22.792000,2026-01-19T01:50:07.616000,buy,0.01,0.03,XAUUSD,4662.446,4664.229,4661.914,4671.024,,0,1.78,,,user
1948280132,2026-01-19T01:39:35.041000,2026-01-19T01:42:01.497000,buy,0.01,0.03,XAUUSD,4658.03,4657.348,4657.348,4672.817,-0.33,0,-0.68,,,sl
1948280132,2026-01-19T01:39:35.041000,2026-01-19T01:40:17.624000,buy,0.01,0.03,XAUUSD,4658.03,4660.64,4657.348,4672.817,,0,2.61,,,user
1948280132,2026-01-19T01:39:35.041000,2026-01-19T01:39:47.727000,buy,0.01,0.03,XAUUSD,4658.03,4657.076,4657.348,4672.817,,0,-0.95,,,user
1948276610,2026-01-19T01:38:04.177000,2026-01-19T01:39:09.929000,buy,0.01,0.01,XAUUSD,4660.857,4656.591,,,-0.11,0,-4.27,,,user
1948252203,2026-01-19T01:26:02.564000,2026-01-19T01:39:06.441000,buy,0.01,0.01,XAUUSD,4659.248,4656.935,4656.935,4673.472,-0.11,0,-2.31,,,sl
1948149440,2026-01-19T00:40:27.091000,2026-01-19T00:40:43.317000,buy,0.01,0.01,XAUUSD,4677.72,4678.59,4677.373,4689.691,-0.11,0,0.87,,,user
1948148235,2026-01-19T00:39:35.526000,2026-01-19T00:39:39.655000,buy,0.01,0.01,XAUUSD,4679.309,4679.101,4677.231,4689.889,-0.11,0,-0.21,,,user
1948139379,2026-01-19T00:34:27.529000,2026-01-19T00:35:03.187000,buy,0.01,0.01,XAUUSD,4677.617,4677.601,4675.866,4688.956,-0.11,0,-0.02,,,user
1948128128,2026-01-19T00:25:52.721000,2026-01-19T00:30:02.692000,buy,0.01,0.01,XAUUSD,4676.999,4674.305,4673.841,,-0.11,0,-2.69,,,user
1948034279,2026-01-18T23:41:19.390000,2026-01-19T00:23:28.380000,buy,0.01,0.01,XAUUSD,4668.828,4677.557,4659.609,4693.322,-0.11,0,8.73,,,user
1948099190,2026-01-19T00:13:55.815000,2026-01-19T00:14:35.681000,buy,0.01,0.01,XAUUSD,4666.738,4665.213,4664.772,,-0.11,0,-1.53,,,user
1948021169,2026-01-18T23:36:42.511000,2026-01-18T23:37:50.755000,sell,0.01,0.01,XAGUSD,93.488,93.414,93.729,92.794,-1,0,3.7,,,user
1948014873,2026-01-18T23:34:09.658000,2026-01-18T23:34:12.216000,buy,0.01,0.01,XAGUSD,93.623,93.506,93.506,94.333,-1,0,-5.85,,,sl
1947994935,2026-01-18T23:27:02.508000,2026-01-18T23:30:50.935000,buy,0.01,0.01,XAGUSD,93.228,93.492,93.198,93.76,-1,0,13.2,,,user
1947979381,2026-01-18T23:20:04.246000,2026-01-18T23:20:55.354000,buy,0.01,0.01,XAUUSD,4662.7,4666.439,4654.781,,-0.11,0,3.74,,,user
1947970410,2026-01-18T23:16:02.927000,2026-01-18T23:18:14.196000,buy,0.01,0.01,XAUUSD,4662.346,4661.146,4661.146,,-0.11,0,-1.2,,,sl
1947690135,2026-01-16T23:36:09.303000,2026-01-17T01:40:24.616000,buy,0.01,0.01,BTCUSD,95467.98,95369.99,95369.99,,-0.16,0,-0.98,,,sl
1947669059,2026-01-16T21:04:09.077000,2026-01-16T21:13:02.381000,buy,0.01,0.01,XAUUSD,4582.808,4584.719,4581.952,4592.911,-0.11,0,1.91,,,user
1947665344,2026-01-16T20:55:27.782000,2026-01-16T20:56:10.148000,buy,0.01,0.01,XAUUSD,4588.466,4586.46,4586.46,,-0.11,0,-2.01,,,sl
1947663873,2026-01-16T20:52:30.929000,2026-01-16T20:53:23.595000,buy,0.01,0.01,XAUUSD,4586.89,4587.543,4585.878,,-0.11,0,0.65,,,user
1947661560,2026-01-16T20:45:41.178000,2026-01-16T20:46:33.517000,sell,0.01,0.01,XAUUSD,4584.899,4584.738,4587.246,4582.594,-0.11,0,0.16,,,user
1947659529,2026-01-16T20:40:18.343000,2026-01-16T20:41:22.783000,buy,0.01,0.01,XAUUSD,4585.945,4586.415,4585.016,4586.814,-0.11,0,0.47,,,user
1947657772,2026-01-16T20:36:30.675000,2026-01-16T20:36:53.507000,sell,0.01,0.01,XAUUSD,4585.364,4585.1810000000005,,,-0.11,0,0.18,,,user
1947649707,2026-01-16T20:20:38.960000,2026-01-16T20:30:19.158000,sell,0.01,0.01,XAUUSD,4588.964,4585.918,4591.082,4584.116,-0.11,0,3.04,,,user
1947643892,2026-01-16T20:08:48.615000,2026-01-16T20:12:35.409000,sell,0.01,0.01,XAUUSD,4594.554,4592.624,4596.036,4592.624,-0.11,0,1.93,,,tp
1947637696,2026-01-16T19:57:02.798000,2026-01-16T19:59:14.646000,buy,0.01,0.01,XAUUSD,4591.55,4590.51,4590.51,,-0.11,0,-1.04,,,sl
1947637308,2026-01-16T19:56:08.845000,2026-01-16T19:56:17.432000,buy,0.01,0.01,XAUUSD,4591.302,4591.861,,,-0.11,0,0.56,,,user
1947633439,2026-01-16T19:46:18.024000,2026-01-16T19:48:24.552000,buy,0.01,0.01,XAUUSD,4589.827,4590.311,4588.371,4591.684,-0.11,0,0.48,,,user
1947633039,2026-01-16T19:45:07.384000,2026-01-16T19:45:48.468000,buy,0.01,0.01,XAUUSD,4589.636,4590.435,4588.382,4591.704,-0.11,0,0.8,,,user
1947541851,2026-01-16T17:51:17.007000,2026-01-16T18:03:36.379000,sell,0.01,0.01,XAUUSD,4583.001,4585.186,4585.186,4577.546,-0.11,0,-2.19,,,sl
1947530232,2026-01-16T17:41:36.233000,2026-01-16T17:45:06.135000,sell,0.01,0.01,XAUUSD,4583.138,4580.909,4585.267,4578.833,-0.11,0,2.23,,,user
1947520164,2026-01-16T17:33:01.467000,2026-01-16T17:38:33.181000,sell,0.01,0.01,XAUUSD,4583.827,4586.502,4586.502,4573.551,-0.11,0,-2.67,,,sl
1947516553,2026-01-16T17:30:47.221000,2026-01-16T17:32:26.034000,sell,0.01,0.01,XAUUSD,4581.418,4584.399,4584.399,4572.245,-0.11,0,-2.98,,,sl
1947514865,2026-01-16T17:30:05.405000,2026-01-16T17:30:19.369000,sell,0.01,0.01,XAUUSD,4578.589,4578.066,,,-0.11,0,0.52,,,user
1947446958,2026-01-16T16:52:05.731000,2026-01-16T16:58:16.838000,sell,0.01,0.01,XAUUSD,4588.396,4589.645,4589.645,4576.488,-0.11,0,-1.25,,,sl
1947455581,2026-01-16T16:55:52.562000,2026-01-16T16:58:06.522000,sell,0.01,0.01,XAUUSD,4587.209,4588.669,4589.595,,-0.11,0,-1.46,,,user
1947422515,2026-01-16T16:41:03.177000,2026-01-16T16:48:54.356000,buy,0.01,0.01,XAUUSD,4596.438,4589.496,4589.496,,-0.11,0,-6.94,,,sl
1947435369,2026-01-16T16:48:08.970000,2026-01-16T16:48:44.651000,buy,0.01,0.01,XAUUSD,4593.072,4590.004,4590.004,,-0.11,0,-3.07,,,sl
1947408944,2026-01-16T16:35:01.986000,2026-01-16T16:35:42.871000,buy,0.01,0.01,XAUUSD,4590.693,4593.7210000000005,4588.103,4594.32,-0.11,0,3.03,,,user
1947404488,2026-01-16T16:32:49.666000,2026-01-16T16:33:33.850000,buy,0.01,0.01,XAUUSD,4590.611,4589.59,4588.884,4608.624,-0.11,0,-1.02,,,user
1947402240,2026-01-16T16:31:48.958000,2026-01-16T16:32:02.368000,buy,0.02,0.02,XAUUSD,4591.974,4594.136,4589.785,4608.925,-0.22,0,4.32,,,user
1947395697,2026-01-16T16:28:41.611000,2026-01-16T16:29:26.701000,buy,0.01,0.01,XAUUSD,4594.623,4591.575,4591.575,4610.988,-0.11,0,-3.04,,,sl
1947396287,2026-01-16T16:29:02.633000,2026-01-16T16:29:26.670000,buy,0.01,0.01,XAUUSD,4593.721,4591.575,4591.575,4610.233,-0.11,0,-2.14,,,sl
1947393820,2026-01-16T16:28:01.353000,2026-01-16T16:28:06.934000,buy,0.02,0.02,XAUUSD,4594.495,4595.072,,4610.913,-0.22,0,1.15,,,user
1947391987,2026-01-16T16:27:28.052000,2026-01-16T16:27:51.229000,buy,0.02,0.02,XAUUSD,4592.299,4593.3,,4606.67,-0.22,0,2,,,user
1947391573,2026-01-16T16:27:11.159000,2026-01-16T16:27:18.285000,buy,0.02,0.02,XAUUSD,4593.168,4592.656,,4606.051,-0.22,0,-1.03,,,user
1947388726,2026-01-16T16:25:37.701000,2026-01-16T16:26:39.505000,buy,0.01,0.01,XAUUSD,4592.312,4589.995,4590.585,4607.119,-0.11,0,-2.31,,,sl
1947374940,2026-01-16T16:20:25.942000,2026-01-16T16:23:04.358000,buy,0.01,0.01,XAUUSD,4591.327,4593.188,4584.343,4607.888,-0.11,0,1.86,,,user
1947376357,2026-01-16T16:20:50.673000,2026-01-16T16:21:03.764000,buy,0.01,0.01,XAUUSD,4587.278,4590.063,4578.627,4601.187,-0.11,0,2.78,,,user
1947335763,2026-01-16T16:08:43.072000,2026-01-16T16:16:46.384000,buy,0.01,0.01,XAUUSD,4587.699,4585.856,4585.856,4607.582,-0.11,0,-1.84,,,sl
1947324073,2026-01-16T16:06:46.188000,2026-01-16T16:06:52.838000,buy,0.01,0.01,XAUUSD,4580.545,4585.183,,4596.176,-0.11,0,4.63,,,user
1947318544,2026-01-16T16:04:56.144000,2026-01-16T16:05:04.352000,sell,0.01,0.01,XAUUSD,4577.822,4580.43,4580.071,4562.613,-0.11,0,-2.61,,,sl
1947308468,2026-01-16T16:02:09.975000,2026-01-16T16:02:36.415000,buy,0.01,0.01,XAUUSD,4573.843,4570.749,4570.749,4589.169,-0.11,0,-3.09,,,sl
1947289449,2026-01-16T15:56:14.999000,2026-01-16T15:57:02.707000,buy,0.01,0.01,XAUUSD,4572.483,4569.998,4569.998,4580.632,-0.11,0,-2.48,,,sl
1947286574,2026-01-16T15:55:34.219000,2026-01-16T15:55:57.869000,buy,0.01,0.01,XAUUSD,4572.291,4573.155,4569.858,4588.285,-0.11,0,0.87,,,user
1947262651,2026-01-16T15:49:10.058000,2026-01-16T15:49:25.744000,buy,0.01,0.01,XAUUSD,4568.166,4566.515,4566.809,4585.081,-0.11,0,-1.65,,,sl
1947251031,2026-01-16T15:46:37.157000,2026-01-16T15:47:53.723000,buy,0.01,0.01,XAUUSD,4564.28,4567.028,4560.186,4580.636,-0.11,0,2.75,,,user
1947241110,2026-01-16T15:44:48.057000,2026-01-16T15:45:13.171000,buy,0.01,0.01,XAUUSD,4555.347,4560.585,4552.451,4572.906,-0.11,0,5.24,,,user
1947219849,2026-01-16T15:39:25.157000,2026-01-16T15:39:47.023000,sell,0.01,0.01,XAUUSD,4551.387,4549.18,4555.982,4533.223,-0.11,0,2.21,,,user
1947193625,2026-01-16T15:34:52.467000,2026-01-16T15:35:02.521000,sell,0.01,0.01,XAUUSD,4545.287,4540.856,4557.145,4529.632,-0.11,0,4.43,,,user
1947107607,2026-01-16T15:23:42.800000,2026-01-16T15:24:02.509000,sell,0.01,0.01,XAUUSD,4598.371,4592.613,4602.767,4592.613,-0.11,0,5.76,,,tp
1947081388,2026-01-16T15:19:11.708000,2026-01-16T15:19:53.233000,sell,0.1,0.1,XAUUSD,4614.04,4607.799,4617.899,4607.799,-1.1,0,62.41,,,tp
1947030377,2026-01-16T15:03:13.565000,2026-01-16T15:18:35.835000,buy,0.01,0.01,XAUUSD,4613.106,4612.2,4612.2,4625.958,-0.11,0,-0.91,,,sl
1947073658,2026-01-16T15:17:16.647000,2026-01-16T15:18:34.624000,buy,0.05,0.1,XAUUSD,4617.02,4614.418,4614.687,4623.589,-1.1,0,-13.01,,,sl
1947073658,2026-01-16T15:17:16.647000,2026-01-16T15:17:42.866000,buy,0.05,0.1,XAUUSD,4617.02,4616.3,4614.687,4623.589,,0,-3.6,,,user
1947067169,2026-01-16T15:14:02.658000,2026-01-16T15:16:07.498000,buy,0.05,0.05,XAUUSD,4616.483,4614.799,4614.799,4618.287,-0.55,0,-8.42,,,sl
1947064897,2026-01-16T15:13:11.144000,2026-01-16T15:13:19.685000,buy,0.05,0.05,XAUUSD,4618.05,4616.901,4614.817,4626.801,-0.55,0,-5.74,,,user
1947061832,2026-01-16T15:12:16.769000,2026-01-16T15:12:51.731000,buy,0.05,0.05,XAUUSD,4617.117,4617.223,4614.799,4626.782,-0.55,0,0.53,,,user
1947060461,2026-01-16T15:11:33.738000,2026-01-16T15:11:38.399000,buy,0.05,0.05,XAUUSD,4616.958,4617.237,4614.799,4626.178,-0.55,0,1.4,,,user
1947056723,2026-01-16T15:09:58.131000,2026-01-16T15:10:56.803000,buy,0.05,0.05,XAUUSD,4616.906,4616.3330000000005,4614.819,4620.659,-0.55,0,-2.86,,,user
1947054083,2026-01-16T15:09:10.337000,2026-01-16T15:09:37.284000,buy,0.05,0.05,XAUUSD,4617.002,4616.633,4614.729,4626.371,-0.55,0,-1.84,,,user
1947027021,2026-01-16T15:02:26.591000,2026-01-16T15:02:34.706000,buy,0.05,0.05,XAUUSD,4610.581,4611.935,4608.785,4617.903,-0.55,0,6.77,,,user
1946464561,2026-01-16T11:31:35.876000,2026-01-16T15:01:55.126000,buy,0.01,0.01,USOIL,59.795,59.369,59.369,62.257,-0.13,0,-4.26,,,sl
1947023486,2026-01-16T15:01:09.379000,2026-01-16T15:01:19.366000,buy,0.05,0.05,XAUUSD,4610.601,4611.647,4608.964,4616.978,-0.55,0,5.23,,,user
1946965745,2026-01-16T14:40:53.043000,2026-01-16T14:59:30.164000,buy,0.01,0.05,XAUUSD,4608.122,4609.041,4607.148,,-0.55,0,0.92,,,user
1946995264,2026-01-16T14:51:00.224000,2026-01-16T14:51:26.360000,buy,0.01,0.01,XAUUSD,4611.843,4612.845,4609.318,,-0.11,0,1.01,,,user
1946965745,2026-01-16T14:40:53.043000,2026-01-16T14:50:04.666000,buy,0.01,0.05,XAUUSD,4608.122,4614.152,4607.148,,,0,6.03,,,user
1946988086,2026-01-16T14:48:23.180000,2026-01-16T14:48:38.753000,buy,0.03,0.03,XAUUSD,4612.563,4612.951,,,-0.33,0,1.16,,,user
1946965745,2026-01-16T14:40:53.043000,2026-01-16T14:46:16.695000,buy,0.01,0.05,XAUUSD,4608.122,4608.808,4607.148,,,0,0.69,,,user
1946965745,2026-01-16T14:40:53.043000,2026-01-16T14:46:07.152000,buy,0.01,0.05,XAUUSD,4608.122,4608.222,4607.148,,,0,0.1,,,user
1946965745,2026-01-16T14:40:53.043000,2026-01-16T14:45:27.063000,buy,0.01,0.05,XAUUSD,4608.122,4609.8330000000005,4607.148,,,0,1.71,,,user
1946944314,2026-01-16T14:35:14.365000,2026-01-16T14:39:56.610000,buy,0.01,0.05,XAUUSD,4607.929,4604.707,4604.707,,-0.55,0,-3.22,,,sl
1946944314,2026-01-16T14:35:14.365000,2026-01-16T14:38:55.481000,buy,0.01,0.05,XAUUSD,4607.929,4607,4604.707,,,0,-0.93,,,user
1946944314,2026-01-16T14:35:14.365000,2026-01-16T14:37:12.811000,buy,0.01,0.05,XAUUSD,4607.929,4610.004,4604.707,,,0,2.07,,,user
1946944314,2026-01-16T14:35:14.365000,2026-01-16T14:36:48.290000,buy,0.01,0.05,XAUUSD,4607.929,4610.433,4604.707,,,0,2.5,,,user
1946944314,2026-01-16T14:35:14.365000,2026-01-16T14:36:39.754000,buy,0.01,0.05,XAUUSD,4607.929,4610.121,4604.707,,,0,2.19,,,user
1946929123,2026-01-16T14:31:31.897000,2026-01-16T14:32:00.094000,sell,0.01,0.01,XAUUSD,4597.542,4601.243,4601.243,4593.441,-0.11,0,-3.7,,,sl
1946912346,2026-01-16T14:26:58.365000,2026-01-16T14:27:04.859000,buy,0.01,0.01,XAUUSD,4605.444,4604.23,4604.23,4609.41,-0.11,0,-1.21,,,sl
1946905874,2026-01-16T14:24:37.114000,2026-01-16T14:24:58.772000,buy,0.01,0.01,XAUUSD,4602.688,4602.01,4602.01,4606.725,-0.11,0,-0.68,,,sl
1946903847,2026-01-16T14:23:40.723000,2026-01-16T14:24:50.515000,buy,0.01,0.01,XAUUSD,4603.619,4602.243,4602.243,4607.42,-0.11,0,-1.38,,,sl
1946898831,2026-01-16T14:21:07.463000,2026-01-16T14:24:50.424000,buy,0.01,0.01,XAUUSD,4605.191,4602.243,4602.243,4613.667,-0.11,0,-2.95,,,sl
1946799368,2026-01-16T13:42:18.635000,2026-01-16T14:14:35.385000,buy,0.01,0.01,XAUUSD,4595.449,4607.398,4602.328,4617.068,-0.11,0,11.95,,,user
1946870327,2026-01-16T14:08:18.712000,2026-01-16T14:10:01.171000,buy,0.01,0.01,XAUUSD,4604.519,4603.496,4603.496,4610.631,-0.11,0,-1.02,,,sl
1946855046,2026-01-16T14:03:31.139000,2026-01-16T14:04:45.951000,buy,0.01,0.01,XAUUSD,4599.355,4602.175,4597.769,4624.32,-0.11,0,2.82,,,user
1946804134,2026-01-16T13:44:17.135000,2026-01-16T13:57:26.896000,buy,0.01,0.01,XAUUSD,4598.694,4600.887,4594.904,4610.055,-0.11,0,2.2,,,user
1946818413,2026-01-16T13:48:16.279000,2026-01-16T13:50:03.581000,buy,0.01,0.01,XAUUSD,4599.911,4601.417,4594.267,4625.207,-0.11,0,1.51,,,user
1946792298,2026-01-16T13:40:33.026000,2026-01-16T13:41:18.447000,sell,0.01,0.02,XAUUSD,4592.623,4596.418,4596.418,4578.776,-0.22,0,-3.8,,,sl
1946792298,2026-01-16T13:40:33.026000,2026-01-16T13:41:17.551000,sell,0.01,0.02,XAUUSD,4592.623,4596.062,4596.418,4578.776,,0,-3.44,,,user
1946673346,2026-01-16T13:10:15.368000,2026-01-16T13:39:36.992000,buy,0.01,0.01,BTCUSD,95406.66,95324.77,95324.77,95863.99,-0.16,0,-0.82,,,sl
1946779426,2026-01-16T13:36:44.232000,2026-01-16T13:39:01.355000,buy,0.01,0.01,XAUUSD,4597.72,4593.692,4593.692,4607.447,-0.11,0,-4.03,,,sl
1946772443,2026-01-16T13:35:14.145000,2026-01-16T13:35:40.956000,sell,0.02,0.02,XAUUSD,4594.781,4598.02,4598.02,4580.433,-0.22,0,-6.48,,,sl
1946768380,2026-01-16T13:34:05.490000,2026-01-16T13:35:00.302000,buy,0.01,0.01,XAUUSD,4595.805,4595.061,4591.482,4606.419,-0.11,0,-0.75,,,user
1946734855,2026-01-16T13:24:49.169000,2026-01-16T13:33:11.353000,sell,0.01,0.01,XAUUSD,4591.193,4594.587,4594.209,4578.658,-0.11,0,-3.4,,,sl
1946682460,2026-01-16T13:13:11.183000,2026-01-16T13:16:45.604000,sell,0.01,0.01,XAUUSD,4596.477,4590.034,4599.179,4590.619,-0.11,0,6.45,,,tp
1946685993,2026-01-16T13:14:40.250000,2026-01-16T13:15:46.751000,sell,0.01,0.01,XAUUSD,4597.512,4596.186,4599.059,4590.596,-0.11,0,1.32,,,user
1946660317,2026-01-16T13:06:15.984000,2026-01-16T13:09:54.116000,buy,0.01,0.02,XAUUSD,4599.785,4597.879,4597.879,4609.057,-0.22,0,-1.91,,,sl
1946665635,2026-01-16T13:08:12.844000,2026-01-16T13:08:48.673000,buy,0.01,0.01,XAUUSD,4601.497,4599.467,4599.88,4611.209,-0.11,0,-2.03,,,sl
1946660317,2026-01-16T13:06:15.984000,2026-01-16T13:07:27.379000,buy,0.01,0.02,XAUUSD,4599.785,4602.773,4597.879,4609.057,,0,2.98,,,user
1946628665,2026-01-16T12:56:44.386000,2026-01-16T13:04:57.861000,buy,0.01,0.01,XAUUSD,4602.677,4598.407,4598.407,4612.737,-0.11,0,-4.27,,,sl
1946604371,2026-01-16T12:50:49.332000,2026-01-16T12:53:06.502000,buy,0.01,0.01,XAUUSD,4604.492,4598.2080000000005,,4614.443,-0.11,0,-6.28,,,user
1946491255,2026-01-16T11:47:42.110000,2026-01-16T12:49:44.936000,buy,0.04,0.04,BTCUSD,95392.98,95378.12,95378.12,103255.67,-0.64,0,-0.6,,,sl
1946563551,2026-01-16T12:29:15.502000,2026-01-16T12:30:38.388000,buy,0.01,0.01,XAUUSD,4606.709,4604.2970000000005,4604.78,4616.878,-0.11,0,-2.41,,,sl
1946556128,2026-01-16T12:25:51.589000,2026-01-16T12:26:47.792000,buy,0.01,0.01,XAUUSD,4605.89,4607.334,4604.848,4615.906,-0.11,0,1.44,,,user
1946518840,2026-01-16T12:06:50.361000,2026-01-16T12:24:09.227000,buy,0.01,0.01,XAUUSD,4611.021,4606.304,4606.304,,-0.11,0,-4.72,,,sl
1946516548,2026-01-16T12:05:50.022000,2026-01-16T12:06:02.155000,buy,0.02,0.02,XAUUSD,4611.12,4609.656,4609.656,4616.241,-0.22,0,-2.93,,,sl
1946494430,2026-01-16T11:49:15.677000,2026-01-16T12:00:20.738000,buy,0.01,0.01,XAUUSD,4613.79,4611.799,4611.799,4621.824,-0.11,0,-1.99,,,sl
1946476796,2026-01-16T11:38:19.500000,2026-01-16T11:44:43.044000,buy,0.04,0.04,BTCUSD,95361.16,95286.63,95286.63,95559.69,-0.64,0,-2.98,,,sl
1946473151,2026-01-16T11:36:06.759000,2026-01-16T11:37:10.753000,buy,0.01,0.01,XAUUSD,4613.375,4612.701,4611.784,4618.779,-0.11,0,-0.68,,,user
1946439371,2026-01-16T11:15:16.655000,2026-01-16T11:25:30.002000,buy,0.01,0.01,XAUUSD,4607.173,4609.959,4604.722,4611.605,-0.11,0,2.79,,,user
1946290098,2026-01-16T09:33:22.501000,2026-01-16T09:38:40.284000,sell,0.01,0.01,XAUUSD,4599.671,4600.627,4601.047,4596.56,-0.11,0,-0.96,,,user
1946265591,2026-01-16T09:18:33.552000,2026-01-16T09:24:01.182000,buy,0.01,0.01,XAUUSD,4603.694,4602.029,4602.3,4607.516,-0.11,0,-1.66,,,sl
1946254265,2026-01-16T09:09:46.992000,2026-01-16T09:15:59.155000,sell,0.01,0.01,XAUUSD,4606.17,4603.301,4606.46,4603.165,-0.11,0,2.87,,,user
1946246011,2026-01-16T09:04:26.391000,2026-01-16T09:05:24.882000,buy,0.01,0.01,XAUUSD,4604.161,4605.298,4603.026,4606.693,-0.11,0,1.14,,,user
1946244411,2026-01-16T09:03:11.122000,2026-01-16T09:03:52.646000,buy,0.01,0.01,XAUUSD,4603.242,4604.405,4603.255,4605.344,-0.11,0,1.17,,,user
1946237310,2026-01-16T08:57:21.982000,2026-01-16T08:59:59.753000,sell,0.01,0.03,XAUUSD,4604.455,4603.265,4604.89,4599.114,-0.33,0,1.19,,,user
1946237310,2026-01-16T08:57:21.982000,2026-01-16T08:59:40.602000,sell,0.01,0.03,XAUUSD,4604.455,4602.868,4604.89,4599.114,,0,1.59,,,user
1946237310,2026-01-16T08:57:21.982000,2026-01-16T08:59:19.687000,sell,0.01,0.03,XAUUSD,4604.455,4603.24,4604.89,4599.114,,0,1.22,,,user
1946235378,2026-01-16T08:56:07.613000,2026-01-16T08:56:27.925000,buy,0.02,0.02,XAUUSD,4605.529,4604.549,,,-0.22,0,-1.96,,,user
1946234578,2026-01-16T08:55:35.256000,2026-01-16T08:55:54.676000,buy,0.01,0.01,XAUUSD,4606.912,4605.089,4605.089,4610.553,-0.11,0,-1.82,,,sl
1946223766,2026-01-16T08:48:20.392000,2026-01-16T08:48:55.953000,sell,0.03,0.03,XAUUSD,4602.545,4603.256,4603.256,4598.89,-0.33,0,-2.13,,,sl
1946222066,2026-01-16T08:47:03.177000,2026-01-16T08:47:30.284000,buy,0.02,0.02,XAUUSD,4602.353,4601.874,4601.874,4603.19,-0.22,0,-0.96,,,sl
1946219777,2026-01-16T08:45:22.753000,2026-01-16T08:45:50.019000,buy,0.02,0.02,XAUUSD,4602.399,4602.456,4601.902,4603.513,-0.22,0,0.11,,,user
1946214721,2026-01-16T08:42:57.169000,2026-01-16T08:43:36.187000,buy,0.02,0.02,XAUUSD,4605.051,4603.866,4603.866,4608.628,-0.22,0,-2.37,,,sl
1946208725,2026-01-16T08:38:20.638000,2026-01-16T08:40:35.031000,buy,0.01,0.02,XAUUSD,4604.357,4603.887,4603.887,4609.127,-0.22,0,-0.47,,,sl
1946208725,2026-01-16T08:38:20.638000,2026-01-16T08:39:20.629000,buy,0.01,0.02,XAUUSD,4604.357,4605.054,4603.887,4609.127,,0,0.69,,,user
1946206501,2026-01-16T08:37:33.668000,2026-01-16T08:37:40.774000,buy,0.02,0.02,XAUUSD,4604.529,4603.967,4603.967,,-0.22,0,-1.13,,,sl
1946202176,2026-01-16T08:35:04.158000,2026-01-16T08:36:59.820000,buy,0.01,0.01,XAUUSD,4606.181,4604.735,4604.735,4608.639,-0.11,0,-1.44,,,sl
1946204664,2026-01-16T08:36:45.559000,2026-01-16T08:36:59.269000,buy,0.01,0.01,XAUUSD,4605.423,4604.934,4604.934,,-0.11,0,-0.49,,,sl
1946200177,2026-01-16T08:33:56.046000,2026-01-16T08:34:22.157000,buy,0.01,0.01,XAUUSD,4607.592,4606.727,4607.245,,-0.11,0,-0.86,,,sl
1946198135,2026-01-16T08:32:06.974000,2026-01-16T08:32:49.561000,buy,0.01,0.01,XAUUSD,4608.396,4607.992,4607.992,,-0.11,0,-0.41,,,sl
1946192245,2026-01-16T08:28:02.468000,2026-01-16T08:28:59.213000,buy,0.01,0.01,XAUUSD,4608.844,4609.397,4607.98,,-0.11,0,0.56,,,user
1946190966,2026-01-16T08:27:10.875000,2026-01-16T08:27:54.163000,buy,0.01,0.01,XAUUSD,4609.007,4609.3240000000005,4607.948,,-0.11,0,0.31,,,user
1946184502,2026-01-16T08:23:50.664000,2026-01-16T08:24:23.784000,buy,0.01,0.01,XAUUSD,4607.902,4608.564,4607.135,,-0.11,0,0.66,,,user
1946180326,2026-01-16T08:20:07.079000,2026-01-16T08:21:46.569000,buy,0.01,0.01,XAUUSD,4607.098,4606.728,4606.728,,-0.11,0,-0.37,,,sl
1946175241,2026-01-16T08:15:25.336000,2026-01-16T08:16:15.869000,sell,0.01,0.01,XAUUSD,4605.036,4606.546,4606.546,4602.316,-0.11,0,-1.51,,,sl
1946173061,2026-01-16T08:13:50.803000,2026-01-16T08:14:06.025000,buy,0.01,0.01,XAUUSD,4606.63,4605.943,4605.943,4608.797,-0.11,0,-0.69,,,sl
1946171914,2026-01-16T08:12:44.059000,2026-01-16T08:13:14.466000,buy,0.01,0.01,XAUUSD,4607.487,4606.377,4606.625,,-0.11,0,-1.11,,,sl
1946167818,2026-01-16T08:09:58.945000,2026-01-16T08:12:20.372000,buy,0.01,0.01,XAUUSD,4605.661,4606.743,4605.949,4608.78,-0.11,0,1.08,,,user
1946162828,2026-01-16T08:05:41.633000,2026-01-16T08:08:30.818000,buy,0.01,0.01,XAUUSD,4608.083,4606.706,4606.941,4610.904,-0.11,0,-1.37,,,sl
1946161337,2026-01-16T08:04:07.534000,2026-01-16T08:05:14.617000,buy,0.01,0.01,XAUUSD,4608.531,4607.956,4607.956,,-0.11,0,-0.57,,,sl
1946158222,2026-01-16T08:02:02.877000,2026-01-16T08:02:20.594000,buy,0.01,0.01,XAUUSD,4609.171,4607.933,4607.933,,-0.11,0,-1.24,,,sl
1946145942,2026-01-16T07:53:04.223000,2026-01-16T08:00:00.214000,buy,0.01,0.01,XAUUSD,4607.7,4606.946,4606.946,4613.166,-0.11,0,-0.75,,,sl
1946142775,2026-01-16T07:50:36.925000,2026-01-16T07:52:48.137000,buy,0.01,0.01,XAUUSD,4608.091,4606.809,4606.809,,-0.11,0,-1.28,,,sl
1946090447,2026-01-16T07:24:35.279000,2026-01-16T07:41:29.070000,buy,0.01,0.01,XAUUSD,4606.092,4605.203,4605.672,4618.082,-0.11,0,-0.89,,,sl
1946083141,2026-01-16T07:22:43.822000,2026-01-16T07:23:31.133000,buy,0.01,0.01,XAUUSD,4606.573,4605.055,4605.055,4617.665,-0.11,0,-1.51,,,sl
1945754313,2026-01-16T04:30:12.581000,2026-01-16T04:30:15.745000,buy,0.01,0.01,XAUUSD,4598.597,4597.952,4598.253,,-0.11,0,-0.65,,,sl
1945551320,2026-01-16T01:52:37.071000,2026-01-16T01:52:39.530000,buy,0.01,0.01,XAUUSD,4602.291,4601.914,4601.914,,-0.11,0,-0.38,,,sl
1945539858,2026-01-16T01:44:41.893000,2026-01-16T01:45:01.454000,buy,0.01,0.01,XAUUSD,4606.439,4605.27,,,-0.11,0,-1.17,,,user
1945536555,2026-01-16T01:43:02.421000,2026-01-16T01:43:07.874000,buy,0.01,0.01,XAUUSD,4606.132,4607.696,4605.454,,-0.11,0,1.57,,,user
1945535641,2026-01-16T01:42:11.419000,2026-01-16T01:42:15.497000,buy,0.01,0.01,XAUUSD,4606.309,4605.704,4605.704,,-0.11,0,-0.61,,,sl
1945533759,2026-01-16T01:41:16.918000,2026-01-16T01:41:44.664000,buy,0.01,0.01,XAUUSD,4605.77,4608.022,4604.966,,-0.11,0,2.25,,,user
1945516245,2026-01-16T01:28:56.691000,2026-01-16T01:31:54.544000,buy,0.01,0.01,XAUUSD,4605.751,4604.92,4604.92,4609.657,-0.11,0,-0.83,,,sl
1945505518,2026-01-16T01:19:50.729000,2026-01-16T01:26:07.066000,buy,0.01,0.01,XAUUSD,4602.611,4606.743,4601.716,4610.341,-0.11,0,4.13,,,user
1945481743,2026-01-16T01:05:38.246000,2026-01-16T01:08:00.913000,sell,0.01,0.01,XAUUSD,4597.877,4600.116,4600.116,,-0.11,0,-2.24,,,sl
1945456003,2026-01-16T00:51:10.160000,2026-01-16T00:56:10.316000,sell,0.01,0.01,XAUUSD,4600.209,4602.071,4602.071,4591.076,-0.11,0,-1.86,,,sl
1945450552,2026-01-16T00:47:10.539000,2026-01-16T00:50:02.641000,buy,0.01,0.01,XAUUSD,4600.702,4599.884,4599.884,,-0.11,0,-0.82,,,sl
1945423900,2026-01-16T00:22:27.866000,2026-01-16T00:24:24.746000,buy,0.01,0.01,XAUUSD,4608.365,4607.848,4607.848,4614.957,-0.11,0,-0.52,,,sl
1945401428,2026-01-16T00:00:08.142000,2026-01-16T00:02:21.152000,buy,0.01,0.01,XAUUSD,4609.976,4607.835,4607.835,4614.815,-0.11,0,-2.14,,,sl
1945376198,2026-01-15T23:26:10.289000,2026-01-15T23:37:28.819000,sell,0.01,0.01,XAUUSD,4613.009,4610.955,4610.955,4605.449,-0.11,0,2.05,,,sl
1945361067,2026-01-15T23:02:20.551000,2026-01-15T23:14:21.082000,buy,0.01,0.01,XAUUSD,4618.923,4614.812,4614.812,,-0.11,0,-4.11,,,sl
1945362724,2026-01-15T23:05:32.260000,2026-01-15T23:06:49.894000,buy,0.01,0.01,XAUUSD,4619.994,4617.135,4617.871,,-0.11,0,-2.85,,,sl
1944635596,2026-01-15T14:14:51.294000,2026-01-15T14:24:28.761000,buy,0.01,0.02,XAUUSD,4598.428,4604.823,4595.865,4604.823,-0.22,0,6.39,,,tp
1944635596,2026-01-15T14:14:51.294000,2026-01-15T14:22:41.739000,buy,0.01,0.02,XAUUSD,4598.428,4601.638,4595.865,4604.823,,0,3.21,,,user
1944591239,2026-01-15T14:02:23.966000,2026-01-15T14:03:27.971000,sell,0.01,0.01,XAUUSD,4583.833,4590.68,4590.68,,-0.11,0,-6.85,,,sl
1943785220,2026-01-15T07:08:20.777000,2026-01-15T07:19:08.746000,buy,0.01,0.01,XAUUSD,4606.018,4613.302,4608.39,4616.185,-0.11,0,7.28,,,user
1943781592,2026-01-15T07:06:19.320000,2026-01-15T07:07:53.011000,buy,0.01,0.01,XAUUSD,4607.439,4606.603,4606.603,,-0.11,0,-0.84,,,sl
1943774459,2026-01-15T07:01:27.700000,2026-01-15T07:07:52.864000,buy,0.01,0.01,XAUUSD,4609.342,4606.453,4606.453,4622.46,-0.11,0,-2.89,,,sl
1942847787,2026-01-14T19:11:07.183000,2026-01-14T19:26:14.779000,buy,0.01,0.01,BTCUSD,96928.21,97351.72,97085.94,97528.76,-0.16,0,4.24,,,user
1942850678,2026-01-14T19:13:06.216000,2026-01-14T19:15:52.516000,buy,0.01,0.01,XAUUSD,4636.198,4634.827,4634.827,4639.381,-0.11,0,-1.37,,,sl
1942843592,2026-01-14T19:07:26.814000,2026-01-14T19:07:55.621000,buy,0.01,0.01,XAUUSD,4637.846,4636.733,4636.733,,-0.11,0,-1.12,,,sl
1942386434,2026-01-14T15:15:10.359000,2026-01-14T15:15:53.127000,sell,0.01,0.01,XAUUSD,4614.805,4616.683,4616.683,4603.982,-0.11,0,-1.87,,,sl
1942376843,2026-01-14T15:12:58.021000,2026-01-14T15:13:22.599000,sell,0.01,0.01,XAUUSD,4613.252,4615.2880000000005,4617.808,4601.337,-0.11,0,-2.04,,,user
1942348064,2026-01-14T15:07:20.841000,2026-01-14T15:09:10.618000,sell,0.01,0.01,XAUUSD,4608.938,4600.677,4609.209,4600.677,-0.11,0,8.26,,,tp
1942340460,2026-01-14T15:06:02.026000,2026-01-14T15:06:38.839000,sell,0.01,0.01,XAUUSD,4604.235,4609.626,4609.626,4596.988,-0.11,0,-5.39,,,sl
1942316507,2026-01-14T15:01:07.705000,2026-01-14T15:02:14.754000,sell,0.01,0.01,XAUUSD,4613.972,4606.057,4616.993,4604.403,-0.11,0,7.91,,,user
1942294549,2026-01-14T14:55:02.112000,2026-01-14T14:58:16.689000,sell,0.01,0.01,XAUUSD,4615.053,4618.187,4619.276,4608.135,-0.11,0,-3.14,,,user
1942246010,2026-01-14T14:45:01.978000,2026-01-14T14:48:42.078000,sell,0.01,0.01,XAUUSD,4617.837,4609.717,4620.825,4609.717,-0.11,0,8.12,,,tp
1942218572,2026-01-14T14:40:03.972000,2026-01-14T14:43:33.503000,sell,0.01,0.02,XAGUSD,90.797,90.581,,,-2,0,10.8,,,user
1942218572,2026-01-14T14:40:03.972000,2026-01-14T14:42:50.373000,sell,0.01,0.02,XAGUSD,90.797,90.705,,,,0,4.6,,,user
1942207163,2026-01-14T14:38:14.075000,2026-01-14T14:39:17.042000,sell,0.01,0.02,XAGUSD,91.131,91.077,91.613,90.842,-2,0,2.7,,,user
1942207163,2026-01-14T14:38:14.075000,2026-01-14T14:38:25.619000,sell,0.01,0.02,XAGUSD,91.131,91.09700000000001,91.613,90.842,,0,1.7,,,user
1942186593,2026-01-14T14:33:22.394000,2026-01-14T14:33:29.053000,buy,0.02,0.02,XAGUSD,91.403,91.526,91.219,91.746,-2,0,12.3,,,user
1942166711,2026-01-14T14:28:27.003000,2026-01-14T14:30:01.470000,buy,0.01,0.01,XAGUSD,91.968,91.844,91.844,92.13,-1,0,-6.2,,,sl
1942126448,2026-01-14T14:10:37.809000,2026-01-14T14:11:03.641000,buy,0.01,0.01,XAGUSD,91.932,91.787,91.787,92.314,-1,0,-7.25,,,sl
1942111608,2026-01-14T14:06:19.635000,2026-01-14T14:07:49.441000,buy,0.01,0.01,XAGUSD,92.002,91.884,91.884,92.419,-1,0,-5.9,,,sl
1942102828,2026-01-14T14:03:23.461000,2026-01-14T14:05:32.178000,buy,0.01,0.01,XAUUSD,4637.82,4635.409,4635.409,,-0.11,0,-2.41,,,sl
1942080983,2026-01-14T13:53:16.039000,2026-01-14T13:59:45.166000,buy,0.01,0.02,XAUUSD,4633.659,4635.862,4632.936,4635.862,-0.22,0,2.2,,,tp
1942080983,2026-01-14T13:53:16.039000,2026-01-14T13:56:30.069000,buy,0.01,0.02,XAUUSD,4633.659,4635.234,4632.936,4635.862,,0,1.57,,,user
1942043025,2026-01-14T13:40:48.802000,2026-01-14T13:50:19.177000,buy,0.01,0.01,XAUUSD,4632.65,4631.773,4631.773,,-0.11,0,-0.88,,,sl
1942009013,2026-01-14T13:31:04.386000,2026-01-14T13:32:02.058000,buy,0.01,0.01,XAUUSD,4632.322,4629.396,4629.396,,-0.11,0,-2.92,,,sl
1941986125,2026-01-14T13:24:42.720000,2026-01-14T13:25:41.893000,buy,0.01,0.01,XAUUSD,4634.244,4632.091,4632.091,,-0.11,0,-2.15,,,sl
1941917976,2026-01-14T13:01:59.501000,2026-01-14T13:05:45.620000,buy,0.01,0.01,XAUUSD,4636.822,4632.9890000000005,4627.426,4646.761,-0.11,0,-3.83,,,user
1941728741,2026-01-14T11:09:02.307000,2026-01-14T11:18:24.296000,buy,0.01,0.01,XAUUSD,4634.551,4634.905,4634.905,4638.979,-0.11,0,0.36,,,sl
1941645458,2026-01-14T10:12:41.538000,2026-01-14T10:43:29.590000,buy,0.01,0.01,XAUUSD,4630.58,4637.003,4635.016,4638.889,-0.11,0,6.42,,,user
1941637541,2026-01-14T10:06:55.365000,2026-01-14T10:08:42.478000,buy,0.01,0.01,XAUUSD,4631.551,4629.229,4629.602,4639.586,-0.11,0,-2.32,,,sl
1941547093,2026-01-14T09:11:04.907000,2026-01-14T09:14:42.723000,buy,0.01,0.01,XAUUSD,4636.569,4638.659,4636.102,4641.197,-0.11,0,2.09,,,user
1941486409,2026-01-14T08:36:45.362000,2026-01-14T08:46:28.227000,buy,0.01,0.01,XAUUSD,4629.611,4635,4628.556,4637.318,-0.11,0,5.39,,,user
1941401610,2026-01-14T08:03:36.166000,2026-01-14T08:38:00.264000,buy,0.01,0.01,BTCUSD,95260.22,94987.69,94993.45,96901.04,-0.16,0,-2.72,,,sl
1941469938,2026-01-14T08:29:16.608000,2026-01-14T08:33:50.710000,buy,0.01,0.01,XAUUSD,4625.487,4627.1410000000005,4625.027,4632.844,-0.11,0,1.65,,,user
1941467098,2026-01-14T08:28:22.610000,2026-01-14T08:28:34.410000,buy,0.01,0.01,XAUUSD,4623.414,4622.14,4622.14,,-0.11,0,-1.27,,,sl
1941460892,2026-01-14T08:26:16.737000,2026-01-14T08:27:25.350000,buy,0.01,0.01,XAUUSD,4624.776,4622.857,4622.857,,-0.11,0,-1.92,,,sl
1941458557,2026-01-14T08:25:33.851000,2026-01-14T08:26:01.692000,buy,0.01,0.01,XAUUSD,4624.8,4623.599,4623.599,,-0.11,0,-1.2,,,sl
1941445033,2026-01-14T08:20:21.055000,2026-01-14T08:20:49.411000,buy,0.01,0.01,BTCUSD,95174.14,95235.29000000001,95142.48,,-0.16,0,0.61,,,user
1941347583,2026-01-14T07:30:53.771000,2026-01-14T07:55:36.270000,buy,0.01,0.01,XAUUSD,4635.672,4633.271,4633.271,4641.56,-0.11,0,-2.4,,,sl
1941310974,2026-01-14T07:13:06.159000,2026-01-14T07:28:22.496000,buy,0.01,0.01,XAUUSD,4633.336,4638.387,4634.248,4641.529,-0.11,0,5.05,,,user
1941307587,2026-01-14T07:10:38.063000,2026-01-14T07:11:30.119000,buy,0.01,0.01,XAUUSD,4633.4,4632.205,4632.205,4639.293,-0.11,0,-1.19,,,sl
1941289145,2026-01-14T07:00:06.814000,2026-01-14T07:06:49.667000,buy,0.01,0.01,XAUUSD,4635.448,4632.662,4632.662,4641.43,-0.11,0,-2.79,,,sl
1941275862,2026-01-14T06:53:24.348000,2026-01-14T06:59:48.199000,buy,0.01,0.01,XAUUSD,4631.762,4636.827,4630.673,4646.378,-0.11,0,5.07,,,user
1941260815,2026-01-14T06:45:08.432000,2026-01-14T06:54:03.655000,buy,0.01,0.01,XAUUSD,4632.017,4632.621,4629.666,4641.005,-0.11,0,0.6,,,user
1941271820,2026-01-14T06:50:38.494000,2026-01-14T06:51:38.432000,buy,0.01,0.01,XAUUSD,4632.308,4631.517,4631.517,,-0.11,0,-0.79,,,sl
1941252251,2026-01-14T06:40:20.784000,2026-01-14T06:41:03.066000,sell,0.01,0.01,XAUUSD,4629.044,4630.909,4630.909,4624.051,-0.11,0,-1.87,,,sl
1940735652,2026-01-14T01:50:49.187000,2026-01-14T01:52:41.168000,buy,0.01,0.01,XAUUSD,4614.322,4617.347,4613.769,4620.387,-0.11,0,3.03,,,user
1940727093,2026-01-14T01:44:06.930000,2026-01-14T01:48:44.125000,buy,0.01,0.01,XAUUSD,4615.58,4614.905,4615.468,4620.345,-0.11,0,-0.67,,,sl
1940685848,2026-01-14T01:10:14.856000,2026-01-14T01:39:40.286000,buy,0.01,0.01,BTCUSD,95343.6,95276.09,95276.09,95931.13,-0.16,0,-0.68,,,sl
1940716621,2026-01-14T01:35:36.066000,2026-01-14T01:37:38.425000,buy,0.01,0.01,XAUUSD,4615.234,4618.111,4614.978,4619.171,-0.11,0,2.88,,,user
1940661255,2026-01-14T00:57:46.601000,2026-01-14T01:00:03.479000,buy,0.01,0.01,XAUUSD,4607.767,4606.837,4607.521,,-0.11,0,-0.93,,,sl
1940638069,2026-01-14T00:31:31.223000,2026-01-14T00:33:34.345000,buy,0.01,0.01,XAUUSD,4609.028,4610.1140000000005,4607.856,4612.204,-0.11,0,1.08,,,user
1940628711,2026-01-14T00:24:26.276000,2026-01-14T00:26:57.802000,buy,0.01,0.01,XAUUSD,4604.317,4608.887,4601.856,4608.887,-0.11,0,4.57,,,tp
1940619661,2026-01-14T00:13:22.078000,2026-01-14T00:21:17.488000,buy,0.01,0.01,XAUUSD,4605.991,4604.787,4604.787,4621.986,-0.11,0,-1.2,,,sl
1940600640,2026-01-13T23:56:13.908000,2026-01-14T00:10:11.224000,buy,0.01,0.01,XAUUSD,4598.509,4606.028,4598.046,4609.484,-0.11,0,7.52,,,user
1940527444,2026-01-13T20:45:17.166000,2026-01-13T20:46:19.715000,sell,0.01,0.01,XAUUSD,4584.394,4585.166,4587.676,,-0.11,0,-0.78,,,user
1940104461,2026-01-13T15:45:47.823000,2026-01-13T15:45:52.339000,buy,0.01,0.01,XAUUSD,4615.097,4614.823,4612.297,,-0.11,0,-0.28,,,user
1940091720,2026-01-13T15:41:21.060000,2026-01-13T15:41:39.405000,buy,0.01,0.01,XAUUSD,4607.453,4608.9890000000005,4605.85,,-0.11,0,1.54,,,user
1940059373,2026-01-13T15:30:52.087000,2026-01-13T15:31:03.250000,buy,0.01,0.01,XAUUSD,4607.974,4609.962,4605.454,,-0.11,0,1.99,,,user
1940048551,2026-01-13T15:27:02.632000,2026-01-13T15:27:16.244000,sell,0.01,0.01,XAUUSD,4606.566,4607.869,4610.192,4603.206,-0.11,0,-1.3,,,user
1940032892,2026-01-13T15:23:11.133000,2026-01-13T15:23:24.233000,sell,0.01,0.01,XAUUSD,4608.569,4606.957,4611.005,4605.218,-0.11,0,1.61,,,user
1940013680,2026-01-13T15:19:05.839000,2026-01-13T15:19:18.332000,buy,0.01,0.01,XAUUSD,4605.839,4607.652,4603.568,,-0.11,0,1.81,,,user
1939998739,2026-01-13T15:16:41.059000,2026-01-13T15:17:41.397000,buy,0.01,0.01,XAUUSD,4617.179,4615.304,4615.304,4624.871,-0.11,0,-1.88,,,sl
1939991240,2026-01-13T15:14:39.430000,2026-01-13T15:15:54.568000,buy,0.01,0.01,XAUUSD,4622.425,4619.246,4619.543,,-0.11,0,-3.18,,,sl
1939987657,2026-01-13T15:13:14.318000,2026-01-13T15:13:19.864000,buy,0.01,0.01,XAUUSD,4623.765,4623.752,4621.48,,-0.11,0,-0.02,,,user
1939983619,2026-01-13T15:12:03.677000,2026-01-13T15:12:12.611000,buy,0.01,0.01,XAUUSD,4622.581,4621.968,4620.875,,-0.11,0,-0.61,,,user
1939979672,2026-01-13T15:11:03.158000,2026-01-13T15:11:09.089000,buy,0.01,0.01,XAUUSD,4621.19,4623.128,4618.913,,-0.11,0,1.94,,,user
1939975491,2026-01-13T15:09:12.744000,2026-01-13T15:09:25.098000,buy,0.01,0.01,XAUUSD,4617.788,4618.811,4616.031,,-0.11,0,1.02,,,user
1939972785,2026-01-13T15:08:26.576000,2026-01-13T15:08:37.929000,buy,0.01,0.01,XAUUSD,4619.696,4618.85,4618.85,,-0.11,0,-0.85,,,sl
1939971973,2026-01-13T15:08:09.424000,2026-01-13T15:08:13.933000,buy,0.01,0.01,XAUUSD,4619.323,4619.189,,,-0.11,0,-0.13,,,user
1939939715,2026-01-13T15:01:08.282000,2026-01-13T15:01:20.081000,buy,0.01,0.01,XAUUSD,4627.338,4625.6050000000005,,,-0.11,0,-1.73,,,user
1939809390,2026-01-13T14:28:05.797000,2026-01-13T14:28:23.455000,buy,0.01,0.01,XAUUSD,4621.612,4620.605,4620.605,,-0.11,0,-1,,,sl
1939745756,2026-01-13T14:07:56.260000,2026-01-13T14:25:03.085000,buy,0.01,0.01,XAUUSD,4615.12,4622.618,4614.591,,-0.11,0,7.5,,,user
1939587977,2026-01-13T13:30:05.430000,2026-01-13T13:55:30.574000,buy,0.01,0.03,XAUUSD,4607.252,4611.633,4590.702,,-0.33,0,4.38,,,user
1939702163,2026-01-13T13:54:00.945000,2026-01-13T13:54:23.278000,buy,0.01,0.01,XAUUSD,4615.454,4612.662,4612.662,4620.135,-0.11,0,-2.79,,,sl
1939587977,2026-01-13T13:30:05.430000,2026-01-13T13:31:30.133000,buy,0.01,0.03,XAUUSD,4607.252,4606.909,4590.702,,,0,-0.34,,,user
1939587977,2026-01-13T13:30:05.430000,2026-01-13T13:30:27.866000,buy,0.01,0.03,XAUUSD,4607.252,4612.401,4590.702,,,0,5.15,,,user
1939498620,2026-01-13T12:53:58.034000,2026-01-13T13:09:42.269000,buy,0.01,0.01,XAUUSD,4591.508,4598.538,4589.387,4598.538,-0.11,0,7.03,,,tp
1939220813,2026-01-13T09:48:15.235000,2026-01-13T09:48:52.942000,buy,0.01,0.01,XAUUSD,4588.643,4587.72,4586.919,4592.624,-0.11,0,-0.92,,,user
1939217082,2026-01-13T09:45:41.643000,2026-01-13T09:47:19.918000,buy,0.01,0.01,XAUUSD,4591.153,4589.525,4589.525,4595.765,-0.11,0,-1.62,,,sl
1939215410,2026-01-13T09:44:55.601000,2026-01-13T09:45:15.922000,buy,0.01,0.01,XAUUSD,4591.06,4589.879,4589.879,4596.115,-0.11,0,-1.18,,,sl
1939203153,2026-01-13T09:40:03.637000,2026-01-13T09:42:10.295000,buy,0.01,0.01,XAUUSD,4590.369,4588.011,4588.328,4593.751,-0.11,0,-2.36,,,sl
1939188578,2026-01-13T09:28:04.939000,2026-01-13T09:37:04.108000,sell,0.01,0.01,XAUUSD,4589.749,4588.992,4591.453,4584.772,-0.11,0,0.76,,,user
1939191477,2026-01-13T09:30:39.055000,2026-01-13T09:32:26.799000,sell,0.01,0.01,XAUUSD,4589.358,4589.343,4590.35,4584.489,-0.11,0,0.02,,,user
1939172707,2026-01-13T09:18:36.838000,2026-01-13T09:25:09.800000,buy,0.01,0.01,XAUUSD,4592.222,4589.311,4589.921,4597.705,-0.11,0,-2.91,,,sl
1938542279,2026-01-13T03:03:49.747000,2026-01-13T08:33:43.383000,buy,0.01,0.01,USOIL,59.532,59.582,58.774,61.656,-0.13,0,0.5,,,user
1939082967,2026-01-13T08:24:04.907000,2026-01-13T08:26:14.118000,buy,0.01,0.01,XAUUSD,4587.831,4590.963,4587.889,4590.963,-0.11,0,3.13,,,tp
1939080859,2026-01-13T08:22:38.572000,2026-01-13T08:23:01.064000,buy,0.01,0.01,XAUUSD,4587.807,4587.028,4587.028,,-0.11,0,-0.78,,,sl
1939072691,2026-01-13T08:17:25.603000,2026-01-13T08:21:11.330000,buy,0.01,0.01,XAUUSD,4585.494,4589.496,4583.66,4594.765,-0.11,0,4.01,,,user
1938545746,2026-01-13T03:06:29.164000,2026-01-13T03:11:15.597000,buy,0.01,0.01,XAUUSD,4595.557,4597.052,4593.83,4599.382,-0.11,0,1.49,,,user
1938515558,2026-01-13T02:45:04.637000,2026-01-13T02:57:34.311000,buy,0.01,0.05,XAUUSD,4590.085,4592.997,4587.766,4655.352,-0.55,0,2.91,,,user
1938515558,2026-01-13T02:45:04.637000,2026-01-13T02:46:45.781000,buy,0.01,0.05,XAUUSD,4590.085,4593,4587.766,4655.352,,0,2.91,,,user
1938515558,2026-01-13T02:45:04.637000,2026-01-13T02:46:12.069000,buy,0.01,0.05,XAUUSD,4590.085,4592.53,4587.766,4655.352,,0,2.44,,,user
1938515558,2026-01-13T02:45:04.637000,2026-01-13T02:45:32.526000,buy,0.02,0.05,XAUUSD,4590.085,4590.705,4587.766,4655.352,,0,1.24,,,user
1938497354,2026-01-13T02:30:46.965000,2026-01-13T02:43:15.215000,buy,0.01,0.01,XAUUSD,4585.264,4587.336,4584.942,,-0.11,0,2.08,,,user
1938493898,2026-01-13T02:28:18.396000,2026-01-13T02:29:03.521000,sell,0.05,0.05,XAUUSD,4585.46,4584.418,4585.905,4584.418,-0.55,0,5.21,,,tp
1938493303,2026-01-13T02:27:21.834000,2026-01-13T02:27:42.700000,buy,0.05,0.05,XAUUSD,4585.454,4584.666,4584.666,,-0.55,0,-3.94,,,sl
1938491841,2026-01-13T02:25:42.277000,2026-01-13T02:26:41.308000,buy,0.03,0.03,XAUUSD,4585.832,4584.92,4584.92,4587.632,-0.33,0,-2.74,,,sl
1938444961,2026-01-13T01:51:53.913000,2026-01-13T01:53:56.096000,sell,0.03,0.03,XAUUSD,4582.187,4581.049,4583.757,4579.487,-0.33,0,3.41,,,user
1938438208,2026-01-13T01:46:08.203000,2026-01-13T01:46:53.565000,buy,0.01,0.01,XAUUSD,4584.685,4582.327,4582.806,4591.222,-0.11,0,-2.36,,,sl
1938434997,2026-01-13T01:43:19.311000,2026-01-13T01:43:54.012000,buy,0.02,0.02,XAUUSD,4584.925,4582.693,4582.693,,-0.22,0,-4.46,,,sl
1938432086,2026-01-13T01:41:35.772000,2026-01-13T01:42:04.493000,buy,0.01,0.01,XAUUSD,4585.018,4583.366,4583.366,,-0.11,0,-1.65,,,sl
1938421776,2026-01-13T01:36:26.411000,2026-01-13T01:38:02.695000,buy,0.01,0.01,XAUUSD,4579.75,4581.174,4575.712,,-0.11,0,1.42,,,user
1938391826,2026-01-13T01:20:31.378000,2026-01-13T01:26:24.681000,buy,0.01,0.01,XAUUSD,4586.098,4585.889,4585.889,4593.299,-0.11,0,-0.21,,,sl
1938373402,2026-01-13T01:09:26.401000,2026-01-13T01:12:47.793000,buy,0.01,0.01,XAUUSD,4590.802,4594.467,4586.807,,-0.11,0,3.67,,,user
1938302796,2026-01-13T00:07:04.286000,2026-01-13T01:04:38.041000,buy,0.01,0.01,XAUUSD,4595.279,4581.816,4581.816,,-0.11,0,-13.46,,,sl
1938360083,2026-01-13T01:02:44.152000,2026-01-13T01:02:55.328000,buy,0.01,0.01,XAUUSD,4584.073,4582.601,,,-0.11,0,-1.47,,,user
1938346883,2026-01-13T00:53:20.004000,2026-01-13T00:53:35.912000,buy,0.01,0.01,XAUUSD,4589.175,4589.902,,,-0.11,0,0.72,,,user
1938298352,2026-01-13T00:02:43.046000,2026-01-13T00:04:36.764000,buy,0.01,0.01,XAUUSD,4597.347,4593.884,4594.43,,-0.11,0,-3.47,,,sl
1938169027,2026-01-12T19:15:14.729000,2026-01-12T19:22:11.528000,buy,0.01,0.01,XAUUSD,4613.928,4612.841,4612.841,4619.12,-0.11,0,-1.09,,,sl
1937950597,2026-01-12T16:24:08.275000,2026-01-12T16:24:41.990000,buy,0.01,0.01,XAUUSD,4624.439,4622.296,4622.65,,-0.11,0,-2.14,,,sl
1937943799,2026-01-12T16:20:43.480000,2026-01-12T16:22:08.818000,buy,0.01,0.01,XAUUSD,4629.405,4628.487,4622.652,,-0.11,0,-0.92,,,user
1937934917,2026-01-12T16:16:19.220000,2026-01-12T16:18:52.916000,buy,0.01,0.01,XAUUSD,4629.329,4627.539,4627.832,,-0.11,0,-1.79,,,sl
1937915932,2026-01-12T16:07:31.525000,2026-01-12T16:12:22.765000,buy,0.01,0.01,XAUUSD,4623.457,4622.59,4622.59,4628.822,-0.11,0,-0.87,,,sl
1937899644,2026-01-12T16:00:42.224000,2026-01-12T16:01:50.775000,buy,0.01,0.02,XAUUSD,4622.073,4620.686,4620.686,4626.361,-0.22,0,-1.38,,,sl
1937899644,2026-01-12T16:00:42.224000,2026-01-12T16:01:16.948000,buy,0.01,0.02,XAUUSD,4622.073,4622.64,4620.686,4626.361,,0,0.57,,,user
1937864681,2026-01-12T15:46:49.252000,2026-01-12T15:55:36.278000,buy,0.01,0.01,XAUUSD,4620.511,4618.372,4618.372,4629.734,-0.11,0,-2.14,,,sl
1937826568,2026-01-12T15:28:30.461000,2026-01-12T15:37:02.855000,buy,0.01,0.01,XAUUSD,4619.89,4625.3060000000005,4620.139,4626.893,-0.11,0,5.42,,,user
1937808267,2026-01-12T15:23:02.062000,2026-01-12T15:26:32.430000,buy,0.01,0.01,XAUUSD,4615.122,4621.607,4615.014,4622.53,-0.11,0,6.49,,,user
1937654601,2026-01-12T14:36:33.440000,2026-01-12T15:07:50.573000,buy,0.01,0.01,XAUUSD,4596.269,4615.456,4593.893,,-0.11,0,19.19,,,user
1937615361,2026-01-12T14:28:28.764000,2026-01-12T14:29:54.999000,buy,0.01,0.01,XAUUSD,4590.828,4588.828,4563.776,,-0.11,0,-2,,,user
1937596273,2026-01-12T14:25:47.472000,2026-01-12T14:25:58.631000,buy,0.01,0.01,XAUUSD,4593.338,4587.973,4589.27,4617.6,-0.11,0,-5.37,,,sl
1937574379,2026-01-12T14:18:45.560000,2026-01-12T14:19:47.634000,buy,0.01,0.01,XAUUSD,4597.732,4595.841,4589.686,4618.009,-0.11,0,-1.89,,,user
1937567918,2026-01-12T14:17:00.429000,2026-01-12T14:17:18.868000,buy,0.01,0.01,XAUUSD,4593.863,4594.93,4590.435,4614.127,-0.11,0,1.07,,,user
1937553209,2026-01-12T14:13:29.295000,2026-01-12T14:13:38.020000,buy,0.01,0.01,XAUUSD,4595.97,4596.814,4592.581,4600.191,-0.11,0,0.84,,,user
1937546490,2026-01-12T14:11:26.188000,2026-01-12T14:11:53.202000,buy,0.02,0.02,XAUUSD,4595.953,4597.975,4589.524,,-0.22,0,4.04,,,user
1937511478,2026-01-12T14:04:19.817000,2026-01-12T14:08:49.213000,buy,0.01,0.01,XAUUSD,4604.592,4598.157,4598.157,,-0.11,0,-6.43,,,sl
1937490461,2026-01-12T14:01:17.381000,2026-01-12T14:02:50.476000,buy,0.01,0.01,XAUUSD,4613.027,4608.867,4608.867,,-0.11,0,-4.16,,,sl
1937411201,2026-01-12T13:35:28.871000,2026-01-12T13:48:04.983000,buy,0.01,0.02,XAUUSD,4608.015,4614.599,4606.266,4614.599,-0.22,0,6.58,,,tp
1937411201,2026-01-12T13:35:28.871000,2026-01-12T13:35:57.112000,buy,0.01,0.02,XAUUSD,4608.015,4608.831,4606.266,4614.599,,0,0.81,,,user
1936859082,2026-01-12T08:48:34.443000,2026-01-12T13:21:09.449000,buy,0.01,0.02,XAUUSD,4594.122,4607.671,4578.633,4770.146,-0.22,0,13.55,,,user
1937294560,2026-01-12T13:01:40.441000,2026-01-12T13:03:40.470000,buy,0.01,0.01,XAUUSD,4592.131,4594.900000000001,,,-0.11,0,2.77,,,user
1937183226,2026-01-12T11:59:33.560000,2026-01-12T12:57:12.736000,buy,0.01,0.01,XAUUSD,4583.318,4588.764,4569.696,,-0.11,0,5.44,,,user
1937253161,2026-01-12T12:36:10.617000,2026-01-12T12:51:32.076000,buy,0.01,0.01,XAUUSD,4584.658,4589.177,4583.484,,-0.11,0,4.52,,,user
1937249307,2026-01-12T12:34:05.270000,2026-01-12T12:35:09.662000,buy,0.01,0.01,XAUUSD,4584.913,4584.9580000000005,4583.477,,-0.11,0,0.05,,,user
1937171093,2026-01-12T11:53:49.423000,2026-01-12T11:56:17.591000,buy,0.01,0.01,XAUUSD,4585.312,4582.903,4582.903,4589.794,-0.11,0,-2.41,,,sl
1937077663,2026-01-12T10:57:54.461000,2026-01-12T11:00:01.758000,buy,0.01,0.01,XAUUSD,4595.07,4593.9,4593.9,4599.357,-0.11,0,-1.17,,,sl
1937046777,2026-01-12T10:35:35.776000,2026-01-12T10:40:40.608000,buy,0.01,0.01,XAUUSD,4588.331,4592.125,4588.271,4596.905,-0.11,0,3.8,,,user
1936907096,2026-01-12T09:11:01.865000,2026-01-12T09:13:52.059000,buy,0.01,0.01,XAUUSD,4597.508,4597.638,4595.111,,-0.11,0,0.13,,,user
1936859082,2026-01-12T08:48:34.443000,2026-01-12T08:50:42.234000,buy,0.01,0.02,XAUUSD,4594.122,4595.393,4578.633,4770.146,,0,1.27,,,user
1935836492,2026-01-12T00:02:51.473000,2026-01-12T00:03:59.882000,buy,0.02,0.02,XAUUSD,4541.833,4543.538,,4543.538,-0.22,0,3.41,,,tp
1935822439,2026-01-11T23:51:59.339000,2026-01-11T23:56:37.189000,buy,0.01,0.01,XAUUSD,4542.132,4538.904,4539.262,4547.159,-0.11,0,-3.23,,,sl
1935759903,2026-01-11T23:05:21.492000,2026-01-11T23:19:33.753000,buy,0.01,0.01,XAUUSD,4523.411,4532.33,4508.781,4538.64,-0.11,0,8.92,,,user
1935726799,2026-01-11T19:06:03.397000,2026-01-11T19:47:00.900000,buy,0.01,0.01,BTCUSD,90782.06,90626.95,90629.01,91080.6,-0.16,0,-1.55,,,sl
1926711985,2026-01-05T17:00:54.031000,2026-01-05T17:01:02.511000,sell,0.05,0.05,XAUUSD,4440.188,4441.793,4445.067,4431.947,-0.55,0,-8.03,-0.88,,so
1926706742,2026-01-05T16:59:13.129000,2026-01-05T17:00:14.506000,buy,0.05,0.05,XAUUSD,4444.142,4439.378,4439.378,4452.498,-0.55,0,-23.82,,,sl
1926702365,2026-01-05T16:57:05.044000,2026-01-05T16:59:37.403000,buy,0.05,0.05,XAUUSD,4448.874,4442.677,,4457.245,-0.55,0,-30.98,,,user
1926698602,2026-01-05T16:55:22.534000,2026-01-05T16:56:54.568000,buy,0.01,0.01,XAUUSD,4451.729,4448.102,,,-0.11,0,-3.63,,,user
1926697796,2026-01-05T16:55:06.140000,2026-01-05T16:56:54.558000,buy,0.01,0.01,XAUUSD,4452.308,4448.102,,,-0.11,0,-4.21,,,user
1926694304,2026-01-05T16:52:53.175000,2026-01-05T16:56:54.547000,buy,0.01,0.01,XAUUSD,4453.257,4448.102,,,-0.11,0,-5.16,,,user
1926684128,2026-01-05T16:49:16.493000,2026-01-05T16:50:14.794000,buy,0.05,0.05,XAUUSD,4447.917,4451.307,,4454.958,-0.55,0,16.95,,,user
1926676103,2026-01-05T16:41:03.378000,2026-01-05T16:46:37.857000,buy,0.05,0.05,XAUUSD,4445.698,4445.533,,4455.468,-0.55,0,-0.82,,,user
1926676486,2026-01-05T16:41:28.688000,2026-01-05T16:43:06.306000,buy,0.05,0.05,XAUUSD,4444.575,4445.4310000000005,,,-0.55,0,4.28,,,user
1926670266,2026-01-05T16:35:50.523000,2026-01-05T16:37:48.333000,buy,0.05,0.05,XAUUSD,4444.953,4443.905,4442.635,4447.717,-0.55,0,-5.24,,,user
1926669553,2026-01-05T16:35:18.452000,2026-01-05T16:36:12.240000,buy,0.05,0.05,XAUUSD,4446.121,4443.706,4443.706,4448.788,-0.55,0,-12.08,,,sl
1926657361,2026-01-05T16:28:25.274000,2026-01-05T16:28:50.822000,buy,0.01,0.01,XAUUSD,4443.076,4442.027,4442.027,4445.979,-0.11,0,-1.05,,,sl
1926648639,2026-01-05T16:21:55.401000,2026-01-05T16:26:32.472000,sell,0.01,0.02,XAUUSD,4445.285,4442.027,4447.569,4442.027,-0.22,0,3.26,,,tp
1926648639,2026-01-05T16:21:55.401000,2026-01-05T16:23:11.208000,sell,0.01,0.02,XAUUSD,4445.285,4445.558,4447.569,4442.027,,0,-0.27,,,user
1926642952,2026-01-05T16:17:54.184000,2026-01-05T16:21:39.365000,buy,0.01,0.01,XAUUSD,4446.216,4444.134,4444.736,4449.568,-0.11,0,-2.09,,,sl
1926635596,2026-01-05T16:14:10.973000,2026-01-05T16:14:57.557000,buy,0.02,0.03,XAUUSD,4446.185,4446.627,4442.153,4450.901,-0.33,0,0.88,,,user
1926635596,2026-01-05T16:14:10.973000,2026-01-05T16:14:25.184000,buy,0.01,0.03,XAUUSD,4446.185,4445.997,4442.153,4450.901,,0,-0.19,,,user
1926629385,2026-01-05T16:11:17.373000,2026-01-05T16:11:52.266000,buy,0.01,0.02,XAUUSD,4443.278,4441.368,4439.236,4446.652,-0.22,0,-1.91,,,user
1926629385,2026-01-05T16:11:17.373000,2026-01-05T16:11:38.709000,buy,0.01,0.02,XAUUSD,4443.278,4441.96,4439.236,4446.652,,0,-1.32,,,user
1926624290,2026-01-05T16:08:35.039000,2026-01-05T16:10:53.622000,buy,0.01,0.01,XAUUSD,4441.558,4439.725,4439.725,4444.565,-0.11,0,-1.83,,,sl
1926616568,2026-01-05T16:06:15.530000,2026-01-05T16:06:21.095000,buy,0.01,0.01,XAUUSD,4446.002,4444.848,4445.358,4452.693,-0.11,0,-1.15,,,sl
1926607144,2026-01-05T16:01:47.275000,2026-01-05T16:06:20.949000,buy,0.01,0.01,XAUUSD,4449.668,4444.953,4445.36,4455.498,-0.11,0,-4.72,,,sl
1926602582,2026-01-05T15:59:45.044000,2026-01-05T16:01:19.158000,buy,0.01,0.01,XAUUSD,4448.633,4451.463,4444.659,4456.403,-0.11,0,2.83,,,user
1926583959,2026-01-05T15:49:34.330000,2026-01-05T15:54:26.161000,buy,0.01,0.01,XAUUSD,4443.702,4444.284,4439.97,4449.49,-0.11,0,0.58,,,user
1926562735,2026-01-05T15:43:07.741000,2026-01-05T15:49:06.408000,buy,0.01,0.01,XAUUSD,4442.941,4443.179,4443.179,4453.774,-0.11,0,0.24,,,sl
1926566872,2026-01-05T15:44:19.008000,2026-01-05T15:44:27.780000,buy,0.02,0.02,XAUUSD,4444.587,4446.697,4441.195,4450.715,-0.22,0,4.22,,,user
1926554637,2026-01-05T15:40:09.101000,2026-01-05T15:41:28.802000,buy,0.02,0.02,XAUUSD,4438.913,4440.241,4436.101,4454.616,-0.22,0,2.65,,,user
1926547350,2026-01-05T15:38:03.231000,2026-01-05T15:38:46.684000,buy,0.02,0.02,XAUUSD,4438.855,4436.031,4436.031,4454.545,-0.22,0,-5.65,,,sl
1926538465,2026-01-05T15:34:49.488000,2026-01-05T15:36:43.739000,buy,0.01,0.02,XAUUSD,4443.026,4439.051,4439.051,4454.475,-0.22,0,-3.98,,,sl
1926538465,2026-01-05T15:34:49.488000,2026-01-05T15:35:24.014000,buy,0.01,0.02,XAUUSD,4443.026,4444.579,4439.051,4454.475,,0,1.55,,,user
1926530874,2026-01-05T15:31:37.465000,2026-01-05T15:34:07.456000,buy,0.01,0.01,XAUUSD,4443.775,4441.077,4441.077,4454.847,-0.11,0,-2.7,,,sl
1926524570,2026-01-05T15:29:18.772000,2026-01-05T15:30:06.180000,buy,0.01,0.01,XAUUSD,4445.162,4443.486,4443.831,4446.85,-0.11,0,-1.67,,,sl
1926522210,2026-01-05T15:28:38.754000,2026-01-05T15:28:39.708000,buy,0.01,0.01,XAUUSD,4445.872,4445.735,4445.735,4453.476,-0.11,0,-0.13,,,sl
1926513987,2026-01-05T15:25:27.136000,2026-01-05T15:27:40.816000,buy,0.01,0.01,XAUUSD,4445.243,4447.702,4447.702,4453.301,-0.11,0,2.46,,,sl
1926510907,2026-01-05T15:24:41.022000,2026-01-05T15:25:02.118000,buy,0.01,0.01,XAUUSD,4449.587,4447.731,4444.102,4456.522,-0.11,0,-1.86,,,user
1926509233,2026-01-05T15:23:43.740000,2026-01-05T15:24:29.373000,buy,0.01,0.01,XAUUSD,4449.497,4450.852,4445.291,4453.032,-0.11,0,1.35,,,user
1926501171,2026-01-05T15:20:07.841000,2026-01-05T15:21:18.231000,buy,0.01,0.01,XAUUSD,4450.246,4450.078,4445.388,4457.807,-0.11,0,-0.17,,,user
1926502255,2026-01-05T15:20:35.102000,2026-01-05T15:20:49.334000,buy,0.01,0.01,XAUUSD,4448.791,4450.097,4447.613,4456.27,-0.11,0,1.31,,,user
1926497427,2026-01-05T15:18:17.347000,2026-01-05T15:18:21.023000,buy,0.01,0.01,XAUUSD,4449.909,4448.968,4448.968,4457.831,-0.11,0,-0.94,,,sl
1926486920,2026-01-05T15:14:23.239000,2026-01-05T15:16:35.265000,buy,0.01,0.01,XAUUSD,4448.33,4448.934,4445.388,4452.935,-0.11,0,0.6,,,user
1926475223,2026-01-05T15:11:06.402000,2026-01-05T15:11:23.278000,sell,0.01,0.01,XAUUSD,4450.077,4449.658,4451.464,4443.064,-0.11,0,0.42,,,user
1926472920,2026-01-05T15:10:35.713000,2026-01-05T15:10:47.779000,buy,0.01,0.01,XAUUSD,4452.069,4449.697,4450.569,4458.969,-0.11,0,-2.37,,,sl
1926472105,2026-01-05T15:10:24.224000,2026-01-05T15:10:29.459000,buy,0.01,0.01,XAUUSD,4452.169,4451.229,4451.229,4459.63,-0.11,0,-0.94,,,sl
1926468016,2026-01-05T15:08:58.250000,2026-01-05T15:09:23.273000,buy,0.01,0.01,XAUUSD,4453.466,4453.71,4449.785,4460.385,-0.11,0,0.24,,,user
1926468818,2026-01-05T15:09:09.357000,2026-01-05T15:09:12.544000,buy,0.01,0.01,XAUUSD,4452.621,4453.472,4447.908,4458.508,-0.11,0,0.85,,,user
1926458186,2026-01-05T15:06:35.935000,2026-01-05T15:06:42.638000,buy,0.01,0.01,XAUUSD,4452.615,4451.209,4451.46,4457.12,-0.11,0,-1.41,,,sl
1926433695,2026-01-05T15:01:42.074000,2026-01-05T15:03:08.284000,buy,0.01,0.01,XAUUSD,4444.019,4448.309,4436.85,4454.636,-0.11,0,4.29,,,user
1926423663,2026-01-05T14:59:26.773000,2026-01-05T15:00:03.916000,buy,0.01,0.01,XAUUSD,4437.183,4440.803,4435.868,4440.803,-0.11,0,3.62,,,tp
1926417821,2026-01-05T14:57:50.098000,2026-01-05T14:57:55.192000,buy,0.01,0.01,XAUUSD,4437.721,4436.2880000000005,,4443.87,-0.11,0,-1.43,,,user
1926418535,2026-01-05T14:57:18.291000,2026-01-05T14:57:47.898000,buy,0.01,0.01,XAUUSD,4439.995,4437.8,4437.485,4443.549,-0.11,0,-2.2,,,user
1926414912,2026-01-05T14:56:05.661000,2026-01-05T14:56:21.965000,buy,0.01,0.01,XAUUSD,4440.486,4439.448,4439.448,4441.919,-0.11,0,-1.04,,,sl
1926407371,2026-01-05T14:54:21.146000,2026-01-05T14:54:28.459000,buy,0.01,0.01,XAUUSD,4437.372,4437.7300000000005,4435.637,4439.16,-0.11,0,0.36,,,user
1926381741,2026-01-05T14:46:11.013000,2026-01-05T14:46:16.560000,buy,0.01,0.01,XAUUSD,4431.624,4432.234,4425.275,4434.964,-0.11,0,0.61,,,user
1926379406,2026-01-05T14:45:35.835000,2026-01-05T14:45:38.897000,buy,0.01,0.01,XAUUSD,4428.736,4429.488,4426.091,4433.811,-0.11,0,0.75,,,user
1926376849,2026-01-05T14:45:04.985000,2026-01-05T14:45:09.530000,buy,0.01,0.01,XAUUSD,4430.079,4430.726,4427.705,4435.425,-0.11,0,0.65,,,user
1926366078,2026-01-05T14:41:15.603000,2026-01-05T14:41:21.816000,buy,0.01,0.01,XAUUSD,4424.003,4424.369,4421.901,4429.623,-0.11,0,0.37,,,user
1926355818,2026-01-05T14:38:36.304000,2026-01-05T14:39:05.027000,buy,0.01,0.01,XAUUSD,4421.026,4422.129,4417.939,4424.647,-0.11,0,1.1,,,user
1926348066,2026-01-05T14:36:09.755000,2026-01-05T14:37:36.896000,buy,0.01,0.01,XAUUSD,4419.901,4419.887,4420.316,4425.017,-0.11,0,-0.01,,,sl
1926335457,2026-01-05T14:33:03.815000,2026-01-05T14:35:12.339000,buy,0.01,0.01,XAUUSD,4424.006,4423.116,4423.116,4434.239,-0.11,0,-0.89,,,sl
1926328295,2026-01-05T14:31:10.615000,2026-01-05T14:31:29.648000,buy,0.01,0.01,XAUUSD,4423.123,4421.381,4421.381,4426.991,-0.11,0,-1.74,,,sl
1926290135,2026-01-05T14:18:01.582000,2026-01-05T14:21:04.361000,buy,0.01,0.01,XAUUSD,4425.573,4429.566,4424.655,4429.566,-0.11,0,4,,,tp
1926290608,2026-01-05T14:18:14.898000,2026-01-05T14:19:09.541000,buy,0.01,0.01,XAUUSD,4425.107,4423.57,4423.57,4427.879,-0.11,0,-1.54,,,sl
1926281914,2026-01-05T14:15:01.260000,2026-01-05T14:15:42.256000,buy,0.01,0.01,XAUUSD,4427.017,4425.169,4425.169,4429.337,-0.11,0,-1.85,,,sl
1926229786,2026-01-05T13:59:09.085000,2026-01-05T14:11:16.949000,buy,0.01,0.01,XAUUSD,4416.903,4427.7080000000005,4411.599,4429.036,-0.11,0,10.81,,,user
1926184551,2026-01-05T13:36:34.238000,2026-01-05T13:48:55.329000,buy,0.01,0.03,XAUUSD,4410.957,4414.414,4406.78,4432.361,-0.33,0,3.45,,,user
1926184551,2026-01-05T13:36:34.238000,2026-01-05T13:47:00.623000,buy,0.01,0.03,XAUUSD,4410.957,4414.3460000000005,4406.78,4432.361,,0,3.39,,,user
1926202912,2026-01-05T13:44:54.214000,2026-01-05T13:45:15.514000,buy,0.01,0.01,XAUUSD,4412.189,4413.52,4407.297,4419.77,-0.11,0,1.33,,,user
1926184551,2026-01-05T13:36:34.238000,2026-01-05T13:37:58.063000,buy,0.01,0.03,XAUUSD,4410.957,4410.102,4406.78,4432.361,,0,-0.86,,,user
1926172639,2026-01-05T13:32:47.755000,2026-01-05T13:34:49.147000,sell,0.02,0.02,XAUUSD,4404.374,4408.536,4408.536,4398.193,-0.22,0,-8.32,,,sl
1926159543,2026-01-05T13:29:48.985000,2026-01-05T13:31:56.719000,sell,0.01,0.01,XAUUSD,4400.595,4404.3730000000005,4405.219,4391.011,-0.11,0,-3.77,,,user
1926148242,2026-01-05T13:26:59.746000,2026-01-05T13:29:10.836000,sell,0.01,0.01,XAUUSD,4405.688,4400.394,4409.356,4400.394,-0.11,0,5.3,,,tp
1926140347,2026-01-05T13:23:57.738000,2026-01-05T13:25:42.369000,sell,0.01,0.01,XAUUSD,4407.292,4405.251,4409.2,4396.051,-0.11,0,2.04,,,user
1926133901,2026-01-05T13:22:48.932000,2026-01-05T13:22:56.931000,buy,0.02,0.02,XAUUSD,4407.306,4404.5560000000005,4405.858,4422.507,-0.22,0,-5.5,,,sl
1926128764,2026-01-05T13:21:24.410000,2026-01-05T13:22:02.694000,buy,0.01,0.01,XAUUSD,4408.722,4406.981,4406.981,4424.169,-0.11,0,-1.74,,,sl
1926103700,2026-01-05T13:09:57.344000,2026-01-05T13:20:05.354000,sell,0.01,0.01,XAUUSD,4408.889,4413.113,4413.113,4400.585,-0.11,0,-4.22,,,sl
1926123209,2026-01-05T13:18:52.635000,2026-01-05T13:19:21.306000,sell,0.01,0.01,XAUUSD,4411.516,4412.552,4412.552,4396.523,-0.11,0,-1.03,,,sl
1926112613,2026-01-05T13:13:13.399000,2026-01-05T13:13:41.228000,sell,0.01,0.01,XAUUSD,4411.568,4409.985,4412.901,4398.07,-0.11,0,1.58,,,user
1926090624,2026-01-05T13:06:57.661000,2026-01-05T13:08:07.708000,buy,0.01,0.01,XAUUSD,4418.827,4413.996,4415.164,4431.234,-0.11,0,-4.83,,,sl
1926092630,2026-01-05T13:07:42.669000,2026-01-05T13:07:49.419000,buy,0.01,0.01,XAUUSD,4417.331,4416.925,4416.925,4429.806,-0.11,0,-0.4,,,sl
1926081124,2026-01-05T13:04:18.084000,2026-01-05T13:05:10.809000,buy,0.01,0.01,XAUUSD,4415.316,4415.612,4412.78,4428.845,-0.11,0,0.29,,,user
1926035790,2026-01-05T12:46:21.481000,2026-01-05T13:01:23.710000,sell,0.01,0.01,XAUUSD,4410.86,4412.391,4412.391,4404.485,-0.11,0,-1.53,,,sl
1925955624,2026-01-05T12:06:40.094000,2026-01-05T12:43:22.365000,sell,0.01,0.01,XAUUSD,4417.139,4408.29,4419.773,4405.811,-0.11,0,8.85,,,user
1925942650,2026-01-05T11:59:55.355000,2026-01-05T12:01:04.812000,sell,0.01,0.01,XAUUSD,4419.353,4421.361,4426.172,4405.056,-0.11,0,-2.01,,,user
1925914179,2026-01-05T11:43:58.797000,2026-01-05T11:59:04.592000,sell,0.01,0.03,XAUUSD,4423.851,4420.482,4428.206,4414.833,-0.33,0,3.37,,,user
1925914179,2026-01-05T11:43:58.797000,2026-01-05T11:47:26.685000,sell,0.01,0.03,XAUUSD,4423.851,4423.068,4428.206,4414.833,,0,0.78,,,user
1925914179,2026-01-05T11:43:58.797000,2026-01-05T11:45:46.609000,sell,0.01,0.03,XAUUSD,4423.851,4423.737,4428.206,4414.833,,0,0.11,,,user
1925901768,2026-01-05T11:39:23.197000,2026-01-05T11:43:21.520000,sell,0.02,0.02,XAUUSD,4422.607,4424.167,4424.167,4414.444,-0.22,0,-3.12,,,sl
1925907886,2026-01-05T11:40:27.466000,2026-01-05T11:40:34.724000,sell,0.02,0.02,XAUUSD,4422.197,4423.013,4423.013,4414.073,-0.22,0,-1.64,,,sl
1925905098,2026-01-05T11:38:21.718000,2026-01-05T11:39:28.703000,sell,0.02,0.02,XAUUSD,4421.834,4422.843,4422.843,4418.236,-0.22,0,-2.02,,,sl
1925898008,2026-01-05T11:35:01.263000,2026-01-05T11:37:06.156000,sell,0.01,0.01,XAUUSD,4420.059,4422.003,4422.003,4413.976,-0.11,0,-1.94,,,sl
1925887746,2026-01-05T11:30:55.500000,2026-01-05T11:32:05.482000,sell,0.01,0.01,XAUUSD,4415.851,4418.029,4418.029,4412.885,-0.11,0,-2.18,,,sl
1925889109,2026-01-05T11:31:16.210000,2026-01-05T11:32:00.609000,sell,0.01,0.01,XAUUSD,4416.035,4417.461,4417.461,4412.311,-0.11,0,-1.42,,,sl
1925863561,2026-01-05T11:25:33.819000,2026-01-05T11:25:43.512000,buy,0.01,0.01,XAUUSD,4426.729,4426.466,4426.466,4432.28,-0.11,0,-0.26,,,sl
1925849777,2026-01-05T11:18:43.938000,2026-01-05T11:25:43.392000,buy,0.01,0.01,XAUUSD,4428.517,4426.348,4426.348,4438.928,-0.11,0,-2.17,,,sl
1925861703,2026-01-05T11:24:41.024000,2026-01-05T11:25:01.582000,buy,0.01,0.01,XAUUSD,4426.818,4428.072,4426.466,4432.425,-0.11,0,1.25,,,user
1925847257,2026-01-05T11:17:44.899000,2026-01-05T11:18:41.106000,buy,0.01,0.01,XAUUSD,4429.567,4427.821,4427.821,4435.007,-0.11,0,-1.75,,,sl
1925849064,2026-01-05T11:18:27.782000,2026-01-05T11:18:31.618000,buy,0.01,0.01,XAUUSD,4428.752,4429.028,4426.376,4433.566,-0.11,0,0.28,,,user
1925840025,2026-01-05T11:15:16.525000,2026-01-05T11:15:26.655000,buy,0.01,0.01,XAUUSD,4433.062,4432.542,4432.542,4438.655,-0.11,0,-0.52,,,sl
1925819380,2026-01-05T11:03:40.597000,2026-01-05T11:04:17.679000,buy,0.01,0.01,XAUUSD,4433.532,4432.59,4432.59,4438.981,-0.11,0,-0.94,,,sl
1925817337,2026-01-05T11:02:47.597000,2026-01-05T11:02:51.020000,buy,0.01,0.01,XAUUSD,4433.367,4432.564,4433.115,4438.945,-0.11,0,-0.81,,,sl
1925809119,2026-01-05T10:58:31.301000,2026-01-05T11:01:40.469000,buy,0.01,0.01,XAUUSD,4435.891,4434.56,4434.56,4439.521,-0.11,0,-1.33,,,sl
1925806977,2026-01-05T10:57:38.107000,2026-01-05T10:58:03.058000,buy,0.01,0.01,XAUUSD,4436.901,4435.888,4435.888,4442.128,-0.11,0,-1.01,,,sl
1925803334,2026-01-05T10:55:16.538000,2026-01-05T10:56:29.511000,buy,0.01,0.01,XAUUSD,4437.83,4438.024,4435.966,4442.949,-0.11,0,0.19,,,user
1925739690,2026-01-05T10:16:05.949000,2026-01-05T10:32:16.433000,buy,0.01,0.01,XAUUSD,4432.672,4436.006,4431.467,4439.193,-0.11,0,3.34,,,user
1925743099,2026-01-05T10:19:05.212000,2026-01-05T10:19:39.038000,buy,0.01,0.01,XAUUSD,4431.773,4432.168,4430.889,4433.741,-0.11,0,0.4,,,user
1925734545,2026-01-05T10:11:33.718000,2026-01-05T10:13:44.660000,buy,0.01,0.01,XAUUSD,4432.296,4433.4580000000005,4431.394,4433.886,-0.11,0,1.16,,,user
1925729799,2026-01-05T10:08:00.270000,2026-01-05T10:09:23.483000,buy,0.01,0.01,XAUUSD,4432.5,4432.752,4431.069,4434.283,-0.11,0,0.25,,,user
1925718025,2026-01-05T10:02:29.394000,2026-01-05T10:02:33.975000,buy,0.01,0.01,XAUUSD,4434.2,4433.644,4433.644,4438.494,-0.11,0,-0.56,,,sl
1925704941,2026-01-05T09:54:16.001000,2026-01-05T09:54:28.576000,buy,0.01,0.01,XAUUSD,4435.833,4435.025000000001,4435.294,4440.15,-0.11,0,-0.8,,,sl
1925671260,2026-01-05T09:36:42.898000,2026-01-05T09:48:22.278000,buy,0.01,0.01,BTCUSD,92534.52,92792.68000000001,92191.4,93139.66,-0.16,0,2.58,,,user
1925693769,2026-01-05T09:47:09.405000,2026-01-05T09:47:38.109000,buy,0.01,0.01,XAUUSD,4435.385,4434.77,4434.77,4436.546,-0.11,0,-0.62,,,sl
1925677013,2026-01-05T09:40:57.100000,2026-01-05T09:42:57.199000,sell,0.01,0.01,XAUUSD,4433.52,4434.7,4434.7,4429.237,-0.11,0,-1.18,,,sl
1925659239,2026-01-05T09:26:05.712000,2026-01-05T09:30:06.555000,buy,0.01,0.01,XAUUSD,4432.711,4432.377,4432.377,4435.886,-0.11,0,-0.33,,,sl
1925642575,2026-01-05T09:15:13.238000,2026-01-05T09:22:54.534000,buy,0.01,0.01,XAUUSD,4430.049,4433.349,4431.057,4435.555,-0.11,0,3.3,,,user
1925639523,2026-01-05T09:14:01.206000,2026-01-05T09:14:07.003000,buy,0.01,0.01,XAUUSD,4429.462,4429.825,4428.577,4433.124,-0.11,0,0.37,,,user
1925636448,2026-01-05T09:12:49.239000,2026-01-05T09:13:09.505000,buy,0.01,0.01,XAUUSD,4427.182,4429.512,4426.071,4430.69,-0.11,0,2.33,,,user
1925634562,2026-01-05T09:11:29.059000,2026-01-05T09:12:16.818000,buy,0.01,0.01,XAUUSD,4426.916,4426.092,4426.427,4428.34,-0.11,0,-0.83,,,sl
1925632237,2026-01-05T09:09:55.103000,2026-01-05T09:10:31.778000,buy,0.01,0.01,XAUUSD,4427.367,4426.943,4426.399,4430.842,-0.11,0,-0.43,,,user
1925618901,2026-01-05T09:03:12.574000,2026-01-05T09:03:21.245000,buy,0.01,0.01,XAUUSD,4429.922,4430.276,4429.478,4433.519,-0.11,0,0.36,,,user
1925608987,2026-01-05T08:56:06.965000,2026-01-05T08:58:01.025000,buy,0.01,0.01,XAUUSD,4431.56,4431.819,4430.325,4432.898,-0.11,0,0.26,,,user
1925582594,2026-01-05T08:40:57.143000,2026-01-05T08:43:40.933000,buy,0.01,0.01,XAUUSD,4427.403,4429.958,4426.357,4429.958,-0.11,0,2.56,,,tp
1925553987,2026-01-05T08:25:02.928000,2026-01-05T08:28:18.386000,buy,0.01,0.01,XAUUSD,4428.498,4429.503,4425.91,4431.587,-0.11,0,1,,,user
1925502271,2026-01-05T07:57:18.875000,2026-01-05T07:59:02.233000,buy,0.01,0.01,XAUUSD,4421.79,4421.77,4420.621,4423.581,-0.11,0,-0.02,,,user
1925192614,2026-01-05T04:59:29.468000,2026-01-05T05:02:14.293000,buy,0.01,0.01,XAUUSD,4404.515,4405.708,4403.525,4405.708,-0.11,0,1.19,,,tp
1925184672,2026-01-05T04:52:49.545000,2026-01-05T04:58:56.176000,buy,0.01,0.02,XAUUSD,4404.361,4405.589,4403.415,4405.589,-0.22,0,1.23,,,tp
1925184672,2026-01-05T04:52:49.545000,2026-01-05T04:57:28.272000,buy,0.01,0.02,XAUUSD,4404.361,4404.535,4403.415,4405.589,,0,0.18,,,user
1925189422,2026-01-05T04:56:27.521000,2026-01-05T04:56:37.214000,buy,0.01,0.01,XAUUSD,4403.843,4404.227,4403.168,,-0.11,0,0.39,,,user
1925187994,2026-01-05T04:55:18.275000,2026-01-05T04:55:33.488000,buy,0.01,0.01,XAUUSD,4403.756,4404.177,4402.873,,-0.11,0,0.42,,,user
1925176755,2026-01-05T04:47:42.877000,2026-01-05T04:50:07.234000,buy,0.01,0.02,XAUUSD,4406.31,4407.415,4405.589,4407.415,-0.22,0,1.11,,,tp
1925176755,2026-01-05T04:47:42.877000,2026-01-05T04:48:28.573000,buy,0.01,0.02,XAUUSD,4406.31,4406.637,4405.589,4407.415,,0,0.33,,,user
1925164964,2026-01-05T04:39:03.561000,2026-01-05T04:39:31.508000,buy,0.01,0.01,XAUUSD,4405.23,4404.237,4404.438,,-0.11,0,-0.99,,,sl
1925163300,2026-01-05T04:37:21.488000,2026-01-05T04:38:16.381000,buy,0.01,0.01,XAUUSD,4405.415,4405.763,4404.557,4406.502,-0.11,0,0.34,,,user
1925154278,2026-01-05T04:30:08.042000,2026-01-05T04:36:39.645000,sell,0.01,0.01,XAUUSD,4404.71,4406.621,4406.621,4402.295,-0.11,0,-1.91,,,sl
1925148797,2026-01-05T04:25:19.713000,2026-01-05T04:28:13.583000,sell,0.01,0.01,XAUUSD,4404.787,4405.1410000000005,4406.105,4403.168,-0.11,0,-0.35,,,user
1925132160,2026-01-05T04:13:21.978000,2026-01-05T04:14:02.676000,sell,0.01,0.01,XAUUSD,4400,4399.294,4400.941,,-0.11,0,0.71,,,user
1925126396,2026-01-05T04:09:08.284000,2026-01-05T04:12:06.729000,sell,0.01,0.02,XAUUSD,4402.416,4400.926,4403.581,4398.291,-0.22,0,1.49,,,user
1925126396,2026-01-05T04:09:08.284000,2026-01-05T04:09:31.214000,sell,0.01,0.02,XAUUSD,4402.416,4401.948,4403.581,4398.291,,0,0.47,,,user
1925124190,2026-01-05T04:07:30.586000,2026-01-05T04:08:46.944000,sell,0.01,0.02,XAUUSD,4403.263,4403.113,4404.712,,-0.22,0,0.15,,,user
1925124190,2026-01-05T04:07:30.586000,2026-01-05T04:08:04.773000,sell,0.01,0.02,XAUUSD,4403.263,4402.673,4404.712,,,0,0.59,,,user
1925111135,2026-01-05T04:02:08.277000,2026-01-05T04:04:48.845000,sell,0.01,0.01,XAUUSD,4400.867,4402.366,4402.21,4396.404,-0.11,0,-1.5,,,sl
1925108309,2026-01-05T04:00:54.823000,2026-01-05T04:01:01.056000,sell,0.01,0.01,XAUUSD,4399.223,4400.7660000000005,4400.516,,-0.11,0,-1.55,,,sl
1925102871,2026-01-05T03:59:19.371000,2026-01-05T03:59:29.062000,buy,0.01,0.01,XAUUSD,4402.64,4402.233,4402.233,,-0.11,0,-0.41,,,sl
1925100421,2026-01-05T03:58:16.690000,2026-01-05T03:58:28.837000,buy,0.01,0.01,XAUUSD,4404.222,4403.661,4403.661,,-0.11,0,-0.56,,,sl
1925097882,2026-01-05T03:57:07.140000,2026-01-05T03:57:17.587000,buy,0.01,0.01,XAUUSD,4405.02,4403.854,4403.854,,-0.11,0,-1.17,,,sl
1925078430,2026-01-05T03:41:06.240000,2026-01-05T03:48:19.554000,buy,0.01,0.01,XAUUSD,4408.884,4407.882,4407.882,4422.307,-0.11,0,-1,,,sl
1925070336,2026-01-05T03:35:38.082000,2026-01-05T03:36:41.668000,buy,0.01,0.01,XAUUSD,4404.076,4405.787,4403.679,4405.787,-0.11,0,1.71,,,tp
1925065798,2026-01-05T03:33:03.697000,2026-01-05T03:34:12.603000,buy,0.01,0.01,XAUUSD,4404.407,4405.682,4402.806,4405.839,-0.11,0,1.27,,,user
1925062736,2026-01-05T03:31:31.516000,2026-01-05T03:31:58.608000,buy,0.01,0.01,XAUUSD,4405.56,4403.981,4404.4,,-0.11,0,-1.58,,,sl
1925058503,2026-01-05T03:29:04.803000,2026-01-05T03:29:26.300000,buy,0.01,0.01,XAUUSD,4406.681,4407.417,4406.145,,-0.11,0,0.74,,,user
1925054553,2026-01-05T03:27:16.165000,2026-01-05T03:27:37.958000,buy,0.01,0.01,XAUUSD,4407.54,4406.174,4406.469,,-0.11,0,-1.37,,,sl
1925049342,2026-01-05T03:23:23.706000,2026-01-05T03:27:33.384000,buy,0.01,0.01,XAUUSD,4409.401,4406.582,4406.582,4416.9,-0.11,0,-2.82,,,sl
1925028427,2026-01-05T03:08:57.416000,2026-01-05T03:09:01.521000,buy,0.01,0.01,XAUUSD,4410.917,4410.179,4410.179,,-0.11,0,-0.74,,,sl
1925021855,2026-01-05T03:04:36.409000,2026-01-05T03:04:54.710000,buy,0.01,0.01,XAUUSD,4411.153,4411.5960000000005,4410.154,,-0.11,0,0.45,,,user
1925011775,2026-01-05T03:00:05.224000,2026-01-05T03:02:16.350000,buy,0.01,0.01,XAUUSD,4405.7,4409.209,4402.764,4409.209,-0.11,0,3.51,,,tp
1925000450,2026-01-05T02:53:20.904000,2026-01-05T02:58:33.287000,buy,0.01,0.01,XAUUSD,4407.796,4406.328,4405.598,4422.288,-0.11,0,-1.47,,,user
1925006664,2026-01-05T02:57:11.442000,2026-01-05T02:58:23.905000,buy,0.01,0.01,XAUUSD,4406.843,4405.82,4405.82,,-0.11,0,-1.02,,,sl
1924998453,2026-01-05T02:52:35.993000,2026-01-05T02:52:52.088000,buy,0.01,0.01,XAUUSD,4407.013,4407.872,4405.764,,-0.11,0,0.86,,,user
1924994397,2026-01-05T02:50:46.072000,2026-01-05T02:51:03.937000,buy,0.01,0.01,XAUUSD,4403.165,4403.95,4402.54,,-0.11,0,0.78,,,user
1924993912,2026-01-05T02:50:17.800000,2026-01-05T02:50:25.144000,buy,0.01,0.01,XAUUSD,4403.722,4404.149,,,-0.11,0,0.43,,,user
1924985961,2026-01-05T02:45:45.027000,2026-01-05T02:45:52.254000,buy,0.01,0.01,XAUUSD,4400.319,4400.593,4399.704,,-0.11,0,0.27,,,user
1924983147,2026-01-05T02:44:07.919000,2026-01-05T02:44:13.535000,buy,0.01,0.01,XAUUSD,4401.126,4401.863,4400.481,,-0.11,0,0.73,,,user
1924980739,2026-01-05T02:42:44.660000,2026-01-05T02:43:03.618000,buy,0.01,0.01,XAUUSD,4403.781,4404.944,,,-0.11,0,1.16,,,user
1924979345,2026-01-05T02:41:55.899000,2026-01-05T02:42:26.487000,buy,0.01,0.01,XAUUSD,4403.99,4402.611,,,-0.11,0,-1.38,,,user
1924976047,2026-01-05T02:39:50.476000,2026-01-05T02:41:01.612000,buy,0.01,0.01,XAUUSD,4402.547,4404.467,4400.943,,-0.11,0,1.92,,,user
1924975353,2026-01-05T02:39:09.446000,2026-01-05T02:39:20.448000,buy,0.01,0.01,XAUUSD,4404.068,4403.24,,,-0.11,0,-0.83,,,user
1924973508,2026-01-05T02:37:45.943000,2026-01-05T02:38:02.139000,buy,0.01,0.01,XAUUSD,4403.718,4403.505,4400.851,,-0.11,0,-0.21,,,user
1924972898,2026-01-05T02:37:13.760000,2026-01-05T02:37:35.604000,buy,0.01,0.01,XAUUSD,4404.678,4404.124,4403.333,,-0.11,0,-0.56,,,user
1924972510,2026-01-05T02:36:55.851000,2026-01-05T02:37:01.585000,buy,0.01,0.01,XAUUSD,4403.94,4403.979,4401.925,,-0.11,0,0.04,,,user
1924972315,2026-01-05T02:36:35.216000,2026-01-05T02:36:42.710000,buy,0.01,0.01,XAUUSD,4403.818,4404.116,4401.714,,-0.11,0,0.3,,,user
1924970828,2026-01-05T02:35:40.938000,2026-01-05T02:35:45.509000,buy,0.01,0.01,XAUUSD,4403.148,4403.8060000000005,4401.714,,-0.11,0,0.66,,,user
1924970331,2026-01-05T02:35:23.872000,2026-01-05T02:35:26.608000,buy,0.01,0.01,XAUUSD,4403.92,4404.034,4400.041,,-0.11,0,0.11,,,user
1924968590,2026-01-05T02:34:33.327000,2026-01-05T02:34:58.206000,buy,0.01,0.01,XAUUSD,4402.446,4402.781,4400.481,,-0.11,0,0.33,,,user
1924963433,2026-01-05T02:32:02.826000,2026-01-05T02:33:06.081000,buy,0.01,0.01,XAUUSD,4405.971,4404.84,4400.621,4419.478,-0.11,0,-1.13,,,user
1924959106,2026-01-05T02:30:06.662000,2026-01-05T02:31:13.228000,buy,0.01,0.01,XAUUSD,4403.714,4404.843,4400.766,4409.546,-0.11,0,1.13,,,user
1924948480,2026-01-05T02:24:01.975000,2026-01-05T02:24:36.475000,buy,0.01,0.01,XAUUSD,4395.207,4396.282,4394.544,4396.282,-0.11,0,1.07,,,tp
1924947542,2026-01-05T02:22:53.779000,2026-01-05T02:23:07.528000,buy,0.01,0.01,XAUUSD,4395.49,4395.85,4394.247,,-0.11,0,0.36,,,user
1924945911,2026-01-05T02:21:01.424000,2026-01-05T02:21:31.230000,buy,0.01,0.01,XAUUSD,4395.628,4394.548,4394.548,,-0.11,0,-1.08,,,sl
1924945528,2026-01-05T02:20:39.643000,2026-01-05T02:20:51.655000,buy,0.01,0.01,XAUUSD,4395.854,4395.196,4395.196,,-0.11,0,-0.65,,,sl
1924943244,2026-01-05T02:19:01.464000,2026-01-05T02:19:39.409000,buy,0.01,0.01,XAUUSD,4396.147,4394.968,4394.968,,-0.11,0,-1.18,,,sl
1924936154,2026-01-05T02:15:05.599000,2026-01-05T02:15:12.951000,buy,0.01,0.01,XAUUSD,4393.557,4394.435,4392.605,,-0.11,0,0.88,,,user
1924935233,2026-01-05T02:14:09.928000,2026-01-05T02:14:21.475000,buy,0.01,0.01,XAUUSD,4393.879,4394.528,4392.03,,-0.11,0,0.65,,,user
1924930169,2026-01-05T02:10:12.323000,2026-01-05T02:10:26.218000,buy,0.01,0.01,XAUUSD,4390.315,4392.512,4388.638,,-0.11,0,2.19,,,user
1924922439,2026-01-05T02:07:03.690000,2026-01-05T02:07:29.608000,buy,0.01,0.01,XAUUSD,4393.37,4393.956,4392.505,,-0.11,0,0.59,,,user
1924918351,2026-01-05T02:05:11.855000,2026-01-05T02:05:53.830000,buy,0.01,0.01,XAUUSD,4399.263,4396.719,4395.765,,-0.11,0,-2.54,,,user
1924914561,2026-01-05T02:02:52.062000,2026-01-05T02:04:54.667000,buy,0.01,0.02,XAUUSD,4397.338,4398.459,4391.221,,-0.22,0,1.12,,,user
1924914561,2026-01-05T02:02:52.062000,2026-01-05T02:03:07.534000,buy,0.01,0.02,XAUUSD,4397.338,4397.106,4391.221,,,0,-0.23,,,user
1924903249,2026-01-05T01:57:02.044000,2026-01-05T02:01:58.869000,buy,0.01,0.02,XAUUSD,4399.838,4398.531,4398.531,4423.885,-0.22,0,-1.31,,,sl
1924903249,2026-01-05T01:57:02.044000,2026-01-05T01:58:45.545000,buy,0.01,0.02,XAUUSD,4399.838,4401.31,4398.531,4423.885,,0,1.47,,,user
1924901288,2026-01-05T01:55:32.906000,2026-01-05T01:56:08.196000,buy,0.01,0.01,XAUUSD,4399.419,4397.589,4393.098,4411.373,-0.11,0,-1.83,,,user
1924899081,2026-01-05T01:54:31.341000,2026-01-05T01:55:12.691000,buy,0.01,0.01,XAUUSD,4399.213,4398.2080000000005,4395.469,4411.274,-0.11,0,-1,,,user
1924895132,2026-01-05T01:52:38.565000,2026-01-05T01:53:08.702000,buy,0.01,0.01,XAUUSD,4393.159,4395.348,4391.517,,-0.11,0,2.19,,,user
1924890574,2026-01-05T01:51:03.853000,2026-01-05T01:51:39.235000,buy,0.01,0.01,XAUUSD,4394.061,4395.3640000000005,4393.064,4398.432,-0.11,0,1.3,,,user
1924886622,2026-01-05T01:49:37.410000,2026-01-05T01:49:50.636000,buy,0.01,0.01,XAUUSD,4400.813,4401.438,4397.839,,-0.11,0,0.63,,,user
1924883551,2026-01-05T01:47:36.654000,2026-01-05T01:48:03.939000,buy,0.05,0.05,XAUUSD,4401.993,4403.284,4397.839,,-0.55,0,6.45,,,user
1924872887,2026-01-05T01:42:07.983000,2026-01-05T01:47:09.211000,buy,0.02,0.05,XAUUSD,4401.575,4401.89,4401.89,,-0.55,0,0.63,,,sl
1924872887,2026-01-05T01:42:07.983000,2026-01-05T01:46:01.734000,buy,0.03,0.05,XAUUSD,4401.575,4406.612,4401.89,,,0,15.11,,,user
1924875216,2026-01-05T01:43:15.837000,2026-01-05T01:44:29.173000,buy,0.05,0.05,XAUUSD,4399.235,4401.904,4389.273,,-0.55,0,13.34,,,user
1924869300,2026-01-05T01:40:02.424000,2026-01-05T01:41:58.651000,buy,0.05,0.05,XAUUSD,4404.731,4401.609,,,-0.55,0,-15.61,,,user
1924863536,2026-01-05T01:37:22.098000,2026-01-05T01:38:52.580000,buy,0.01,0.01,XAUUSD,4398.798,4401.811,4393.295,4409.891,-0.11,0,3.01,,,user
1924860682,2026-01-05T01:35:18.554000,2026-01-05T01:35:32.989000,buy,0.05,0.05,XAUUSD,4396.389,4397.769,4392.192,,-0.55,0,6.9,,,user
1924854287,2026-01-05T01:32:01.888000,2026-01-05T01:34:17.387000,buy,0.02,0.05,XAUUSD,4394.308,4398.158,4387.452,4408.532,-0.55,0,7.7,,,user
1924854287,2026-01-05T01:32:01.888000,2026-01-05T01:33:58.393000,buy,0.03,0.05,XAUUSD,4394.308,4400.3,4387.452,4408.532,,0,17.98,,,user
1924850083,2026-01-05T01:30:14.833000,2026-01-05T01:30:42.994000,buy,0.05,0.05,XAUUSD,4398.793,4395.957,,,-0.55,0,-14.18,,,user
1924843071,2026-01-05T01:26:54.105000,2026-01-05T01:29:04.285000,buy,0.02,0.02,XAUUSD,4400.175,4395.482,4395.813,4414.519,-0.22,0,-9.39,,,sl
1924840069,2026-01-05T01:25:54.865000,2026-01-05T01:27:07.449000,buy,0.02,0.02,XAUUSD,4403.942,4397.387,4397.975,4410.101,-0.22,0,-13.11,,,sl
1924822906,2026-01-05T01:18:13.578000,2026-01-05T01:18:52.892000,buy,0.02,0.02,XAUUSD,4400.281,4402.569,4396.753,4403.933,-0.22,0,4.58,,,user
1924818878,2026-01-05T01:16:29.325000,2026-01-05T01:18:01.619000,buy,0.02,0.02,XAUUSD,4402.907,4398.5070000000005,4396.659,4409.161,-0.22,0,-8.8,,,user
1924817269,2026-01-05T01:15:55.577000,2026-01-05T01:16:16.520000,buy,0.02,0.02,XAUUSD,4401.98,4403.259,4396.847,4406.742,-0.22,0,2.56,,,user
1924804075,2026-01-05T01:11:22.923000,2026-01-05T01:15:26.992000,buy,0.01,0.02,XAUUSD,4404.102,4401.545,4396.941,4409.496,-0.22,0,-2.55,,,user
1924810096,2026-01-05T01:13:11.669000,2026-01-05T01:13:35.504000,buy,0.02,0.02,XAUUSD,4398.355,4400.445,4394.557,4402.488,-0.22,0,4.18,,,user
1924804075,2026-01-05T01:11:22.923000,2026-01-05T01:12:08.178000,buy,0.01,0.02,XAUUSD,4404.102,4406.567,4396.941,4409.496,,0,2.47,,,user
1924799815,2026-01-05T01:10:09.367000,2026-01-05T01:10:39.537000,buy,0.01,0.01,XAUUSD,4409.703,4404.198,4401.778,4416.008,-0.11,0,-5.5,,,user
1924789609,2026-01-05T01:06:36.615000,2026-01-05T01:07:35.063000,buy,0.01,0.01,XAUUSD,4407.615,4411.346,4394.967,4411.346,-0.11,0,3.73,,,tp
1924775551,2026-01-05T01:03:31.472000,2026-01-05T01:04:02.524000,buy,0.01,0.01,XAUUSD,4408.23,4411.15,4396.928,4411.15,-0.11,0,2.92,,,tp
1924764289,2026-01-05T01:00:59.558000,2026-01-05T01:01:52.992000,buy,0.01,0.01,XAUUSD,4399.481,4396.928,4396.928,4404.476,-0.11,0,-2.55,,,sl
1924748113,2026-01-05T00:52:32.069000,2026-01-05T00:56:39.707000,buy,0.01,0.01,XAUUSD,4390.957,4392.21,4389.46,4398.858,-0.11,0,1.25,,,user
1924740403,2026-01-05T00:48:46.728000,2026-01-05T00:49:43.498000,buy,0.01,0.01,XAUUSD,4387.704,4391.602,4385.039,4391.602,-0.11,0,3.9,,,tp
1924737343,2026-01-05T00:46:53.607000,2026-01-05T00:47:34.491000,buy,0.01,0.01,XAUUSD,4387.145,4386.349,4385.295,4393.818,-0.11,0,-0.8,,,user
1924729518,2026-01-05T00:41:36.833000,2026-01-05T00:43:56.380000,buy,0.01,0.02,XAUUSD,4388.489,4388.1720000000005,4386.904,4406.005,-0.22,0,-0.32,,,user
1924729518,2026-01-05T00:41:36.833000,2026-01-05T00:42:01.925000,buy,0.01,0.02,XAUUSD,4388.489,4389.082,4386.904,4406.005,,0,0.59,,,user
1924726995,2026-01-05T00:40:47.441000,2026-01-05T00:40:57.855000,buy,0.01,0.01,XAUUSD,4388.363,4386.566,4386.77,4392.537,-0.11,0,-1.79,,,sl
1924714361,2026-01-05T00:34:35.696000,2026-01-05T00:36:34.892000,buy,0.01,0.01,XAUUSD,4388.757,4390.9890000000005,4386.403,4393.818,-0.11,0,2.23,,,user
1924670667,2026-01-05T00:09:58.107000,2026-01-05T00:24:20.095000,buy,0.01,0.03,XAUUSD,4375.502,4384.265,4371.984,4404.522,-0.33,0,8.77,,,user
1924670667,2026-01-05T00:09:58.107000,2026-01-05T00:23:06.896000,buy,0.01,0.03,XAUUSD,4375.502,4384.476,4371.984,4404.522,,0,8.98,,,user
1924680991,2026-01-05T00:15:22.311000,2026-01-05T00:22:57.247000,buy,0.01,0.01,XAUUSD,4378.696,4384.609,4372.156,4389.447,-0.11,0,5.91,,,user
1924670667,2026-01-05T00:09:58.107000,2026-01-05T00:14:24.201000,buy,0.01,0.03,XAUUSD,4375.502,4379.71,4371.984,4404.522,,0,4.21,,,user
1924669448,2026-01-05T00:09:02.224000,2026-01-05T00:09:53.442000,sell,0.03,0.03,XAUUSD,4372.343,4374.603,4374.332,4365.728,-0.33,0,-6.78,,,sl
1924667100,2026-01-05T00:06:47.313000,2026-01-05T00:07:50.926000,buy,0.02,0.02,XAUUSD,4373.55,4371.636,4371.636,4380.665,-0.22,0,-3.83,,,sl
1924664196,2026-01-05T00:05:05.614000,2026-01-05T00:05:26.427000,sell,0.02,0.02,XAUUSD,4370.46,4371.784,4371.784,4368.327,-0.22,0,-2.65,,,sl
1924663258,2026-01-05T00:04:43.906000,2026-01-05T00:04:55.564000,buy,0.02,0.02,XAUUSD,4372.185,4371.618,4371.01,4378.868,-0.22,0,-1.13,,,user
1924658996,2026-01-05T00:01:25.626000,2026-01-05T00:02:16.539000,buy,0.01,0.01,XAUUSD,4374.399,4373.604,4372.119,4405.079,-0.11,0,-0.8,,,user
1924655900,2026-01-05T00:00:22.718000,2026-01-05T00:01:15.707000,buy,0.01,0.01,XAUUSD,4373.707,4374.68,4371.522,4379.953,-0.11,0,0.97,,,user
1924647106,2026-01-04T23:54:41.746000,2026-01-04T23:58:58.941000,buy,0.01,0.02,XAUUSD,4373.655,4373.929,4371.636,4388.562,-0.22,0,0.27,,,user
1924647106,2026-01-04T23:54:41.746000,2026-01-04T23:57:54.173000,buy,0.01,0.02,XAUUSD,4373.655,4375.541,4371.636,4388.562,,0,1.88,,,user
1924644850,2026-01-04T23:53:29.551000,2026-01-04T23:54:15.829000,buy,0.02,0.02,XAUUSD,4374.53,4372.546,4372.546,4382.558,-0.22,0,-3.97,,,sl
1924641781,2026-01-04T23:52:02.886000,2026-01-04T23:52:52.521000,sell,0.01,0.01,XAUUSD,4373.659,4375.693,4374.92,4366.303,-0.11,0,-2.03,,,sl
1924635332,2026-01-04T23:49:24.005000,2026-01-04T23:49:26.527000,buy,0.02,0.02,XAUUSD,4369.207,4368.668,4365.769,4372.665,-0.22,0,-1.07,,,user
1924628953,2026-01-04T23:44:34.015000,2026-01-04T23:48:13.987000,buy,0.01,0.01,XAUUSD,4362.451,4365.385,4363.07,4369.545,-0.11,0,2.94,,,user
1924620182,2026-01-04T23:37:45.538000,2026-01-04T23:42:03.990000,buy,0.01,0.01,XAUUSD,4359.006,4362.8240000000005,4361.897,4365.67,-0.11,0,3.81,,,user
1924617090,2026-01-04T23:35:39.906000,2026-01-04T23:36:03.492000,buy,0.02,0.02,XAUUSD,4356.798,4357.072,4354.085,4360.339,-0.22,0,0.54,,,user
1924614748,2026-01-04T23:34:18.214000,2026-01-04T23:34:38.944000,buy,0.02,0.02,XAUUSD,4355.723,4357.733,4352.388,4357.733,-0.22,0,4.02,,,tp
1924608199,2026-01-04T23:30:45.279000,2026-01-04T23:31:16.778000,buy,0.02,0.02,XAUUSD,4365.067,4362.193,4362.193,4367.538,-0.22,0,-5.74,,,sl
1924601918,2026-01-04T23:25:02.059000,2026-01-04T23:27:23.944000,sell,0.02,0.02,XAUUSD,4365.586,4367.041,4367.041,4360.666,-0.22,0,-2.91,,,sl
1924599319,2026-01-04T23:23:03.437000,2026-01-04T23:24:46.777000,buy,0.01,0.02,XAUUSD,4368.538,4365.787,4365.787,4374.397,-0.22,0,-2.75,,,sl
1924599319,2026-01-04T23:23:03.437000,2026-01-04T23:23:44.487000,buy,0.01,0.02,XAUUSD,4368.538,4366.4130000000005,4365.787,4374.397,,0,-2.13,,,user
1924598649,2026-01-04T23:22:44.360000,2026-01-04T23:22:49.484000,sell,0.01,0.01,XAUUSD,4364.917,4368.268,4366.992,4358.377,-0.11,0,-3.35,,,sl
1924594994,2026-01-04T23:20:29.329000,2026-01-04T23:21:44.203000,buy,0.01,0.01,XAUUSD,4367.543,4365.304,4361.321,4374.413,-0.11,0,-2.24,,,user
1924572624,2026-01-04T23:09:28.578000,2026-01-04T23:13:44.728000,buy,0.01,0.01,XAUUSD,4358.038,4369.0830000000005,4359.055,4371.678,-0.11,0,11.04,,,user
1923923481,2026-01-02T16:49:06.555000,2026-01-02T17:00:23.914000,sell,0.01,0.01,XAUUSD,4324.302,4327.589,4327.589,4313.18,-0.11,0,-3.29,,,sl
1923915998,2026-01-02T16:45:45.294000,2026-01-02T16:47:19.880000,sell,0.01,0.01,XAUUSD,4323.743,4327.219,4328.26,4313.637,-0.11,0,-3.48,,,user
1923897774,2026-01-02T16:37:44.441000,2026-01-02T16:41:22.611000,sell,0.01,0.01,XAUUSD,4324.066,4325.441,4325.441,4314.556,-0.11,0,-1.37,,,sl
1923895029,2026-01-02T16:37:01.498000,2026-01-02T16:37:33.564000,sell,0.01,0.01,XAUUSD,4320.399,4324.284,4324.284,,-0.11,0,-3.88,,,sl
1923873548,2026-01-02T16:28:26.819000,2026-01-02T16:31:11.530000,sell,0.01,0.01,XAUUSD,4321.819,4317.3060000000005,4324.354,4314.035,-0.11,0,4.51,,,user
1922782081,2026-01-02T08:34:23.187000,2026-01-02T08:46:06.470000,buy,0.01,0.01,XAUUSD,4387.922,4391.219,4385.858,4404.214,-0.11,0,3.3,,,user
1922755126,2026-01-02T08:21:27.322000,2026-01-02T08:31:42.860000,buy,0.01,0.02,XAUUSD,4382.361,4385.666,4383.669,4404.514,-0.22,0,3.31,,,user
1922755126,2026-01-02T08:21:27.322000,2026-01-02T08:23:47.836000,buy,0.01,0.02,XAUUSD,4382.361,4383.767,4383.669,4404.514,,0,1.41,,,user
1922728141,2026-01-02T08:06:26.728000,2026-01-02T08:18:29.054000,buy,0.01,0.02,XAUUSD,4383.87,4383.326,4382.69,4406.493,-0.22,0,-0.54,,,user
1922735873,2026-01-02T08:10:07.257000,2026-01-02T08:11:03.263000,buy,0.01,0.01,XAUUSD,4385.731,4385.732,4384.561,4392.767,-0.11,0,0,,,user
1922728141,2026-01-02T08:06:26.728000,2026-01-02T08:08:13.728000,buy,0.01,0.02,XAUUSD,4383.87,4385.417,4382.69,4406.493,,0,1.55,,,user
1922723804,2026-01-02T08:04:03.595000,2026-01-02T08:05:31.203000,buy,0.02,0.02,XAUUSD,4383.82,4381.582,4381.582,4390.782,-0.22,0,-4.48,,,sl
1922631736,2026-01-02T07:15:22.533000,2026-01-02T07:18:13.133000,buy,0.01,0.02,XAUUSD,4376.707,4374.565,4374.565,4381.138,-0.22,0,-2.14,,,sl
1922631736,2026-01-02T07:15:22.533000,2026-01-02T07:16:26.601000,buy,0.01,0.02,XAUUSD,4376.707,4375.594,4374.565,4381.138,,0,-1.12,,,user
1922600109,2026-01-02T06:55:48.879000,2026-01-02T07:14:59.651000,sell,0.01,0.01,XAUUSD,4373.933,4378.043,4378.369,4354.656,-0.11,0,-4.11,,,user
1922596682,2026-01-02T06:53:14.889000,2026-01-02T06:55:37.211000,buy,0.01,0.01,XAUUSD,4375.74,4373.9980000000005,4373.412,4382.574,-0.11,0,-1.74,,,user
1922587183,2026-01-02T06:47:27.080000,2026-01-02T06:52:49.125000,sell,0.01,0.01,XAUUSD,4374.57,4376.351,4377.31,4367.521,-0.11,0,-1.78,,,user
1922554868,2026-01-02T06:25:13.295000,2026-01-02T06:45:42.155000,sell,0.01,0.01,XAUUSD,4377.979,4374.821,4378.614,4370.704,-0.11,0,3.16,,,user
1922573100,2026-01-02T06:38:22.926000,2026-01-02T06:40:26.017000,sell,0.01,0.01,XAUUSD,4376.668,4375.694,4381.282,4369.602,-0.11,0,0.98,,,user
1922497693,2026-01-02T05:55:49.133000,2026-01-02T06:00:30.996000,buy,0.01,0.01,XAUUSD,4381.494,4379.246,4379.246,4385.118,-0.11,0,-2.24,,,sl
1922222159,2026-01-02T03:00:27.585000,2026-01-02T03:05:21.168000,buy,0.01,0.01,XAUUSD,4363.923,4364.352,4359.413,4409.82,-0.11,0,0.43,,,user
1922216732,2026-01-02T02:57:20.562000,2026-01-02T02:57:33.183000,buy,0.01,0.01,XAUUSD,4362.611,4361.18,4357.711,4369.391,-0.11,0,-1.43,,,user
1922208360,2026-01-02T02:52:33.409000,2026-01-02T02:55:40.962000,buy,0.01,0.01,XAUUSD,4358.881,4358.717,4354.029,4371.02,-0.11,0,-0.16,,,user
1922164313,2026-01-02T02:26:21.265000,2026-01-02T02:35:37.289000,buy,0.01,0.01,XAUUSD,4347.261,4350.71,4344.879,4353.491,-0.11,0,3.45,,,user
1922153168,2026-01-02T02:18:16.138000,2026-01-02T02:20:52.786000,buy,0.01,0.02,XAUUSD,4346.537,4345.599,4345.599,4350.681,-0.22,0,-0.94,,,sl
1922153168,2026-01-02T02:18:16.138000,2026-01-02T02:18:59.721000,buy,0.01,0.02,XAUUSD,4346.537,4347.678,4345.599,4350.681,,0,1.14,,,user
1922149474,2026-01-02T02:15:25.986000,2026-01-02T02:17:02.626000,buy,0.01,0.01,XAUUSD,4347.333,4345.358,4345.645,4351.253,-0.11,0,-1.97,,,sl
1922142669,2026-01-02T02:09:12.901000,2026-01-02T02:13:04.498000,sell,0.01,0.01,XAUUSD,4347.121,4346.907,4349.771,4340.537,-0.11,0,0.21,,,user
1922131171,2026-01-02T02:01:02.249000,2026-01-02T02:05:18.420000,buy,0.01,0.01,XAUUSD,4349,4349.139,4349.139,4354.724,-0.11,0,0.14,,,sl
1922114934,2026-01-02T01:50:05.099000,2026-01-02T01:55:43.974000,buy,0.01,0.01,XAUUSD,4352.623,4349.57,4349.57,4359.619,-0.11,0,-3.05,,,sl
1922102669,2026-01-02T01:41:06.379000,2026-01-02T01:41:59.188000,sell,0.01,0.01,XAUUSD,4348.964,4346.518,4350.062,4346.518,-0.11,0,2.44,,,tp
1922101416,2026-01-02T01:40:11.564000,2026-01-02T01:40:52.399000,buy,0.01,0.01,XAUUSD,4349.456,4348.166,4348.166,,-0.11,0,-1.29,,,sl
1922092436,2026-01-02T01:33:01.827000,2026-01-02T01:36:40.547000,buy,0.01,0.01,XAUUSD,4350.473,4349.312,4348.715,4354.673,-0.11,0,-1.16,,,user
1922087025,2026-01-02T01:29:32.506000,2026-01-02T01:32:03.077000,buy,0.01,0.01,XAUUSD,4349.268,4349.481,4346.477,4354.897,-0.11,0,0.21,,,user
1922077568,2026-01-02T01:22:18.804000,2026-01-02T01:26:13,sell,0.01,0.01,XAUUSD,4347.575,4345.228,4349.986,4337.449,-0.11,0,2.35,,,user
1922075005,2026-01-02T01:20:11.322000,2026-01-02T01:20:53.874000,buy,0.01,0.01,XAUUSD,4349.202,4347.928,4346.387,,-0.11,0,-1.27,,,user
1922061938,2026-01-02T01:11:50.359000,2026-01-02T01:14:10.629000,buy,0.01,0.01,XAUUSD,4349.828,4348.45,4346.387,4354.782,-0.11,0,-1.38,,,user
1922029408,2026-01-02T00:51:53.713000,2026-01-02T01:01:29.393000,buy,0.01,0.01,XAUUSD,4352.002,4353.476,4348.571,,-0.11,0,1.48,,,user
1922018383,2026-01-02T00:43:08.171000,2026-01-02T00:50:51.338000,buy,0.01,0.02,XAUUSD,4349.8,4351.217,4348.701,,-0.22,0,1.42,,,user
1922018383,2026-01-02T00:43:08.171000,2026-01-02T00:43:24.796000,buy,0.01,0.02,XAUUSD,4349.8,4349.701,4348.701,,,0,-0.1,,,user
1921997976,2026-01-02T00:28:20.894000,2026-01-02T00:39:59.871000,buy,0.01,0.01,XAUUSD,4346.522,4348.763,4343.465,4354.909,-0.11,0,2.24,,,user
1921969354,2026-01-02T00:07:06.625000,2026-01-02T00:20:04.087000,buy,0.01,0.01,XAUUSD,4347.028,4343.934,4344.389,4355.291,-0.11,0,-3.1,,,sl
1921318887,2025-12-31T14:49:14.983000,2025-12-31T14:50:20.170000,buy,0.01,0.01,XAUUSD,4345.481,4345.984,4342.882,,-0.11,0,0.5,,,user
1921313462,2025-12-31T14:47:28.852000,2025-12-31T14:47:58.927000,buy,0.01,0.01,XAUUSD,4348.846,4348.183,4343.047,4355.126,-0.11,0,-0.67,,,user
1921301133,2025-12-31T14:42:53.233000,2025-12-31T14:45:20.103000,buy,0.01,0.01,XAUUSD,4338.232,4344.189,4338.57,4346.807,-0.11,0,5.96,,,user
1921298172,2025-12-31T14:41:44.387000,2025-12-31T14:41:59.996000,buy,0.02,0.02,XAUUSD,4334.412,4337.383,,,-0.22,0,5.95,,,user
1921297269,2025-12-31T14:41:25.567000,2025-12-31T14:41:33.190000,buy,0.01,0.01,XAUUSD,4332.991,4334.11,,,-0.11,0,1.12,,,user
1921295317,2025-12-31T14:40:37.226000,2025-12-31T14:41:24.559000,buy,0.01,0.01,XAUUSD,4337.702,4333.44,4333.44,4346.931,-0.11,0,-4.26,,,sl
1921273960,2025-12-31T14:32:23.188000,2025-12-31T14:35:38.779000,buy,0.01,0.02,XAUUSD,4342.719,4342.38,4342.38,4352.744,-0.22,0,-0.34,,,sl
1921273960,2025-12-31T14:32:23.188000,2025-12-31T14:33:02.259000,buy,0.01,0.02,XAUUSD,4342.719,4346.481,4342.38,4352.744,,0,3.76,,,user
1921257737,2025-12-31T14:26:42.210000,2025-12-31T14:30:38.839000,sell,0.01,0.01,XAUUSD,4334.664,4340.486,4340.23,4314.27,-0.11,0,-5.83,,,sl
1921253341,2025-12-31T14:24:31.962000,2025-12-31T14:25:15.748000,buy,0.01,0.01,XAUUSD,4339.525,4336.655,4336.655,,-0.11,0,-2.87,,,sl
1921218871,2025-12-31T14:08:10.650000,2025-12-31T14:17:05.711000,buy,0.01,0.01,XAUUSD,4338.721,4344.133,4339.868,4348.176,-0.11,0,5.41,,,user
1921184379,2025-12-31T13:56:17.201000,2025-12-31T13:56:51.825000,buy,0.01,0.01,XAUUSD,4345.154,4346.031,,,-0.11,0,0.88,,,user
1921177109,2025-12-31T13:53:46.468000,2025-12-31T13:55:12.220000,buy,0.01,0.01,XAUUSD,4343.135,4343.918,4338.996,4349.273,-0.11,0,0.78,,,user
1921172480,2025-12-31T13:51:49.907000,2025-12-31T13:52:09.474000,buy,0.01,0.01,XAUUSD,4342.007,4339.845,4338.254,4349.676,-0.11,0,-2.16,,,user
1921116880,2025-12-31T13:26:29.921000,2025-12-31T13:32:04.483000,buy,0.01,0.01,XAUUSD,4325.128,4329.871,4325.967,4333.121,-0.11,0,4.74,,,user
1921116115,2025-12-31T13:26:06.650000,2025-12-31T13:26:22.210000,buy,0.01,0.01,XAUUSD,4325.368,4325.6,4319.504,,-0.11,0,0.23,,,user
1921103372,2025-12-31T13:20:48.078000,2025-12-31T13:23:39.140000,buy,0.01,0.03,XAUUSD,4316.743,4322.898,4319.668,4330.774,-0.33,0,6.16,,,user
1921103372,2025-12-31T13:20:48.078000,2025-12-31T13:22:27.307000,buy,0.01,0.03,XAUUSD,4316.743,4320.4220000000005,4319.668,4330.774,,0,3.68,,,user
1921103372,2025-12-31T13:20:48.078000,2025-12-31T13:21:49.557000,buy,0.01,0.03,XAUUSD,4316.743,4319.885,4319.668,4330.774,,0,3.15,,,user
1921099303,2025-12-31T13:17:41.133000,2025-12-31T13:20:39.252000,sell,0.01,0.01,XAUUSD,4314.449,4316.842,4316.53,4308.774,-0.11,0,-2.39,,,sl
1921086313,2025-12-31T13:09:30.547000,2025-12-31T13:11:52.269000,sell,0.01,0.01,XAUUSD,4311.455,4311.07,4313.221,4306.802,-0.11,0,0.39,,,user
1921087400,2025-12-31T13:10:29.516000,2025-12-31T13:11:12.305000,sell,0.01,0.01,XAUUSD,4311.43,4310.031,4317.587,,-0.11,0,1.4,,,user
1921076165,2025-12-31T13:04:37.763000,2025-12-31T13:07:26.169000,sell,0.01,0.02,XAUUSD,4313.282,4311.463,4313.078,,-0.22,0,1.82,,,user
1921076165,2025-12-31T13:04:37.763000,2025-12-31T13:06:15.642000,sell,0.01,0.02,XAUUSD,4313.282,4309.363,4313.078,,,0,3.92,,,user
1921058180,2025-12-31T12:54:06.207000,2025-12-31T13:02:05.365000,sell,0.01,0.01,XAUUSD,4314.823,4315.425,4318.221,,-0.11,0,-0.61,,,user
1921066765,2025-12-31T12:59:34.682000,2025-12-31T13:00:15.725000,sell,0.02,0.02,XAUUSD,4312.988,4315.849,4315.359,,-0.22,0,-5.72,,,sl
1921024456,2025-12-31T12:33:09.132000,2025-12-31T12:34:17.598000,sell,0.02,0.03,XAUUSD,4308.455,4310.741,4311.473,4303.626,-0.33,0,-4.57,,,user
1921024456,2025-12-31T12:33:09.132000,2025-12-31T12:34:05.316000,sell,0.01,0.03,XAUUSD,4308.455,4309.608,4311.473,4303.626,,0,-1.15,,,user
1921021511,2025-12-31T12:31:21.847000,2025-12-31T12:32:21.184000,buy,0.02,0.03,XAUUSD,4310.385,4309.871,4307.527,,-0.33,0,-1.03,,,user
1921021511,2025-12-31T12:31:21.847000,2025-12-31T12:31:44.717000,buy,0.01,0.03,XAUUSD,4310.385,4310.859,4307.527,,,0,0.47,,,user
1920997182,2025-12-31T12:17:42.272000,2025-12-31T12:30:56.026000,sell,0.01,0.02,XAUUSD,4307.996,4309.571,4315.084,4288.501,-0.22,0,-1.57,,,user
1921009524,2025-12-31T12:25:05.658000,2025-12-31T12:29:52.268000,sell,0.01,0.01,XAUUSD,4303.613,4307.53,4307.53,,-0.11,0,-3.92,,,sl
1921015911,2025-12-31T12:28:40.510000,2025-12-31T12:29:31.453000,sell,0.01,0.01,XAUUSD,4306.919,4306.598,4307.644,,-0.11,0,0.32,,,user
1920997182,2025-12-31T12:17:42.272000,2025-12-31T12:23:35.341000,sell,0.01,0.02,XAUUSD,4307.996,4306.633,4315.084,4288.501,,0,1.37,,,user
1920992453,2025-12-31T12:13:27.129000,2025-12-31T12:16:01.815000,sell,0.03,0.03,XAUUSD,4309.12,4310.2,4311.134,4305.184,-0.33,0,-3.24,,,user
1920990724,2025-12-31T12:12:13.483000,2025-12-31T12:12:42.666000,buy,0.02,0.02,XAUUSD,4310.404,4308.393,4308.393,,-0.22,0,-4.02,,,sl
1920987070,2025-12-31T12:09:49.451000,2025-12-31T12:11:56.570000,sell,0.02,0.02,XAUUSD,4309.262,4311.467,4311.467,4296.184,-0.22,0,-4.41,,,sl
1920986141,2025-12-31T12:09:16.497000,2025-12-31T12:09:39.983000,buy,0.01,0.01,XAUUSD,4311.149,4308.924,4309.402,4317.085,-0.11,0,-2.23,,,sl
1920982931,2025-12-31T12:07:31.688000,2025-12-31T12:08:44.664000,sell,0.01,0.01,XAUUSD,4307.922,4310.649,4310.649,,-0.11,0,-2.73,,,sl
1920975380,2025-12-31T12:03:23.428000,2025-12-31T12:05:10.123000,sell,0.01,0.01,XAUUSD,4310.691,4308.776,4312.825,4308.23,-0.11,0,1.91,,,user
1920960653,2025-12-31T11:54:19.810000,2025-12-31T12:00:30.707000,sell,0.01,0.01,XAUUSD,4312.486,4310.763,4315.948,,-0.11,0,1.73,,,user
1920956372,2025-12-31T11:50:46.349000,2025-12-31T11:51:03.792000,buy,0.02,0.02,XAUUSD,4315.673,4313.466,4313.466,,-0.22,0,-4.42,,,sl
1920952314,2025-12-31T11:48:56.884000,2025-12-31T11:49:56.168000,sell,0.01,0.01,XAUUSD,4312.57,4314.848,4314.848,,-0.11,0,-2.28,,,sl
1920918808,2025-12-31T11:25:55.673000,2025-12-31T11:38:23.472000,sell,0.01,0.01,XAUUSD,4311.823,4313.654,4315.759,4278.185,-0.11,0,-1.83,,,user
1920927384,2025-12-31T11:32:47.167000,2025-12-31T11:34:37.945000,sell,0.01,0.01,XAUUSD,4312.392,4311.281,4313.279,4309.076,-0.11,0,1.11,,,user
1920901879,2025-12-31T11:14:02.534000,2025-12-31T11:18:47.783000,buy,0.01,0.01,XAUUSD,4314.92,4312.1,4312.1,4324.526,-0.11,0,-2.82,,,sl
1920879476,2025-12-31T11:02:12.041000,2025-12-31T11:04:13.260000,sell,0.01,0.01,XAUUSD,4307.242,4305.684,4309.611,4291.948,-0.11,0,1.56,,,user
1920838377,2025-12-31T10:37:04.495000,2025-12-31T11:01:13.013000,sell,0.01,0.01,XAUUSD,4307.755,4308.818,4311.436,4289.786,-0.11,0,-1.06,,,user
1920843315,2025-12-31T10:39:57.796000,2025-12-31T10:41:30.574000,sell,0.01,0.01,XAUUSD,4310.353,4308.76,4312.888,,-0.11,0,1.59,,,user
1920805178,2025-12-31T10:23:09.343000,2025-12-31T10:30:01.244000,sell,0.01,0.01,XAUUSD,4326.082,4318.48,4325.704,4318.48,-0.11,0,7.6,,,tp
1920788601,2025-12-31T10:10:25.095000,2025-12-31T10:16:56.896000,sell,0.01,0.01,XAUUSD,4328.34,4330.138,4329.943,,-0.11,0,-1.8,,,sl
1920779399,2025-12-31T10:05:00.413000,2025-12-31T10:08:06.693000,buy,0.02,0.02,XAUUSD,4330.075,4328.599,4328.599,4335.461,-0.22,0,-2.95,,,sl
1920758152,2025-12-31T09:51:50.188000,2025-12-31T10:02:50.048000,sell,0.01,0.01,XAUUSD,4328.29,4330.277,4332.349,4302.701,-0.11,0,-1.99,,,user
1684337644,2025-08-31T06:26:12.181000,2025-08-31T06:37:53.170000,sell,0.1,0.1,BTCUSD,108601.08,108658.98,,,-1.6,0,-5.79,,,user
1684333504,2025-08-31T06:15:45.463000,2025-08-31T06:25:07.889000,buy,0.3,0.3,BTCUSD,108792.95,108607.93000000001,,,-4.8,0,-55.51,,,user
1684332142,2025-08-31T06:09:16.741000,2025-08-31T06:15:14.699000,sell,0.4,0.4,BTCUSD,108698.09,108775.09,,,-6.4,0,-30.8,,,user
1684329890,2025-08-31T06:00:42.887000,2025-08-31T06:08:34.406000,buy,0.4,0.4,BTCUSD,108770.11,108724.69,108701.83,108886.85,-6.4,0,-18.16,,,user
1684324994,2025-08-31T05:43:42.296000,2025-08-31T06:08:34.403000,buy,0.1,0.1,BTCUSD,108755.62,108724.69,108690.05,108974.58,-1.6,0,-3.09,,,user
1684327779,2025-08-31T05:53:12.721000,2025-08-31T05:55:29.190000,buy,0.1,0.1,BTCUSD,108765.26,108725.14,108725.14,,-1.6,0,-4.02,,,sl
1684314429,2025-08-31T05:08:03.924000,2025-08-31T05:10:46.213000,buy,0.4,0.4,BTCUSD,108716.6,108699.7,108695.22,108841.68,-6.4,0,-6.76,,,user
1684311228,2025-08-31T05:00:26.238000,2025-08-31T05:07:27.410000,sell,0.4,0.4,BTCUSD,108795.33,108651.4,108727.64,108651.4,-6.4,0,57.57,,,tp
1684308869,2025-08-31T04:53:34.587000,2025-08-31T04:57:19.355000,sell,0.5,0.5,BTCUSD,108693.77,108797.52,108808.23,108613.15,-8,0,-51.87,,,user
1684305906,2025-08-31T04:46:24.239000,2025-08-31T04:50:48.407000,buy,0.1,0.1,BTCUSD,108797.38,108737.45,108737.45,108890.28,-1.6,0,-5.99,,,sl
1684304738,2025-08-31T04:44:41.612000,2025-08-31T04:46:02.707000,sell,0.1,0.1,BTCUSD,108745.4,108765.54000000001,108803.89,108617.97,-1.6,0,-2.01,,,user
1684287167,2025-08-31T04:04:01.938000,2025-08-31T04:32:49.438000,sell,0.02,0.02,BTCUSD,109120.49,108882.40000000001,109210.24,,-0.32,0,4.76,,,user
1684297767,2025-08-31T04:29:03.768000,2025-08-31T04:30:48.784000,sell,0.5,0.5,BTCUSD,108869.16,108780.71,108907.08,,-8,0,44.22,,,user
1684281400,2025-08-31T03:50:13.719000,2025-08-31T03:55:41.041000,buy,0.2,0.2,BTCUSD,109383.6,109273.21,109273.21,109543.12,-3.2,0,-22.08,,,sl
1684278793,2025-08-31T03:39:05.821000,2025-08-31T03:50:04.695000,sell,0.02,0.02,BTCUSD,109297.75,109373.85,109373.85,109209.34,-0.32,0,-1.52,,,sl
1684279108,2025-08-31T03:40:14.501000,2025-08-31T03:50:00.232000,sell,0.02,0.02,BTCUSD,109303.06,109370.27,109370.27,,-0.32,0,-1.35,,,sl
1684270799,2025-08-31T03:04:15.676000,2025-08-31T03:16:04.610000,buy,0.02,0.02,BTCUSD,109305.13,109249.87,109249.87,109543.12,-0.32,0,-1.1,,,sl
1684190979,2025-08-30T17:59:47.207000,2025-08-30T18:11:55.414000,buy,0.1,0.1,BTCUSD,108791.97,108762.82,108762.82,109403.5,-1.6,0,-2.92,,,sl
1684173513,2025-08-30T16:39:54.210000,2025-08-30T17:40:33.205000,buy,0.1,0.2,BTCUSD,108808.92,108766.47,108766.47,109883.9,-3.2,0,-4.24,,,sl
1684184673,2025-08-30T17:38:40.871000,2025-08-30T17:40:22.292000,buy,0.2,0.2,BTCUSD,108817.75,108778.95,108778.95,,-3.2,0,-7.76,,,sl
1684173513,2025-08-30T16:39:54.210000,2025-08-30T17:08:41.519000,buy,0.1,0.2,BTCUSD,108808.92,108867.56,108766.47,109883.9,,0,5.87,,,user
1684171395,2025-08-30T16:31:02.362000,2025-08-30T16:34:04.235000,buy,0.1,0.1,BTCUSD,108754.22,108716.6,108716.6,108981.98,-1.6,0,-3.76,,,sl
1684168399,2025-08-30T16:18:40.593000,2025-08-30T16:26:05.965000,buy,0.05,0.05,BTCUSD,108749.03,108694.64,108694.64,,-0.8,0,-2.72,,,sl
1684163643,2025-08-30T16:07:46.389000,2025-08-30T16:12:46.764000,buy,0.05,0.05,BTCUSD,108830.13,108712.26000000001,108642.14,,-0.8,0,-5.9,,,user
1684156793,2025-08-30T15:45:29.982000,2025-08-30T16:06:17.426000,buy,0.1,0.1,BTCUSD,108929.9,108796.01000000001,108782.5,,-1.6,0,-13.39,,,user
1684128887,2025-08-30T14:37:08.784000,2025-08-30T15:55:16.942000,buy,0.01,0.01,BTCUSD,108586.45,108860.11,108348.4,110708.85,-0.16,0,2.74,,,user
1684123195,2025-08-30T14:21:33.981000,2025-08-30T14:30:02.695000,buy,0.02,0.02,BTCUSD,108445.54,108587.9,108409.15,108587.9,-0.32,0,2.85,,,tp
1684097454,2025-08-30T13:10:46.798000,2025-08-30T13:26:33.706000,sell,0.01,0.01,BTCUSD,108271.39,108420.15,108420.15,106349.37,-0.16,0,-1.49,,,sl
1684058751,2025-08-30T11:27:29.936000,2025-08-30T11:52:23.946000,buy,0.05,0.1,BTCUSD,108553.19,108645.40000000001,108498.42,108930.12,-1.6,0,4.61,,,user
1684058751,2025-08-30T11:27:29.936000,2025-08-30T11:48:23.939000,buy,0.05,0.1,BTCUSD,108553.19,108672.05,108498.42,108930.12,,0,5.94,,,user
1684055668,2025-08-30T11:11:04.283000,2025-08-30T11:16:52.775000,buy,0.02,0.02,BTCUSD,108547.11,108488.09,108488.09,,-0.32,0,-1.18,,,sl
1684055803,2025-08-30T11:11:19.987000,2025-08-30T11:14:29.212000,buy,0.1,0.1,BTCUSD,108547.03,108540.43000000001,108488.25,108735.86,-1.6,0,-0.66,,,user
1684050881,2025-08-30T10:51:23.511000,2025-08-30T11:09:44.285000,sell,0.02,0.02,BTCUSD,108427.13,108517.22,108517.22,108336.48,-0.32,0,-1.8,,,sl
1684010804,2025-08-30T08:17:32.583000,2025-08-30T08:34:12.514000,buy,0.02,0.02,BTCUSD,108634.68,108597.04000000001,108494.35,110642.2,-0.32,0,-0.75,,,user
1683990187,2025-08-30T07:10:40.535000,2025-08-30T08:16:03.841000,buy,0.02,0.1,BTCUSD,108240.86,108636.56,108376,108708.86,-1.6,0,7.91,,,user
1683990187,2025-08-30T07:10:40.535000,2025-08-30T07:32:50.444000,buy,0.03,0.1,BTCUSD,108240.86,108418.3,108376,108708.86,,0,5.32,,,user
1683990187,2025-08-30T07:10:40.535000,2025-08-30T07:31:34.932000,buy,0.05,0.1,BTCUSD,108240.86,108329.43000000001,108376,108708.86,,0,4.43,,,user
1683942613,2025-08-30T05:04:48.506000,2025-08-30T05:31:40.115000,sell,0.01,0.01,BTCUSD,108394.16,108182.28,108520.38,107825.66,-0.16,0,2.12,,,user
1683924577,2025-08-30T04:09:16.741000,2025-08-30T04:32:32.123000,buy,0.01,0.01,BTCUSD,108506.26,108525.84,108525.84,108784.97,-0.16,0,0.2,,,sl
1682869000,2025-08-29T12:23:24.562000,2025-08-29T12:47:03.275000,buy,0.01,0.01,XAUUSD,3410.004,3415.624,3407.784,3415.624,-0.11,0,5.62,,,tp
1682918942,2025-08-29T12:35:36.669000,2025-08-29T12:38:19.565000,buy,0.01,0.01,BTCUSD,110645.03,110658.04000000001,110177.22,111422.03,-0.16,0,0.13,,,user
1682886109,2025-08-29T12:30:24.356000,2025-08-29T12:30:46.747000,buy,0.01,0.01,XAUUSD,3412.19,3411.704,,,-0.11,0,-0.49,,,user
1682864049,2025-08-29T12:21:08.065000,2025-08-29T12:21:57.358000,buy,0.1,0.1,XAUUSD,3410.266,3410.765,3409.022,,-1.1,0,4.99,,,user
1682857901,2025-08-29T12:18:28.121000,2025-08-29T12:20:03.531000,buy,0.05,0.05,XAUUSD,3408.15,3409.289,3406.887,,-0.55,0,5.7,,,user
1682804114,2025-08-29T11:48:11.184000,2025-08-29T11:52:25.864000,buy,0.05,0.05,XAUUSD,3409.092,3410.7000000000003,3407.665,,-0.55,0,8.04,,,user
1682782705,2025-08-29T11:31:10.193000,2025-08-29T11:37:45.066000,buy,0.05,0.05,XAUUSD,3407.319,3407.435,3407.435,,-0.55,0,0.58,,,sl
1682594582,2025-08-29T09:22:16.696000,2025-08-29T10:49:28.553000,buy,0.3,0.3,ETHUSD,4340.61,4347.63,4347.63,4396.51,-0.38,0,2.11,,,sl
1682620951,2025-08-29T09:37:41.110000,2025-08-29T10:32:13.897000,buy,0.02,0.02,XAUUSD,3407.796,3405.793,3405.793,3413.574,-0.22,0,-4,,,sl
1682664835,2025-08-29T10:10:42.024000,2025-08-29T10:17:47.085000,buy,0.03,0.03,BTCUSD,109934.32,109791.82,109791.82,110355.22,-0.48,0,-4.28,,,sl
1682592545,2025-08-29T09:20:44.144000,2025-08-29T10:09:28.607000,buy,0.03,0.03,BTCUSD,109753.41,109961.63,109556.56,110677.29,-0.48,0,6.25,,,user
1682522810,2025-08-29T08:41:20.992000,2025-08-29T08:51:22.683000,sell,0.01,0.01,BTCUSD,109842.59,109756.69,110015.85,109473.5,-0.16,0,0.86,,,user
1682525989,2025-08-29T08:43:27.551000,2025-08-29T08:50:38.921000,buy,0.02,0.02,XAUUSD,3412.568,3411.725,3411.881,3414.463,-0.22,0,-1.69,,,sl
1682493140,2025-08-29T08:21:45.062000,2025-08-29T08:32:07.324000,sell,0.02,0.02,XAUUSD,3412.795,3412.694,3414.079,3409.399,-0.22,0,0.2,,,user
1682466262,2025-08-29T08:11:08.861000,2025-08-29T08:12:44.541000,buy,0.05,0.05,XAUUSD,3413.005,3413.943,3412.292,,-0.55,0,4.69,,,user
1682452958,2025-08-29T08:04:06.252000,2025-08-29T08:06:08.161000,buy,0.05,0.05,XAUUSD,3412.723,3413.061,3411.441,,-0.55,0,1.69,,,user
1681897150,2025-08-29T00:37:49.564000,2025-08-29T07:15:42.933000,buy,0.03,0.03,USDJPY,146.956,147.129,146.55,147.762,-0.21,0,3.53,,,user
1682268694,2025-08-29T06:32:05.971000,2025-08-29T06:43:23.673000,sell,0.02,0.02,XAUUSD,3410.888,3408.596,3411.707,3408.259,-0.22,0,4.59,,,user
1682222836,2025-08-29T05:53:18.755000,2025-08-29T06:29:54.914000,buy,0.05,0.05,XAUUSD,3410.109,3411.617,3410.31,3415.621,-0.55,0,7.54,,,user
1682228736,2025-08-29T05:58:05.095000,2025-08-29T06:04:41.681000,buy,0.05,0.05,XAUUSD,3410.506,3412.4320000000002,3409.739,,-0.55,0,9.63,,,user
1682152804,2025-08-29T04:52:12.374000,2025-08-29T05:18:15.520000,buy,0.05,0.05,XAUUSD,3409.069,3407.443,3407.443,3413.832,-0.55,0,-8.13,,,sl
1682055575,2025-08-29T03:15:19.109000,2025-08-29T04:38:26.818000,buy,0.1,0.1,USDJPY,146.967,146.92,146.92,147.091,-0.7,0,-3.2,,,sl
1682083988,2025-08-29T03:44:34.818000,2025-08-29T03:53:35.994000,sell,0.05,0.05,XAUUSD,3412.628,3412.578,3412.578,3411.267,-0.55,0,0.25,,,sl
1682067090,2025-08-29T03:29:32.103000,2025-08-29T03:32:02.328000,buy,0.05,0.05,XAUUSD,3412.087,3411.451,3411.451,3414.352,-0.55,0,-3.18,,,sl
1681897945,2025-08-29T00:39:58.942000,2025-08-29T03:06:49.776000,buy,0.09,0.09,NZDUSD,0.58853,0.5887300000000001,0.58797,0.58984,-1.17,0,1.8,,,user
1682034704,2025-08-29T02:55:23.210000,2025-08-29T03:05:19.609000,sell,0.05,0.05,XAUUSD,3411.937,3411.969,3412.573,3407.413,-0.55,0,-0.16,,,user
1681917788,2025-08-29T01:04:16.260000,2025-08-29T01:09:01.174000,sell,0.05,0.05,XAUUSD,3412.486,3412.131,3413.583,,-0.55,0,1.77,,,user
1681908160,2025-08-29T00:54:50.778000,2025-08-29T00:59:06.325000,buy,0.02,0.02,XAUUSD,3414.941,3413.846,3413.846,3418.137,-0.22,0,-2.19,,,sl
1681902546,2025-08-29T00:47:04.083000,2025-08-29T00:48:21.933000,sell,0.05,0.05,XAUUSD,3413.47,3414.146,3414.121,3411.11,-0.55,0,-3.38,,,sl
1681880059,2025-08-29T00:22:05.830000,2025-08-29T00:23:28.905000,sell,0.02,0.02,XAUUSD,3414.395,3414.1420000000003,3415.797,,-0.22,0,0.51,,,user
1681864256,2025-08-29T00:05:03.847000,2025-08-29T00:20:19.622000,buy,0.02,0.02,XAUUSD,3416.314,3414.944,3414.944,3422.782,-0.22,0,-2.74,,,sl
1681868535,2025-08-29T00:09:19.422000,2025-08-29T00:19:17.496000,buy,0.02,0.02,XAUUSD,3416.826,3415.898,3415.898,3422.584,-0.22,0,-1.85,,,sl
1681741629,2025-08-28T18:45:29.433000,2025-08-28T19:02:43.869000,sell,0.02,0.02,BTCUSD,112550.03,112501.46,112506.73,,-0.32,0,0.97,,,user
1681743222,2025-08-28T18:46:02.620000,2025-08-28T19:02:12.176000,sell,0.02,0.02,BTCUSD,112482.07,112505.2,112505.2,,-0.32,0,-0.46,,,sl
1681736665,2025-08-28T18:37:07.765000,2025-08-28T18:40:47.387000,sell,0.02,0.02,BTCUSD,112578.36,112727.16,112727.16,,-0.32,0,-2.97,,,sl
1681721683,2025-08-28T18:17:35.069000,2025-08-28T18:30:41.458000,buy,0.02,0.02,BTCUSD,112391.33,112677.08,112315.7,112677.08,-0.32,0,5.71,,,tp
1681700981,2025-08-28T17:53:06.890000,2025-08-28T18:24:59.039000,buy,0.02,0.02,XAUUSD,3418.643,3417.774,3414.856,3437.195,-0.22,0,-1.74,,,user
1681722971,2025-08-28T18:19:07.911000,2025-08-28T18:22:13.568000,buy,0.02,0.02,BTCUSD,112377.82,112462.85,112290.74,112661.39,-0.32,0,1.7,,,user
1681679015,2025-08-28T17:29:13.386000,2025-08-28T18:00:39.525000,buy,0.02,0.02,BTCUSD,112558.05,112351.72,112351.72,113157.36,-0.32,0,-4.13,,,sl
1681688426,2025-08-28T17:42:06.908000,2025-08-28T17:54:03.686000,buy,0.02,0.02,BTCUSD,112617.77,112382.71,112382.71,113222.87,-0.32,0,-4.71,,,sl
1681167833,2025-08-28T13:23:41.380000,2025-08-28T13:28:44.544000,buy,0.02,0.02,BTCUSD,113485.52,113055.06,113055.06,114695.04,-0.32,0,-8.61,,,sl
1681026464,2025-08-28T12:36:23.551000,2025-08-28T12:53:00.791000,sell,0.02,0.02,XAUUSD,3402.789,3398.595,3405.143,3398.595,-0.22,0,8.39,,,tp
1680992729,2025-08-28T12:31:34.983000,2025-08-28T12:32:43.178000,sell,0.03,0.03,XAUUSD,3401.561,3404.75,3404.54,3396.902,-0.33,0,-9.57,,,sl
1680981058,2025-08-28T12:30:02.936000,2025-08-28T12:31:22.080000,sell,0.03,0.03,XAUUSD,3405.239,3402.96,3406.698,3397.107,-0.33,0,6.84,,,user
1680945123,2025-08-28T12:10:12.912000,2025-08-28T12:22:11.579000,buy,0.04,0.04,XAUUSD,3407.663,3408.309,3405.787,3411.677,-0.44,0,2.59,,,user
